Churn,AccountWeeks,ContractRenewal,DataPlan,DataUsage,CustServCalls,DayMins,DayCalls,MonthlyCharge,OverageFee,RoamMins,RegistrationDate
no,,yess,1,2.27,2.0,32.4,122,40.19,6.56,8.7,2023-07-01
No,6.0,yess,0,0.0,2.0,179.2,111,46.74,8.78,10.0,2026-07-14
No ,189.0,yes,0,0.0,1.0,88.0,76,39.83,13.09,9.1,2023-01-10
NO,93.0,YES,0,0.0,1.0,37.0,61,21.77,9.0,12.6,2024-11-09
false,50.0,yes,0,0.0,1.0,272.0,120,64.41,9.86,5.9,2025-09-09
No,54.0,yes,0,0.0,0.0,95.4,92,29.02,7.48,10.1,2025-08-09
SI,63.0,YES,0,0.0,6.0,161.5,78,42.52,8.99,9.6,2025-06-13
No,191.0,Yes,0,0.0,0.0,173.0,64,,9.83,10.6,2022-12-24
1,97.0,yes,1,2.85,3.0,228.5,102,81.65,9.06,10.5,2024-10-15
no,0.0,NO,1,2.17,3.0,223.3,118,78.41,10.36,8.2,2026-08-26
No,151.0,yess,0,0.0,3.0,193.4,98,62.46,15.66,7.8,2023-10-02
false,21.0,yes,0,0.0,3.0,227.5,92,53.09,7.62,9.3,2026-03-29
NO,20.0,yes,0,0.0,0.0,158.5,137,48.54,11.12,11.4,2026-04-07
NO,28.0,yes,0,0.0,1.0,220.5,125,49.67,7.3,9.6,2026-02-11
NO,174.0,YES,0,0.0,0.0,208.9,117,50.08,8.22,9.3,2023-04-27
NO,71.0,yes,0,0.0,3.0,146.1,92,44.65,10.93,10.8,2025-04-17
false,167.0,yes,0,0.0,3.0,144.4,87,39.46,7.08,10.9,2023-06-10
NO,20.0,YES,0,0.0,1.0,181.7,104,56.25,12.61,11.1,2026-04-06
0,99.0,yes ,1,2.97,2.0,153.6,86,74.24,10.71,10.8,2024-09-29
No,194.0,yes,0,0.0,2.0,143.7,95,37.87,7.25,10.1,2022-12-03
no,67.0,Yes,1,2.42,2.0,143.6,112,65.74,9.79,8.9,2025-05-12
NO,30.0,yes,0,0.0,2.0,219.9,114,56.04,10.25,12.0,2026-01-27
No,45.0,yes,0,0.0,1.0,218.1,139,52.35,7.91,11.1,2025-10-17
false,186.0,Yes,1,2.74,0.0,152.9,109,74.24,10.92,10.3,2023-01-30
YES,205.0,yes,0,0.0,4.0,140.1,120,44.18,11.49,7.8,2022-09-17
False,26.0,yes,0,0.0,2.0,194.5,121,57.47,12.11,9.7,2026-02-27
No,92.0,yes,0,0.0,0.0,185.3,120,41.83,6.08,10.9,2024-11-20
True,89.0,Yes,0,0.0,,63.1,89,25.28,8.51,5.7,2024-12-07
NO,147.0,YES,0,0.0,0.0,158.1,94,50.47,13.95,8.8,2023-10-29
False,32.0,yes ,0,0.0,1.0,183.6,101,52.36,9.75,7.7,2026-01-14
0,171.0,no,0,0.0,2.0,183.8,102,44.21,7.03,10.5,2023-05-17
No,168.0,yes ,1,3.99,0.0,213.1,101,97.29,11.93,14.7,2023-06-06
False,159.0,yes,0,0.0,3.0,213.4,114,,10.8,11.9,2023-08-10
False,141.0,yes,0,0.0,0.0,135.8,114,38.43,8.27,9.6,2023-12-13
no,172.0,yes,0,0.0,3.0,205.0,125,49.85,8.97,12.4,2023-05-07
si,3.0,yes,0,0.0,0.0,274.7,91,66.73,11.52,6.2,2026-08-05
Si,153.0,yes,0,0.0,0.0,336.4,117,74.25,9.6,10.5,2023-09-17
False,165.0,yes,0,0.0,0.0,246.1,101,52.45,6.43,11.7,2023-06-26
No ,160.0,yes,0,0.0,1.0,233.0,109,56.38,9.35,9.2,2023-07-29
No ,31.0,yes,0,0.0,2.0,171.6,103,51.46,12.53,10.6,2026-01-23
NO,17.0,NO,1,2.98,1.0,174.3,106,73.09,7.59,11.1,2026-04-26
No ,99.0,yess,0,0.0,2.0,169.6,103,50.94,12.86,10.5,2024-09-30
No,166.0,yes ,1,2.46,1.0,202.8,87,80.67,13.02,9.2,2023-06-22
No ,100.0,yes ,1,2.86,1.0,142.4,104,61.08,4.37,10.9,2024-09-25
No,11.0,YES,0,0.0,1.0,166.3,112,52.83,12.8,5.3,2026-06-06
0,37.0,yess,1,2.63,1.0,148.6,67,67.31,8.68,10.1,2025-12-07
si,204.0,Yes,0,0.0,0.0,222.9,98,52.32,8.4,4.7,2022-09-30
NO,184.0,yes,0,0.0,3.0,162.9,119,51.92,14.37,7.0,2023-02-17
No,66.0,yes,1,4.19,0.0,236.5,73,101.01,11.38,15.4,2025-05-23
0,120.0,yes,0,0.0,1.0,169.3,121,42.99,8.35,12.2,2024-05-09
No,86.0,yes ,1,2.89,1.0,76.5,140,,10.33,10.8,2025-01-01
No,157.0,yes ,0,0.0,1.0,176.7,111,54.13,14.35,13.1,2023-08-20
false,129.0,yes,1,3.45,2.0,180.9,112,84.97,10.91,12.7,2024-03-08
No,2.0,Yes,1,2.75,1.0,287.4,79,103.66,15.74,10.4,2026-08-13
No ,196.0,yes,0,0.0,2.0,102.4,88,39.01,12.3,9.2,
No,129.0,yes ,0,0.0,0.0,131.0,83,35.79,7.82,13.3,2024-03-07
NO,85.0,yes ,1,2.74,0.0,268.3,113,92.44,11.07,10.4,2025-01-08
si,2.0,no,0,0.0,2.0,138.4,95,35.38,6.74,12.3,2026-08-10
No,55.0,yes,1,2.63,2.0,218.0,60,81.21,9.85,9.9,2025-08-07
SI,174.0,yes,0,0.0,,323.8,48,76.48,11.89,13.1,2023-04-27
false,179.0,yes ,0,0.0,2.0,235.3,102,56.32,9.83,8.4,2023-03-22
no,25.0,yes,0,0.0,0.0,159.7,103,49.69,13.06,14.0,2026-03-03
No,143.0,yes,1,,3.0,106.7,116,60.08,11.83,7.8,2023-11-26
YES,2.0,No,0,0.0,3.0,252.6,120,61.62,10.55,11.9,2026-08-14
false,180.0,yes,0,0.0,1.0,116.3,106,31.61,6.26,9.3,2023-03-13
false,30.0,yes ,0,0.0,1.0,135.0,103,,7.68,9.4,2026-01-28
False,111.0,YES,0,0.0,2.0,251.4,123,60.61,9.97,9.7,2024-07-11
No,33.0,yes,0,0.0,2.0,114.7,79,31.62,7.39,10.8,2026-01-04
0,119.0,yes ,0,0.0,1.0,167.3,106,45.66,9.99,10.6,2024-05-17
No,97.0,yes,1,2.22,0.0,175.0,94,69.31,9.72,8.3,2024-10-14
No,54.0,no,0,0.0,1.0,63.0,112,27.51,10.05,8.9,2025-08-11
false,,yes ,0,0.0,1.0,189.5,100,55.95,12.3,9.5,2024-12-23
No,79.0,yes,0,0.0,0.0,212.4,103,53.17,10.3,5.6,2025-02-17
Yes,3.0,yess,0,0.0,2.0,237.6,92,,9.88,11.4,2026-08-02
No ,202.0,yes ,1,2.03,2.0,193.2,105,65.87,7.66,7.3,2022-10-12
false,130.0,yes,0,0.0,1.0,166.0,90,47.45,8.29,8.5,2024-02-28
0,141.0,yes,0,0.0,1.0,240.0,87,52.91,7.05,7.2,2023-12-15
No,161.0,yess,0,0.0,2.0,103.2,103,,6.93,9.0,2023-07-26
No ,135.0,Yes,0,0.0,1.0,170.9,86,52.71,14.0,12.4,2024-01-24
No,63.0,yess,0,0.0,1.0,190.5,110,47.16,8.31,13.9,2025-06-12
no,160.0,yess,0,0.0,3.0,231.3,118,59.27,11.25,7.6,2023-08-04
no,75.0,yes,0,0.0,2.0,186.2,89,54.03,12.7,12.2,2025-03-20
No,169.0,yes,1,4.48,2.0,209.9,109,91.1,5.75,16.7,2023-05-31
false,171.0,yes,0,0.0,0.0,218.4,108,,12.13,12.1,2023-05-13
False,57.0,yes,0,0.0,2.0,181.4,102,59.4,16.62,11.2,2025-07-24
0,17.0,yess,0,0.0,1.0,116.7,132,41.68,12.32,5.3,2026-04-25
False,121.0,Yes,0,0.0,1.0,191.4,108,,7.57,7.4,2024-04-29
NO,38.0,yes,0,0.0,3.0,210.7,109,51.92,9.37,6.3,2025-12-02
YES,114.0,yes ,0,0.0,2.0,316.4,102,67.97,8.5,5.6,2024-06-21
Si,136.0,yes ,0,,1.0,264.8,124,65.32,12.28,14.9,2024-01-17
No,,yes ,1,3.01,2.0,67.2,115,64.96,12.15,11.5,
no,32.0,yes,0,0.0,1.0,144.5,115,38.15,7.51,8.7,2026-01-10
si,35.0,no,0,0.0,1.0,180.7,72,45.8,8.44,13.7,2025-12-24
NO,115.0,yess,1,2.26,3.0,88.5,100,65.47,16.3,8.2,2024-06-12
No,192.0,yes,0,0.0,2.0,195.5,121,48.31,8.98,6.9,2022-12-23
False,105.0,YES,0,0.0,1.0,279.9,65,61.76,8.07,0.0,2024-08-18
0,192.0,yes,1,1.75,1.0,27.1,118,39.43,10.3,6.6,2022-12-19
No,95.0,yes ,0,0.0,2.0,136.0,84,48.32,14.38,14.1,2024-10-28
No ,62.0,yes,0,0.0,3.0,197.8,96,53.21,10.09,8.7,2025-06-20
No,177.0,yes,1,4.09,0.0,186.3,123,94.15,13.05,15.0,2023-04-03
No,120.0,yes,1,2.59,1.0,205.5,64,75.26,7.59,9.9,2024-05-04
No ,107.0,yes,0,0.0,2.0,221.4,100,55.61,8.02,6.8,2024-08-09
true,137.0,no,0,,2.0,130.6,113,47.2,12.99,9.5,2024-01-07
Yes,162.0,yes,0,0.0,7.0,136.8,88,40.55,9.54,9.3,2023-07-20
No,148.0,yes ,0,0.0,0.0,204.3,92,52.05,9.92,13.1,2023-10-21
No,207.0,yes,0,0.0,1.0,158.9,104,49.66,13.44,10.1,2022-09-04
No,82.0,yess,0,0.0,2.0,133.8,97,36.53,8.1,8.1,2025-01-31
False,138.0,no,0,0.0,3.0,224.7,80,59.2,12.17,12.2,2023-12-31
0,3.0,no,0,0.0,1.0,234.5,131,60.07,9.76,8.6,2026-08-04
NO,117.0,yes ,0,0.0,1.0,211.3,89,50.99,8.76,8.9,2024-05-26
NO,14.0,n0,1,3.01,1.0,172.7,137,74.45,9.3,10.8,2026-05-16
0,,yes,0,0.0,2.0,182.0,112,47.18,7.53,9.8,2025-12-26
0,187.0,yes,1,2.9,0.0,224.0,134,88.99,12.96,10.8,2023-01-23
No,63.0,yess,0,0.0,3.0,148.3,93,35.2,5.74,11.5,2025-06-11
false,54.0,yes,0,0.0,0.0,173.7,77,42.77,7.07,11.0,2025-08-12
No,73.0,yess,0,0.0,1.0,159.1,99,44.76,8.55,5.6,2025-03-30
No ,134.0,YES,1,2.89,3.0,272.0,98,93.96,9.59,10.9,2024-02-02
No,39.0,yes,0,0.0,0.0,104.7,128,40.16,12.88,8.7,2025-11-25
No,136.0,YES,0,0.0,0.0,203.5,84,,8.5,6.0,2024-01-15
False,123.0,yess,1,,1.0,141.7,72,,9.77,16.1,2024-04-17
False,150.0,yes,1,3.18,1.0,162.8,107,85.55,15.66,11.7,2023-10-07
yes,90.0,no,0,0.0,1.0,163.6,84,53.83,14.26,11.5,2024-12-03
False,142.0,yes ,0,0.0,1.0,143.1,90,39.15,6.74,13.1,2023-12-08
false,204.0,YES,0,0.0,1.0,178.7,62,54.21,12.59,8.6,2022-09-26
0,187.0,yes ,1,2.28,3.0,196.2,83,79.44,13.42,8.3,2023-01-27
No ,,yes,0,0.0,2.0,210.0,83,52.01,9.36,16.4,2022-10-18
0,83.0,yes,0,0.0,0.0,157.1,92,45.56,10.38,10.0,2025-01-21
No,127.0,Yes,1,3.48,0.0,179.5,129,86.06,12.11,13.0,2024-03-16
no,202.0,yes,1,3.48,3.0,146.2,146,79.24,11.06,13.2,2022-10-13
No ,4.0,no,0,0.0,1.0,170.8,113,52.85,13.8,8.6,2026-07-30
0,,no,0,0.0,2.0,221.6,99,57.33,12.15,10.0,2024-03-27
False,207.0,yes,0,0.0,0.0,194.3,99,45.74,7.44,6.8,2022-09-04
no,,yes,1,2.76,0.0,214.1,61,79.51,9.11,10.3,
false,,yes,0,0.0,0.0,118.8,100,34.12,8.0,11.5,2025-08-08
Yes,26.0,no,0,0.0,1.0,215.5,60,54.15,10.4,17.6,2026-02-26
0,197.0,yes,0,0.0,1.0,96.5,102,37.78,12.44,9.6,2022-11-15
no,202.0,yes,0,0.0,1.0,182.7,142,53.65,12.31,8.9,2022-10-12
False,160.0,yes ,0,0.0,0.0,257.5,72,62.21,11.09,9.8,2023-07-29
NO,76.0,n0,0,0.0,0.0,207.1,134,50.47,8.4,10.8,2025-03-12
SI,38.0,yes,0,0.0,0.0,247.1,90,60.81,10.92,14.0,2025-12-05
No ,18.0,yes ,1,2.71,0.0,199.3,98,76.13,8.36,10.0,
Yes,151.0,yes,1,1.69,2.0,245.3,105,78.9,11.38,6.0,2023-10-03
No ,138.0,yes,0,0.0,2.0,165.1,100,42.03,7.82,17.3,2024-01-02
false,154.0,yess,0,0.0,3.0,199.6,107,50.32,9.48,13.2,2023-09-15
Yes,50.0,Yes,0,0.0,4.0,303.6,136,77.29,12.9,13.4,2025-09-12
No,94.0,YES,0,0.0,1.0,134.4,86,39.08,8.27,15.4,2024-11-05
no,19.0,yes ,0,0.0,3.0,235.2,97,57.4,9.85,7.0,2026-04-12
No,197.0,Yes,0,0.0,1.0,222.3,115,57.56,10.72,0.2,2022-11-13
No,191.0,yes ,0,0.0,1.0,185.0,109,41.54,5.72,13.1,2022-12-24
True,58.0,NO,0,0.0,1.0,215.3,60,55.42,10.33,17.4,2025-07-17
No,103.0,yess,0,0.0,1.0,112.9,76,38.27,10.57,10.7,2024-09-06
si,145.0,yes,0,0.0,1.0,232.6,102,65.41,14.04,1.9,2023-11-12
No,139.0,YES,0,0.0,0.0,104.1,149,39.51,12.68,14.9,2023-12-28
0,178.0,yes,1,2.51,0.0,213.2,109,80.04,10.7,9.5,2023-03-28
No,1.0,Yes,0,0.0,,205.8,92,50.76,8.86,12.6,2026-08-21
No,46.0,yes,0,0.0,2.0,244.2,97,48.8,4.4,13.7,2025-10-05
Yes,145.0,yes,0,0.0,5.0,112.1,92,28.21,5.79,14.0,2023-11-17
Yes,135.0,yes,0,0.0,0.0,273.5,96,,11.74,7.6,2024-01-21
No ,200.0,yes,0,0.0,0.0,164.8,102,51.16,13.12,13.3,2022-10-28
yes,119.0,no,0,0.0,3.0,135.0,106,39.33,9.14,12.9,2024-05-14
no,6.0,yes ,0,0.0,1.0,205.3,71,48.71,7.71,12.4,2026-07-17
No,161.0,YES,1,2.54,0.0,126.7,110,56.34,5.35,9.1,2023-07-23
No ,26.0,yes,0,0.0,2.0,229.9,129,54.61,7.21,14.2,2026-02-25
No,54.0,Yes,0,0.0,1.0,146.8,105,38.56,5.03,11.1,2025-08-09
0,15.0,yes,1,3.82,2.0,147.3,72,79.93,9.67,14.3,2026-05-12
NO,67.0,yes ,0,0.0,1.0,279.7,106,58.18,4.01,10.0,2025-05-15
false,32.0,Yes,0,0.0,1.0,244.7,126,54.96,7.5,11.8,2026-01-16
0,,NO,0,0.0,2.0,179.3,126,45.67,8.85,11.9,2026-03-09
No,5.0,yes,0,0.0,2.0,192.2,98,56.53,12.51,7.0,2026-07-22
NO,102.0,yes,0,0.0,1.0,180.4,59,55.18,12.53,8.5,2024-09-12
No ,75.0,YES,0,0.0,0.0,231.7,131,49.87,5.82,16.1,2025-03-16
No,87.0,yes,0,0.0,1.0,145.1,115,48.26,11.58,9.0,2024-12-27
0,,YES,1,2.27,0.0,179.1,111,73.83,11.7,8.4,2025-07-27
No ,98.0,yes,1,2.12,1.0,140.5,94,,8.43,7.8,2024-10-08
0,137.0,yes,0,0.0,1.0,237.4,71,59.53,9.32,8.8,2024-01-12
YES,200.0,YES,0,0.0,1.0,321.3,58,68.0,7.78,10.4,2022-10-25
0,113.0,yes,1,2.44,2.0,192.5,82,71.21,8.28,9.1,2024-06-25
No,86.0,yes,0,0.0,1.0,75.5,96,28.47,9.12,12.3,2024-12-30
0,138.0,yes,0,0.0,1.0,176.6,81,54.23,11.63,9.1,2024-01-01
YES,23.0,NO,0,0.0,4.0,142.2,61,40.02,8.95,6.2,2026-03-14
No,94.0,YES,1,1.1,0.0,219.8,82,63.83,8.31,4.4,2024-11-02
No,175.0,yes ,0,0.0,2.0,154.7,118,40.26,8.67,11.9,2023-04-15
No,97.0,Yes,0,0.0,2.0,120.1,93,40.16,11.31,8.7,2024-10-17
No,54.0,yes ,0,0.0,3.0,207.4,88,49.26,8.42,16.0,2025-08-12
no,110.0,YES,0,0.0,2.0,163.9,92,46.07,10.27,15.2,2024-07-19
no,58.0,yes,0,0.0,3.0,211.7,97,53.42,9.46,8.5,2025-07-16
No,153.0,YES,0,0.0,3.0,192.5,94,54.82,12.34,7.3,2023-09-18
No ,127.0,yes,0,0.0,1.0,197.4,83,57.03,13.51,10.8,2024-03-22
0,123.0,yes,0,0.0,0.0,264.1,118,60.87,9.02,10.4,2024-04-16
No,123.0,yess,0,0.0,3.0,134.5,103,38.36,8.81,7.3,2024-04-19
0,180.0,YES,1,2.07,3.0,105.6,115,60.03,11.89,7.7,2023-03-11
No,19.0,yes,0,0.0,1.0,120.1,131,42.55,12.38,5.3,2026-04-13
false,190.0,yes,0,0.0,2.0,148.7,103,48.26,11.1,12.6,2022-12-31
NO,,Yes,0,0.0,1.0,161.4,105,49.41,12.13,10.9,2025-03-20
0,48.0,yes,0,0.0,3.0,154.6,110,43.33,8.61,10.6,2025-09-20
true,8.0,YES,0,0.0,1.0,271.8,106,70.23,11.39,10.1,2026-07-02
No ,13.0,yes,1,3.15,3.0,116.1,120,70.96,11.85,11.7,2026-05-23
false,51.0,no,0,,1.0,152.6,77,46.98,10.59,7.9,2025-09-01
True,129.0,yess,0,0.0,4.0,165.7,62,44.59,9.03,6.7,2024-03-08
False,140.0,yes,0,0.0,1.0,204.2,77,0.0,10.26,9.0,2023-12-17
false,1.0,yes,0,0.0,1.0,164.2,103,45.87,9.89,11.9,2026-08-21
No,49.0,yes,0,0.0,3.0,134.1,90,40.89,9.82,0.1,2025-09-18
True,22.0,yes,0,0.0,3.0,187.5,80,47.87,9.22,10.6,2026-03-25
No,137.0,yes,1,2.13,2.0,168.4,62,68.95,11.77,7.7,2024-01-10
No ,22.0,Yes,0,0.0,0.0,207.3,108,45.28,6.2,5.7,2026-03-21
NO,144.0,yes,0,0.0,1.0,226.9,89,,8.16,11.8,2023-11-21
si,125.0,n0,0,0.0,2.0,122.3,110,39.76,10.95,10.8,2024-03-30
0,175.0,yes,0,0.0,4.0,227.8,105,58.24,10.61,10.3,2023-04-19
NO,133.0,yes,0,,2.0,203.3,82,47.89,7.58,9.7,2024-02-08
false,69.0,YES,1,2.45,1.0,173.8,92,74.1,11.7,8.9,2025-05-02
NO,27.0,Yes,1,3.55,2.0,114.3,151,76.48,12.15,13.2,2026-02-15
False,91.0,yes,1,,0.0,69.3,122,45.51,5.07,9.1,2024-11-23
No,96.0,Yes,1,2.06,3.0,115.9,65,63.08,12.99,7.7,2024-10-22
No ,119.0,yes ,0,0.0,1.0,202.8,77,53.06,10.34,9.0,2024-05-14
No,114.0,yes ,0,0.0,1.0,183.5,113,47.43,9.95,18.1,2024-06-18
false,87.0,yes,0,0.0,1.0,161.2,93,48.98,12.06,6.6,2024-12-27
No,121.0,Yes,0,0.0,3.0,197.0,125,46.05,6.62,7.3,2024-04-29
No,120.0,yess,0,0.0,2.0,95.0,96,32.92,9.66,9.7,2024-05-05
No,89.0,yes,0,0.0,2.0,188.7,64,,7.07,10.0,2024-12-11
No ,118.0,yes ,1,2.93,0.0,224.0,135,90.81,13.09,10.7,2024-05-24
True,78.0,no,0,0.0,4.0,188.2,115,48.91,10.05,13.7,2025-02-27
true,143.0,no,1,3.93,1.0,270.8,111,104.38,10.76,14.2,2023-11-28
No,148.0,yess,0,0.0,0.0,171.6,85,50.6,12.64,6.0,2023-10-21
No,93.0,yes,1,2.56,2.0,170.6,135,70.61,8.74,9.6,2024-11-13
yes,196.0,yes,0,0.0,4.0,168.3,72,47.18,10.7,10.4,2022-11-19
No,79.0,Yes,0,0.0,1.0,144.7,104,37.67,4.83,10.8,2025-02-18
NO,98.0,yess,1,3.91,1.0,129.9,108,81.87,11.68,14.5,2024-10-07
no,118.0,yes ,0,0.0,0.0,196.2,87,50.21,7.87,6.8,2024-05-24
No ,46.0,YES,1,2.4,1.0,159.3,104,78.97,16.22,9.0,2025-10-06
0,60.0,yes,0,0.0,1.0,204.8,69,54.85,11.18,9.5,2025-07-01
false,131.0,yes,0,0.0,1.0,188.3,98,57.21,12.39,9.4,2024-02-19
NO,13.0,yess,0,0.0,0.0,204.1,89,50.92,9.24,8.4,2026-05-25
Si,197.0,no,0,0.0,1.0,89.4,94,44.25,17.12,8.0,2022-11-13
False,152.0,yes,1,3.72,1.0,161.7,123,81.99,9.96,13.8,2023-09-25
False,21.0,yes ,0,0.0,1.0,166.5,119,44.74,10.02,9.7,2026-04-03
yes,206.0,yes ,0,0.0,2.0,314.0,102,72.01,10.82,12.9,2022-09-16
False,193.0,yes,0,0.0,1.0,146.1,54,39.68,8.57,5.7,2022-12-11
No,15.0,Yes,1,2.59,2.0,211.9,73,85.39,12.89,9.5,2026-05-11
false,65.0,YES,1,2.4,0.0,189.9,100,78.78,13.09,8.9,2025-05-29
No,60.0,yes ,0,0.0,1.0,202.2,77,53.71,10.44,9.1,2025-07-01
YES,61.0,yes ,0,0.0,,110.2,87,41.3,12.98,13.3,2025-06-25
No,42.0,yes,1,2.38,1.0,242.2,95,78.77,7.94,9.0,2025-11-07
No ,178.0,yes ,0,0.0,1.0,92.4,104,34.0,10.38,5.5,2023-03-25
No,152.0,yess,1,1.77,1.0,26.2,119,39.85,10.3,6.5,2023-09-29
YES,207.0,Yes,0,0.0,5.0,131.5,127,35.25,8.02,5.7,2022-09-03
False,159.0,YES,0,0.0,2.0,186.6,88,54.23,12.83,12.3,2023-08-06
no,188.0,yes,0,0.0,2.0,202.6,101,50.15,9.73,13.3,2023-01-20
false,95.0,YES,0,0.0,0.0,122.3,69,45.76,13.61,3.5,2024-11-01
no,98.0,Yes,0,0.0,0.0,139.4,113,43.82,12.14,8.6,2024-10-05
No,169.0,yess,0,0.0,0.0,190.3,99,43.52,5.8,7.5,2023-06-02
No,155.0,Yes,0,0.0,1.0,69.8,74,30.43,10.43,9.9,2023-09-02
No,14.0,yes,0,0.0,3.0,218.0,86,53.28,9.13,6.3,2026-05-22
SI,99.0,no,0,0.0,2.0,286.9,61,64.42,9.4,11.0,2024-09-29
No,193.0,YES,0,0.0,3.0,188.9,102,48.85,9.01,9.8,2022-12-15
no,125.0,yes,1,3.22,1.0,121.9,104,72.88,10.93,12.0,2024-04-04
true,179.0,NO,0,0.0,0.0,233.7,132,60.31,12.18,11.0,2023-03-21
true,94.0,yes,1,2.81,,171.6,93,68.08,6.05,10.3,2024-11-03
True,86.0,yes,0,0.0,6.0,167.8,76,42.92,6.63,9.5,2025-01-01
0,41.0,yess,0,0.0,2.0,207.9,67,56.48,12.49,11.1,2025-11-12
si,162.0,Yes,0,0.0,2.0,328.1,68,74.69,8.79,10.7,2023-07-19
No,40.0,Yes,1,2.44,0.0,161.5,113,70.34,10.39,9.3,2025-11-19
No,76.0,yess,0,,1.0,143.7,93,42.69,10.4,10.8,2025-03-08
No,166.0,yes,0,0.0,3.0,216.3,87,48.71,6.56,9.4,2023-06-17
No,186.0,yess,0,0.0,1.0,89.0,130,30.29,8.57,5.4,2023-02-03
no,5.0,yes ,0,0.0,0.0,190.8,94,53.32,12.39,10.5,2026-07-24
yes,155.0,YES,0,0.0,2.0,295.9,141,69.99,11.23,12.9,2023-09-06
NO,164.0,yes,1,2.85,0.0,261.2,123,87.52,8.24,10.7,2023-07-07
No ,50.0,yess,0,0.0,1.0,160.5,73,32.81,3.16,10.2,2025-09-12
No,159.0,yes,0,0.0,3.0,147.2,114,38.83,8.2,7.2,2023-08-11
Yes,49.0,yes ,0,0.0,1.0,286.2,72,68.65,11.12,11.5,2025-09-18
False,79.0,Yes,0,0.0,1.0,137.0,102,41.89,8.12,8.4,2025-02-19
No,110.0,yess,0,0.0,2.0,186.4,121,41.98,5.15,10.8,2024-07-19
True,80.0,yes,0,0.0,3.0,267.1,91,65.08,11.28,8.9,2025-02-09
0,100.0,Yes,0,0.0,0.0,208.4,103,53.32,10.38,5.8,2024-09-27
No,135.0,Yes,0,0.0,1.0,108.5,119,39.84,11.45,11.7,2024-01-23
No ,20.0,yes,0,0.0,1.0,224.6,75,51.67,7.84,7.3,2026-04-08
No,111.0,YES,0,0.0,,7.1,99,15.49,6.82,12.1,2024-07-11
SI,172.0,YES,0,0.0,1.0,259.7,99,62.49,8.53,10.9,2023-05-10
No,26.0,yess,0,0.0,1.0,144.7,92,43.14,10.05,13.7,2026-02-21
false,37.0,Yes,1,2.33,2.0,139.0,71,77.07,16.66,8.8,2025-12-07
0,9.0,n0,0,0.0,1.0,256.8,86,66.34,11.09,13.0,2026-06-20
NO,168.0,YES,0,0.0,1.0,156.1,99,53.0,14.86,13.6,2023-06-05
No ,67.0,yes,0,0.0,2.0,168.9,93,44.44,8.75,16.0,2025-05-16
No,31.0,yes ,0,0.0,1.0,241.9,126,59.15,10.48,0.0,2026-01-20
NO,182.0,n0,0,0.0,1.0,148.6,117,,10.93,11.5,2023-02-25
false,20.0,yess,1,3.45,2.0,191.5,74,90.51,13.38,12.8,2026-04-07
NO,113.0,yes,0,0.0,1.0,159.4,103,49.43,12.05,11.0,2024-06-27
No,42.0,YES,0,0.0,1.0,131.2,80,44.84,10.48,10.3,2025-11-04
No,28.0,yess,0,0.0,0.0,214.9,77,57.01,12.55,13.9,2026-02-07
False,,yes,0,0.0,0.0,212.3,117,50.11,8.27,9.4,2024-12-11
NO,,YES,0,0.0,2.0,164.4,91,41.95,8.73,7.9,
No,13.0,YES,1,3.76,5.0,254.4,77,100.54,11.37,13.9,2026-05-26
no,94.0,yes ,1,2.1,1.0,122.8,104,64.21,12.39,7.8,2024-11-03
No,123.0,yess,1,3.62,1.0,133.8,62,74.87,9.18,13.6,2024-04-13
NO,6.0,Yes,0,0.0,0.0,260.3,104,60.09,8.96,3.3,2026-07-11
No ,109.0,yes,0,0.0,2.0,203.8,98,,11.65,15.0,2024-07-26
0,109.0,yes,0,0.0,2.0,164.4,113,48.92,11.76,12.0,2024-07-25
False,114.0,yes,0,0.0,,139.9,103,41.72,10.58,11.6,2024-06-15
NO,55.0,yes ,1,2.03,1.0,204.7,90,75.49,12.05,7.7,2025-08-04
No ,202.0,yes,0,0.0,1.0,90.2,129,29.61,8.41,5.3,10-11-2022
False,106.0,yes,1,2.16,0.0,138.4,94,52.84,3.94,8.3,2024-08-15
No,61.0,yes,0,,3.0,217.3,140,49.74,7.33,7.2,2025-06-22
0,79.0,YES,0,0.0,1.0,146.7,117,37.67,7.67,8.6,2025-02-18
0,60.0,Yes,0,0.0,1.0,172.4,81,45.15,9.22,10.3,2025-06-28
NO,,yes,1,1.86,2.0,204.9,119,70.55,10.47,7.1,2024-10-13
no,178.0,yes ,0,0.0,0.0,102.9,75,37.99,11.0,9.8,2023-03-29
yes,163.0,YES,0,0.0,2.0,96.3,91,31.59,7.26,11.0,2023-07-10
no,94.0,yes ,0,0.0,2.0,144.6,106,39.85,9.15,17.0,2024-11-04
NO,177.0,yes ,0,0.0,0.0,149.2,114,47.29,12.32,8.4,2023-04-02
no,32.0,yes,1,2.98,2.0,109.0,70,65.56,8.96,11.1,2026-01-14
False,110.0,yes,1,2.37,2.0,192.3,81,71.01,8.38,9.1,
No,92.0,yes,1,3.5,0.0,223.4,97,89.44,9.07,13.1,2024-11-16
False,37.0,yes ,0,0.0,3.0,137.0,91,44.77,11.0,13.2,2025-12-08
yes,97.0,no,0,0.0,4.0,186.8,114,49.47,10.08,13.9,2024-10-16
False,20.0,yes,0,0.0,,113.3,70,43.75,12.59,7.6,2026-04-07
no,135.0,yes,1,2.25,1.0,152.0,92,62.47,8.13,8.3,2024-01-24
NO,62.0,yess,0,0.0,,238.7,102,55.29,8.27,9.7,2025-06-18
false,134.0,yes ,0,0.0,0.0,135.9,116,38.29,9.04,11.3,2024-01-29
no,14.0,yess,1,2.18,1.0,215.3,109,75.53,10.1,8.0,2026-05-19
No,69.0,yes,0,0.0,1.0,222.4,122,54.74,8.12,11.0,2025-04-28
False,111.0,yess,0,0.0,2.0,242.4,103,56.0,8.81,8.5,2024-07-09
No,165.0,yes ,0,0.0,0.0,147.1,94,42.49,9.65,6.9,2023-06-29
YES,133.0,yes,0,0.0,0.0,242.2,84,52.38,6.65,9.2,2024-02-09
0,156.0,yes,0,0.0,1.0,216.7,112,54.2,10.12,12.5,2023-08-31
NO,130.0,yes,0,0.0,4.0,257.4,104,57.88,8.05,7.4,2024-02-29
No,158.0,n0,0,0.0,1.0,221.6,97,55.49,10.2,8.4,2023-08-12
No,200.0,yes ,0,0.0,0.0,172.2,78,49.79,11.76,8.5,2022-10-25
No,119.0,no,0,0.0,1.0,205.7,81,54.39,9.36,9.2,2024-05-16
0,56.0,yes,1,2.63,1.0,220.2,103,79.67,8.56,9.7,2025-07-30
false,15.0,yes,0,0.0,1.0,136.5,99,39.15,9.03,12.5,2026-05-11
No,79.0,yes ,1,2.51,0.0,117.7,101,65.68,11.56,9.5,2025-02-17
0,132.0,yes,0,0.0,1.0,75.5,70,34.01,12.02,12.3,2024-02-13
No,191.0,yes,0,0.0,2.0,157.3,116,43.64,9.91,8.5,2022-12-25
No ,89.0,yes,0,0.0,0.0,187.6,133,54.15,11.66,16.9,2024-12-07
0,151.0,yes,1,3.13,3.0,114.3,120,70.87,11.88,11.8,2023-10-01
Si,146.0,Yes,0,0.0,1.0,214.7,131,53.94,10.41,5.3,2023-11-09
False,,yes,0,0.0,1.0,178.3,141,41.84,6.27,8.3,2025-07-24
no,20.0,n0,1,3.3,2.0,136.1,59,73.98,10.01,12.2,2026-04-10
True,177.0,yes,1,2.2,6.0,167.3,81,65.16,8.17,8.0,2023-04-04
Si,178.0,yes,0,0.0,,70.2,94,31.33,10.83,9.6,2023-03-26
no,120.0,no,0,0.0,1.0,268.1,76,63.71,10.23,6.0,2024-05-10
no,22.0,yes,0,0.0,2.0,195.5,122,47.45,8.59,7.2,2026-03-27
No,66.0,YES,1,2.42,1.0,185.9,114,78.09,12.69,9.0,2025-05-19
No,52.0,yes ,1,0.7,1.0,199.3,96,56.09,8.15,2.6,2025-08-23
False,147.0,YES,1,1.93,2.0,209.4,72,71.6,9.21,7.0,2023-11-02
SI,23.0,yes,0,0.0,1.0,280.8,94,68.6,12.17,11.6,2026-03-17
No,39.0,yes ,0,0.0,0.0,134.3,97,41.45,8.59,7.0,2025-11-26
No,65.0,YES,1,3.07,2.0,113.9,90,67.62,10.46,11.3,2025-05-25
false,54.0,yes,0,0.0,0.0,225.0,101,50.52,7.24,8.1,2025-08-13
SI,189.0,yes,0,0.0,1.0,231.7,102,64.86,13.87,2.0,2023-01-11
0,47.0,YES,0,0.0,3.0,198.4,110,51.76,8.76,10.2,2025-09-28
True,100.0,yes ,0,0.0,2.0,315.6,101,67.7,8.44,5.7,
No,21.0,YES,0,0.0,0.0,120.0,94,39.83,11.7,9.0,2026-04-02
YES,181.0,Yes,0,0.0,6.0,68.6,93,,10.91,9.5,2023-03-06
false,178.0,Yes,0,0.0,0.0,137.7,89,41.99,10.26,9.0,2023-03-25
No,130.0,no,0,0.0,1.0,180.9,109,48.43,10.28,11.2,2024-02-28
No,90.0,yes,1,1.99,3.0,251.4,87,81.65,11.31,7.6,2024-12-03
NO,27.0,yes,1,3.13,1.0,118.1,106,72.22,10.96,12.1,2026-02-19
No,10.0,yes ,0,0.0,0.0,131.0,83,34.05,6.73,11.5,2026-06-17
False,74.0,yess,1,2.72,0.0,216.2,60,80.19,8.91,10.4,2025-03-26
1,21.0,no,1,3.56,0.0,169.3,103,80.84,9.54,13.2,2026-03-30
No,145.0,yes ,0,0.0,0.0,183.0,119,42.01,6.04,11.1,2023-11-14
No,32.0,yes,0,0.0,2.0,156.0,123,45.35,11.14,8.6,2026-01-10
NO,115.0,yess,1,4.65,2.0,195.4,63,101.92,12.93,17.2,
False,168.0,yess,0,0.0,4.0,177.2,113,,7.97,9.3,2023-06-04
No ,139.0,Yes,0,0.0,2.0,145.3,81,44.65,11.69,10.0,2023-12-25
false,90.0,yes,1,3.38,1.0,198.3,125,89.4,12.54,12.4,2024-12-05
0,185.0,yess,0,0.0,1.0,136.4,110,37.17,7.81,11.0,2023-02-06
false,199.0,yes,0,0.0,0.0,121.3,137,45.38,12.51,13.0,2022-10-30
No,127.0,yes ,1,2.42,1.0,198.0,88,81.17,13.28,9.2,2024-03-16
No,39.0,yess,1,3.25,1.0,237.0,94,95.73,13.24,12.2,2025-11-25
NO,180.0,yess,0,0.0,1.0,162.8,80,45.64,8.49,6.2,2023-03-16
NO,153.0,yes,0,0.0,2.0,134.8,115,47.53,14.73,6.7,2023-09-16
No ,76.0,yess,0,0.0,1.0,212.5,111,57.23,11.76,2.6,2025-03-09
Yes,75.0,no,0,0.0,1.0,146.7,125,44.06,10.93,14.5,2025-03-15
No,18.0,yes,1,1.85,1.0,192.4,101,83.65,18.16,7.3,2026-04-24
1,151.0,Yes,0,0.0,4.0,283.4,115,69.18,11.75,4.9,2023-10-06
No ,176.0,YES,0,0.0,2.0,164.1,100,38.2,5.77,12.8,2023-04-08
no,104.0,yess,0,0.0,2.0,155.2,116,44.04,10.87,8.5,2024-08-27
0,137.0,yess,0,0.0,0.0,147.5,114,47.9,12.42,8.3,2024-01-10
No ,21.0,yes ,0,0.0,0.0,100.6,97,32.7,8.59,10.2,2026-03-31
YES,187.0,yes,0,,2.0,313.3,102,67.99,8.52,5.6,2023-01-26
NO,60.0,yes ,0,0.0,0.0,150.3,101,36.41,6.62,9.9,2025-07-03
Yes,46.0,NO,0,0.0,2.0,280.7,90,69.28,12.55,8.3,2025-10-08
False,197.0,yess,0,0.0,1.0,219.2,139,51.28,7.85,11.1,2022-11-15
False,73.0,yes,1,2.93,2.0,248.8,95,94.03,12.72,10.8,2025-03-29
0,114.0,yes,1,3.71,1.0,196.5,139,95.22,14.12,13.8,2024-06-16
Si,35.0,n0,0,0.0,5.0,124.3,111,31.7,6.68,10.1,2025-12-23
No,70.0,Yes,1,3.05,1.0,183.1,122,79.99,10.67,11.0,2025-04-21
No,112.0,yess,0,0.0,,150.1,105,37.77,6.9,11.2,2024-07-04
NO,172.0,yes,0,0.0,1.0,238.0,121,58.86,11.03,11.8,2023-05-06
0,166.0,yes,0,0.0,1.0,158.8,107,45.61,10.83,12.4,2023-06-19
NO,12.0,yes,0,0.0,0.0,107.9,87,35.31,9.01,13.5,2026-06-03
No ,101.0,no,0,0.0,0.0,208.5,133,50.15,8.52,11.1,2024-09-17
YES,109.0,n0,0,0.0,2.0,118.9,109,40.52,11.01,10.8,2024-07-25
No,191.0,yes,0,0.0,1.0,195.4,96,40.19,4.55,15.2,2022-12-30
YES,111.0,yes,0,0.0,6.0,165.2,76,42.5,6.56,9.4,2024-07-09
No,183.0,yess,0,0.0,3.0,96.8,113,39.74,13.38,13.1,
SI,78.0,yes,0,0.0,1.0,267.1,106,71.15,13.2,6.0,2025-02-24
No,129.0,no,1,2.53,4.0,197.0,124,76.99,10.72,9.4,2024-03-06
no,163.0,yes,0,0.0,0.0,140.8,118,48.58,14.56,13.0,2023-07-09
No,3.0,yes,0,0.0,0.0,112.9,70,44.1,12.62,7.5,2026-08-01
0,,YES,0,0.0,0.0,218.0,85,54.26,9.67,11.1,2024-12-14
0,109.0,yess,1,2.02,1.0,93.0,103,50.34,7.44,7.8,2024-07-26
No,90.0,Yes,0,0.0,2.0,221.9,109,53.95,9.41,11.7,2024-12-05
No ,168.0,yes ,0,0.0,0.0,131.2,84,39.88,9.03,8.9,2023-06-05
No,147.0,yes,0,0.0,0.0,157.2,93,50.28,13.9,8.7,2023-11-01
No,179.0,Yes,0,0.0,3.0,188.3,93,49.89,10.15,11.6,2023-03-23
No,11.0,Yes,0,0.0,0.0,149.3,89,36.85,6.68,11.8,2026-06-12
False,190.0,yess,1,1.83,3.0,201.6,96,64.66,6.85,6.7,2023-01-03
No,144.0,YES,0,0.0,2.0,193.6,121,56.28,12.23,9.6,2023-11-19
No,90.0,yess,0,0.0,2.0,135.1,97,40.27,9.45,12.0,2024-12-04
Yes,178.0,YES,1,1.67,4.0,192.1,124,61.69,7.2,6.5,2023-03-25
0,44.0,yes,0,0.0,1.0,186.9,55,51.34,11.94,12.4,2025-10-21
No ,48.0,yes,0,,2.0,187.7,97,,10.9,18.3,2025-09-22
No ,22.0,yes,0,0.0,0.0,202.6,104,53.63,11.07,12.1,2026-03-26
No,98.0,yes,0,0.0,1.0,240.9,87,53.07,7.09,7.1,2024-10-06
1,166.0,No,1,4.16,2.0,220.9,138,102.74,13.27,15.4,2023-06-17
Yes,122.0,no ,0,0.0,1.0,138.1,45,38.89,9.35,10.8,2024-04-20
NO,201.0,yes,1,2.72,0.0,196.8,99,74.97,8.4,10.1,2022-10-17
No,134.0,yes,0,0.0,2.0,171.5,114,51.8,12.8,0.0,2024-01-28
False,86.0,yes,0,0.0,3.0,145.5,90,46.37,11.47,13.7,2024-12-30
Yes,160.0,yes ,1,2.54,4.0,90.1,87,62.12,11.73,9.3,2023-08-04
No,88.0,yes ,1,3.29,2.0,231.2,56,90.59,10.64,12.2,2024-12-17
False,130.0,yes,1,1.8,5.0,241.5,107,80.72,12.73,6.7,2024-02-28
No,156.0,yes,0,0.0,5.0,260.3,116,57.0,7.36,11.5,2023-09-01
NO,55.0,yes ,0,0.0,3.0,215.5,85,50.46,8.34,6.5,2025-08-02
No,133.0,yes,1,2.29,0.0,183.5,94,73.72,11.54,8.4,2024-02-06
No,166.0,yes,1,2.96,1.0,278.3,84,89.39,7.32,11.0,2023-06-17
No,156.0,yes,1,2.26,0.0,274.1,121,87.46,10.15,8.3,2023-09-01
No,177.0,yes ,0,0.0,0.0,112.1,107,32.78,8.31,9.6,2023-04-01
YES,171.0,yes,0,0.0,4.0,137.3,103,37.63,7.85,3.8,2023-05-14
False,138.0,YES,1,2.88,1.0,171.6,116,,12.09,10.6,2023-12-30
no,112.0,Yes,0,0.0,,173.1,85,,13.8,12.3,2024-07-05
False,94.0,yes,1,1.96,3.0,236.2,104,76.2,9.57,7.2,2024-11-06
false,172.0,yes,0,0.0,2.0,220.1,99,56.38,10.54,13.6,2023-05-12
NO,179.0,yes,1,2.31,0.0,168.0,92,67.89,9.17,8.6,2023-03-20
false,169.0,YES,0,0.0,4.0,217.8,122,56.66,12.27,10.3,2023-06-01
no,105.0,yes,1,1.4,2.0,197.7,119,57.18,5.22,5.3,2024-08-21
No ,141.0,yes,0,0.0,1.0,111.5,114,,8.41,9.2,2023-12-12
false,208.0,YES,0,0.0,1.0,104.4,145,38.83,12.4,7.2,2022-09-02
false,127.0,yess,0,0.0,1.0,230.2,105,58.0,8.63,13.0,2024-03-20
0,155.0,yess,1,1.75,,214.5,76,76.98,12.61,6.6,2023-09-03
false,125.0,yes ,0,0.0,3.0,155.7,111,43.24,8.56,10.6,2024-03-31
True,190.0,yes,0,0.0,0.0,115.6,99,37.06,10.05,11.6,
No ,191.0,yes ,1,3.97,3.0,215.8,79,95.25,10.87,14.7,2022-12-26
NO,204.0,yes,0,0.0,3.0,98.8,89,38.92,11.62,11.1,2022-09-25
0,18.0,YES,0,0.0,1.0,224.9,89,51.5,8.08,13.0,2026-04-18
no,159.0,yes,0,0.0,1.0,247.1,83,55.64,8.0,7.5,2023-08-06
0,144.0,yes,1,3.1,1.0,222.5,81,85.86,9.51,11.4,2023-11-23
yes,67.0,Yes,0,0.0,1.0,167.2,90,48.7,11.49,10.5,2025-05-11
no,49.0,n0,0,0.0,3.0,208.5,84,53.63,8.69,8.1,2025-09-16
0,75.0,Yes,0,0.0,3.0,162.6,95,52.08,12.65,4.9,2025-03-16
No ,174.0,yes,1,2.92,1.0,167.5,104,64.55,3.33,11.1,2023-04-22
No,206.0,Yes,0,0.0,2.0,145.5,115,45.47,11.74,7.9,2022-09-10
False,109.0,yes,0,0.0,3.0,116.9,105,38.26,8.29,12.2,2024-07-24
Si,24.0,yess,0,0.0,1.0,163.5,129,46.17,10.13,12.4,2026-03-11
0,39.0,yes,0,0.0,0.0,218.1,106,59.11,10.77,10.1,2025-11-28
No,12.0,yes,1,3.22,,251.4,79,86.85,6.99,11.8,
YES,151.0,n0,1,3.59,0.0,218.2,92,94.13,11.83,13.0,2023-10-05
False,104.0,Yes,0,0.0,0.0,167.0,72,49.94,12.89,15.7,
No,64.0,yes,0,0.0,3.0,136.1,95,43.44,11.85,7.6,2025-06-02
NO,185.0,yes,0,0.0,3.0,191.2,108,59.28,13.53,8.0,2023-02-10
yes,99.0,yess,0,0.0,2.0,227.5,121,66.42,13.76,10.0,2024-10-03
0,124.0,yes,0,0.0,1.0,173.1,72,45.16,8.55,7.4,2024-04-07
No ,115.0,YES,0,0.0,3.0,175.7,109,37.9,4.55,9.7,2024-06-10
NO,66.0,yes,0,0.0,2.0,217.9,67,56.78,11.11,3.2,2025-05-18
False,154.0,yes,0,,3.0,117.5,97,31.83,4.87,10.4,2023-09-11
False,10.0,yess,0,0.0,2.0,175.8,98,44.97,8.95,10.8,2026-06-18
False,48.0,YES,0,0.0,0.0,153.5,71,48.08,12.08,12.8,2025-09-24
false,9.0,Yes,1,3.63,0.0,93.4,86,75.14,13.19,13.3,2026-06-21
false,96.0,yes ,0,0.0,0.0,124.0,98,35.4,7.89,9.3,2024-10-21
false,54.0,no,1,2.28,0.0,128.7,92,58.7,8.15,8.0,2025-08-15
yes,184.0,YES,0,0.0,4.0,156.8,122,36.45,5.7,15.4,2023-02-11
YES,113.0,yes,0,0.0,4.0,158.1,91,42.91,9.49,13.6,2024-06-28
No ,7.0,yes ,0,0.0,2.0,87.0,112,40.39,13.28,10.0,2026-07-05
si,205.0,yes,0,0.0,4.0,301.1,136,78.39,12.91,13.5,2022-09-21
No ,119.0,yess,0,,0.0,146.7,103,44.34,9.97,10.5,2024-05-14
False,115.0,Yes,0,0.0,1.0,151.0,103,46.51,12.11,10.7,2024-06-14
0,98.0,yes,1,,3.0,225.4,119,79.82,9.18,9.4,2024-10-07
No,98.0,yes,0,0.0,,180.2,101,45.75,8.41,8.8,2024-10-09
NO,198.0,Yes,0,0.0,1.0,165.5,111,49.0,11.89,15.5,2022-11-07
NO,53.0,no,0,0.0,3.0,169.0,112,41.78,7.52,10.1,2025-08-22
NO,163.0,yes,1,1.95,2.0,88.7,102,54.08,11.28,7.2,2023-07-14
NO,114.0,yes ,0,0.0,1.0,175.6,82,48.43,10.7,10.7,2024-06-18
true,37.0,No,0,0.0,1.0,176.1,111,45.21,8.37,7.9,2025-12-08
NO,143.0,YES,0,0.0,1.0,123.7,106,49.12,16.18,7.5,2023-11-25
No ,52.0,Yes,1,2.12,2.0,192.3,96,66.48,6.79,7.9,2025-08-25
false,172.0,YES,0,0.0,2.0,206.8,67,56.49,12.58,10.9,2023-05-08
No,177.0,YES,0,0.0,3.0,212.7,120,50.1,8.19,13.3,2023-04-04
False,77.0,yes,1,3.35,4.0,207.4,120,82.14,7.15,12.6,2025-03-07
No ,122.0,yes ,0,0.0,2.0,86.7,99,36.71,13.01,9.0,2024-04-21
no,,yes,0,,1.0,214.9,116,53.84,9.79,8.1,2022-10-09
NO,185.0,yes ,0,0.0,1.0,49.6,120,20.54,7.14,12.2,2023-02-08
False,128.0,yess,1,1.27,0.0,96.3,104,39.14,6.84,4.5,2024-03-15
0,187.0,yes,0,0.0,0.0,199.0,99,59.79,13.39,15.9,2023-01-23
false,124.0,yes ,1,2.74,5.0,153.7,83,71.18,9.56,10.1,2024-04-10
No,38.0,yes,0,0.0,2.0,104.0,103,29.99,6.88,8.9,2025-12-03
No,181.0,yes,1,3.37,1.0,197.3,126,88.51,12.34,12.5,2023-03-04
false,140.0,yes,1,2.3,1.0,148.3,91,62.18,8.03,8.6,2023-12-16
no,61.0,yes,0,0.0,0.0,177.3,148,43.72,7.99,9.3,2025-06-26
False,,yes,0,0.0,2.0,241.3,126,59.43,10.64,8.7,
Yes,127.0,NO,0,0.0,3.0,166.0,93,37.12,4.67,13.3,2024-03-16
NO,51.0,yes ,0,0.0,0.0,191.9,102,54.16,12.02,12.0,
NO,28.0,yess,1,2.03,1.0,290.0,151,,11.31,7.4,2026-02-07
si,75.0,yes ,1,2.3,5.0,157.6,82,64.34,8.0,8.6,2025-03-21
No,150.0,YES,0,0.0,1.0,223.2,74,52.72,7.86,7.3,2023-10-12
0,157.0,Yes,1,,1.0,230.9,39,81.19,9.45,9.4,2023-08-22
False,46.0,yes,0,0.0,1.0,164.1,83,43.68,7.69,14.3,2025-10-09
No,78.0,Yes,0,0.0,0.0,173.3,84,51.09,12.59,5.9,2025-02-25
False,111.0,yess,1,2.91,2.0,176.3,88,73.7,9.45,10.5,2024-07-08
1,151.0,Yes,0,,5.0,189.3,106,44.47,6.35,11.6,2023-10-04
false,18.0,No,0,0.0,1.0,248.0,84,58.8,9.4,7.8,2026-04-24
No,13.0,yes,0,0.0,2.0,103.6,110,38.03,9.88,7.9,2026-05-27
NO,65.0,YES,1,2.84,2.0,178.1,93,79.87,12.0,10.7,
False,32.0,YES,1,2.08,1.0,292.5,150,89.06,11.17,7.5,2026-01-12
0,165.0,YES,1,4.19,2.0,145.0,103,74.67,4.62,15.6,2023-06-27
no,61.0,yes ,0,0.0,2.0,173.9,101,47.04,10.22,9.1,2025-06-26
0,58.0,yes,0,0.0,1.0,236.4,121,56.52,9.02,7.7,2025-07-13
False,7.0,yes ,0,0.0,3.0,206.3,105,55.8,11.98,11.2,2026-07-08
NO,183.0,Yes,0,0.0,1.0,194.1,74,51.52,10.66,7.8,2023-02-20
0,59.0,yes,0,0.0,2.0,135.5,98,37.79,6.82,7.7,2025-07-09
False,53.0,yes,0,0.0,0.0,202.9,99,59.28,14.58,10.5,2025-08-21
No ,158.0,yes ,0,0.0,1.0,212.4,86,,8.27,13.3,2023-08-17
false,16.0,yes ,0,0.0,,124.2,112,34.35,7.82,14.5,2026-05-06
NO,205.0,yes,0,0.0,1.0,167.3,131,49.65,12.53,12.7,2022-09-19
0,32.0,YES,1,2.86,,160.6,103,73.06,9.38,10.4,2026-01-13
false,62.0,YES,1,1.63,1.0,207.7,94,63.51,6.78,6.1,2025-06-15
si,122.0,yes,0,0.0,1.0,210.1,150,65.59,17.45,7.5,2024-04-20
No,99.0,yes ,0,0.0,1.0,204.2,70,55.07,11.41,14.2,2024-10-03
Yes,37.0,YES,0,0.0,2.0,280.6,104,64.46,10.08,7.9,2025-12-11
No,61.0,yes ,0,0.0,0.0,188.7,99,43.77,5.81,7.3,2025-06-25
No,8.0,Yes,0,0.0,4.0,244.2,91,53.04,6.26,8.4,2026-06-30
No,184.0,yes,0,0.0,1.0,226.1,111,60.52,12.53,6.9,2023-02-16
Yes,155.0,YES,0,0.0,0.0,330.9,73,73.61,10.45,10.7,2023-09-08
No,32.0,yes,0,0.0,0.0,116.0,100,37.79,10.04,11.5,2026-01-16
Yes,66.0,no,0,0.0,4.0,144.5,60,39.78,9.16,6.4,2025-05-22
No ,141.0,YES,0,0.0,1.0,160.5,113,45.22,9.82,7.2,2023-12-14
No,16.0,yes,1,2.93,1.0,182.4,121,79.61,10.74,10.9,2026-05-02
No ,114.0,yes,0,0.0,1.0,182.3,87,50.16,8.5,9.6,2024-06-20
No ,64.0,YES,1,1.41,1.0,176.3,99,61.5,9.61,5.2,2025-06-01
NO,12.0,yes,1,3.11,2.0,100.3,56,64.49,10.22,11.4,2026-06-02
0,24.0,yes,1,1.85,2.0,111.7,104,56.07,10.9,6.7,2026-03-08
NO,190.0,no,1,3.18,1.0,220.6,78,82.76,7.99,11.5,2023-01-03
no,24.0,no,0,0.0,0.0,150.4,68,52.28,14.29,9.4,2026-03-13
No,129.0,YES,1,3.25,2.0,119.1,103,66.9,8.33,11.8,2024-03-08
No ,,yes,0,0.0,0.0,148.0,114,47.26,12.37,8.2,
No ,5.0,yes,1,3.32,0.0,186.5,140,79.43,9.13,12.3,2026-07-20
false,32.0,yes,0,0.0,1.0,234.1,65,58.46,10.47,9.3,2026-01-14
false,27.0,Yes,1,,0.0,276.2,86,92.96,12.54,8.5,2026-02-16
No ,139.0,yes,0,0.0,1.0,217.3,76,49.85,7.36,12.1,2023-12-23
1,100.0,no,1,3.16,,161.6,90,83.51,13.96,11.7,2024-09-23
Si,13.0,YES,0,0.0,1.0,297.6,141,69.69,11.82,8.9,2026-05-24
Si,30.0,yes,0,0.0,4.0,171.1,57,45.89,9.25,7.7,2026-01-26
Yes,165.0,yes,0,0.0,4.0,155.0,132,43.84,9.93,9.5,2023-06-25
No,204.0,yes,0,0.0,1.0,141.1,124,46.54,12.82,6.5,2022-09-27
0,6.0,yess,0,0.0,2.0,194.5,97,45.0,5.95,9.4,2026-07-13
0,191.0,no,0,0.0,2.0,179.8,126,46.0,8.64,12.0,2022-12-25
0,151.0,no,0,0.0,1.0,243.5,89,58.26,9.49,11.2,2023-10-06
False,144.0,yes,0,0.0,1.0,189.3,90,47.77,9.0,13.2,2023-11-24
No,167.0,yes,1,2.09,2.0,136.4,102,62.52,11.0,8.0,2023-06-13
No,106.0,yes,0,0.0,3.0,165.8,98,47.94,11.07,12.8,2024-08-15
False,39.0,YES,1,4.09,1.0,191.7,96,93.1,11.92,15.2,2025-11-28
0,127.0,yes,0,0.0,1.0,218.0,124,49.57,7.5,9.6,2024-03-18
No,30.0,yes ,0,0.0,1.0,238.4,122,55.69,9.01,7.7,2026-01-29
No,91.0,yes,0,0.0,,271.8,105,61.04,8.08,9.2,2024-11-24
false,187.0,yess,0,0.0,1.0,51.5,105,26.68,10.58,12.2,2023-01-27
no,93.0,yes ,0,0.0,1.0,153.3,106,42.6,7.5,3.5,2024-11-13
SI,67.0,yess,0,,4.0,169.8,71,47.09,10.56,10.5,2025-05-13
No,24.0,yes,0,0.0,2.0,186.0,64,44.32,7.08,9.9,2026-03-10
1,37.0,yes,0,0.0,1.0,264.5,113,60.31,9.14,18.2,2025-12-06
false,88.0,YES,0,0.0,0.0,233.0,95,57.01,10.15,11.9,2024-12-19
No,158.0,yess,0,0.0,1.0,154.2,98,46.97,10.57,11.9,2023-08-12
No,173.0,YES,1,4.71,1.0,89.5,136,80.35,9.69,17.5,2023-04-29
0,88.0,yes,0,0.0,0.0,165.4,87,51.4,14.18,8.7,2024-12-17
yes,7.0,yes,0,0.0,,265.6,96,66.92,10.72,14.3,
false,131.0,yes ,1,2.3,1.0,213.5,96,72.2,7.02,8.6,2024-02-22
False,175.0,yes ,0,0.0,1.0,216.9,76,52.08,8.65,8.2,2023-04-17
false,25.0,YES,0,0.0,3.0,147.9,97,34.02,4.57,11.2,2026-03-05
0,145.0,yes,1,2.12,2.0,177.7,134,66.6,8.75,8.0,2023-11-16
No,104.0,yes,0,0.0,2.0,163.5,117,48.41,10.5,8.4,2024-08-27
No ,37.0,yes ,0,0.0,0.0,152.4,95,39.77,6.16,9.9,2025-12-09
YES,148.0,no,0,0.0,3.0,200.6,89,52.71,10.54,11.0,2023-10-25
0,184.0,yes,0,0.0,3.0,37.4,81,20.49,7.88,14.1,2023-02-17
false,70.0,no,0,0.0,1.0,253.1,84,59.01,9.37,7.7,2025-04-23
No,144.0,yes,0,0.0,1.0,183.2,143,50.34,10.5,9.9,2023-11-21
false,169.0,yess,0,0.0,,158.8,104,45.27,10.17,9.4,2023-05-29
No ,81.0,yes,1,3.07,1.0,140.4,96,69.68,8.42,11.5,2025-02-04
No ,105.0,yes,1,1.88,2.0,210.7,72,71.77,9.13,7.1,2024-08-19
No,195.0,YES,0,0.0,1.0,183.0,89,46.38,7.68,7.4,2022-11-30
No ,25.0,yes,1,2.47,1.0,158.9,103,78.95,15.97,8.9,2026-03-05
No,42.0,yes ,1,3.92,1.0,129.4,106,81.65,11.73,14.5,2025-11-03
0,148.0,YES,0,0.0,,150.4,97,43.55,10.41,5.2,2023-10-27
0,170.0,NO,0,0.0,2.0,159.6,64,44.34,10.55,9.3,2023-05-25
no,4.0,yes,1,3.22,0.0,218.4,140,87.42,11.27,11.7,2026-07-31
False,202.0,yes,0,0.0,3.0,199.6,107,50.22,9.05,6.6,2022-10-10
0,17.0,yes ,1,2.56,5.0,263.6,69,96.31,13.9,9.8,2026-04-25
No,90.0,YES,0,0.0,,187.1,127,49.99,8.05,9.1,2024-12-05
NO,113.0,yes ,0,0.0,,226.9,143,57.79,10.07,13.1,2024-06-22
No ,120.0,yess,0,0.0,1.0,169.2,113,46.78,9.89,11.6,2024-05-07
no,59.0,yes,0,0.0,2.0,159.9,71,50.34,11.78,12.2,2025-07-09
No,114.0,yes ,0,0.0,2.0,108.2,87,30.69,6.83,11.1,2024-06-15
No ,100.0,yes,1,2.65,0.0,225.7,104,81.47,9.51,9.8,2024-09-25
true,64.0,NO,1,3.49,0.0,217.5,91,93.47,11.81,13.1,2025-06-06
false,6.0,yes,0,0.0,1.0,247.7,129,58.52,9.75,9.1,2026-07-17
Yes,201.0,yes,0,0.0,1.0,238.6,125,61.9,12.37,13.9,2022-10-16
False,112.0,yes,0,0.0,1.0,168.2,107,45.23,9.8,10.5,2024-07-03
0,147.0,yes,0,0.0,0.0,181.3,117,48.14,7.82,9.7,2023-10-28
No ,126.0,YES,0,0.0,5.0,244.0,90,61.95,11.68,5.9,2024-03-23
no,7.0,YES,1,2.7,0.0,223.9,121,90.41,14.68,9.8,2026-07-08
NO,198.0,yes,1,2.67,1.0,158.7,91,68.53,8.01,9.9,
No,142.0,yes,0,0.0,0.0,239.1,84,56.1,8.77,9.6,2023-12-03
no,180.0,yes,0,,1.0,61.8,125,25.87,8.45,9.4,2023-03-13
No,32.0,NO,1,2.4,2.0,131.4,137,69.12,13.67,8.7,2026-01-12
No,79.0,yess,0,0.0,1.0,202.6,92,55.43,12.22,8.8,2025-02-19
false,127.0,YES,0,0.0,1.0,171.9,105,48.11,10.57,11.6,2024-03-16
No ,192.0,yes,0,0.0,0.0,67.7,85,28.95,9.63,10.3,2022-12-18
1,65.0,yes,0,0.0,1.0,212.6,111,60.44,12.91,8.5,2025-05-24
No,205.0,yes,0,0.0,1.0,157.9,111,52.17,14.43,13.9,2022-09-22
NO,102.0,yes,0,0.0,0.0,261.3,85,68.13,11.97,5.4,2024-09-08
no,190.0,yess,1,3.41,2.0,262.8,122,97.52,10.72,12.7,2023-01-06
no,30.0,Yes,1,2.59,2.0,160.2,85,72.68,11.19,9.5,2026-01-24
false,101.0,YES,1,3.2,1.0,126.1,77,78.37,14.44,11.5,2024-09-19
False,10.0,yes,0,0.0,1.0,239.4,100,53.29,6.51,5.8,2026-06-19
si,19.0,no,0,0.0,0.0,225.3,112,54.77,9.22,10.0,2026-04-13
No,5.0,yes ,0,0.0,,166.6,96,40.82,6.95,13.0,2026-07-23
no,42.0,yes,1,2.77,0.0,146.8,132,76.59,13.74,10.1,2025-11-05
false,67.0,YES,0,0.0,2.0,182.4,108,48.0,10.02,9.3,2025-05-12
Yes,58.0,yes,1,2.42,6.0,112.9,90,66.07,13.3,9.1,2025-07-12
si,47.0,yes,0,0.0,1.0,188.0,104,54.1,12.33,10.6,2025-09-29
No,178.0,yes,0,0.0,1.0,232.4,134,57.96,8.15,6.1,2023-03-26
Yes,45.0,yes,1,3.17,4.0,133.1,105,68.58,8.14,11.8,2025-10-12
0,164.0,YES,1,3.01,2.0,95.7,56,64.98,10.12,11.2,2023-07-01
No,88.0,yes,0,0.0,3.0,157.9,109,41.3,6.01,11.3,2024-12-16
No,8.0,yess,0,0.0,3.0,37.8,79,20.0,7.82,14.2,2026-06-28
Si,,yes,0,0.0,0.0,264.9,69,66.21,12.17,14.7,2024-06-20
False,30.0,yes,0,0.0,1.0,176.3,73,45.19,8.54,7.3,2026-01-26
NO,12.0,yes,1,3.92,0.0,149.3,128,77.75,7.96,14.6,2026-06-02
false,74.0,Yes,0,0.0,1.0,268.8,80,64.27,8.68,10.3,2025-03-26
False,73.0,yess,0,0.0,0.0,248.2,103,53.99,6.01,14.0,2025-04-01
False,141.0,Yes,0,0.0,3.0,197.4,96,53.18,10.25,8.7,2023-12-09
No,3.0,Yes,1,3.39,4.0,209.0,119,81.83,7.17,12.5,2026-08-03
no,171.0,yes,1,2.97,1.0,206.5,80,79.39,8.63,11.0,2023-05-18
False,42.0,yes,1,4.18,1.0,270.6,98,109.6,12.24,15.4,2025-11-04
No ,187.0,Yes,0,0.0,2.0,211.8,110,56.59,11.81,8.9,2023-01-27
No ,102.0,yess,1,3.39,,155.5,99,81.5,12.01,12.6,2024-09-10
No,11.0,yes,1,0.1,1.0,152.6,94,39.23,7.59,0.0,2026-06-11
yes,162.0,NO,1,3.84,1.0,223.7,117,87.31,5.86,13.9,2023-07-21
False,27.0,yess,1,3.5,2.0,260.6,121,96.9,10.69,12.8,2026-02-15
No ,37.0,yes,0,0.0,1.0,184.0,118,50.07,11.19,11.8,2025-12-09
0,200.0,yes,0,0.0,0.0,137.5,103,40.95,9.99,7.7,2022-10-25
No ,6.0,yes,0,0.0,0.0,204.1,88,51.38,9.17,8.3,2026-07-15
no,71.0,Yes,0,,1.0,78.3,119,34.34,9.78,12.2,
No,153.0,YES,0,0.0,2.0,144.0,78,35.93,6.81,15.5,2023-09-18
SI,120.0,Yes,0,0.0,4.0,153.0,133,44.98,10.03,9.4,2024-05-06
false,160.0,yes,1,2.6,0.0,276.5,88,81.84,4.62,9.6,2023-07-31
no,15.0,yess,0,0.0,0.0,204.0,45,47.46,7.22,8.5,2026-05-15
Si,194.0,no,0,0.0,4.0,184.8,114,48.51,9.94,14.0,2022-12-08
No,190.0,yes,0,0.0,1.0,156.6,90,46.57,11.26,6.2,2023-01-01
false,118.0,yess,0,0.0,2.0,261.7,54,61.97,9.71,8.2,2024-05-23
No,197.0,yes,0,0.0,2.0,180.7,113,54.24,13.57,16.3,2022-11-14
No ,31.0,yes ,1,1.19,0.0,220.1,82,63.58,8.35,4.4,2026-01-19
No,190.0,Yes,0,0.0,1.0,213.5,115,55.05,11.09,7.2,2023-01-06
No,166.0,yes,0,,,202.3,101,49.08,8.53,11.6,2023-06-22
No,133.0,yes,0,0.0,,277.3,110,51.3,2.64,10.8,2024-02-05
0,32.0,yes,0,0.0,1.0,116.8,104,30.76,6.27,9.2,
No,132.0,yes ,0,0.0,1.0,246.1,47,59.13,9.77,11.8,2024-02-12
NO,200.0,YES,0,0.0,2.0,253.3,83,55.63,7.3,15.0,2022-10-28
No,186.0,yes,0,0.0,5.0,279.8,128,65.79,9.07,15.2,2023-01-29
0,140.0,YES,0,0.0,0.0,117.9,68,43.31,12.6,7.5,2023-12-17
No ,27.0,yes,1,2.65,0.0,278.2,89,,4.66,9.8,2026-02-14
No,,yes,1,2.6,3.0,296.0,106,91.42,8.2,9.8,
0,204.0,yes,1,3.56,2.0,195.2,62,86.78,9.61,13.2,2022-09-27
NO,142.0,yes,0,0.0,1.0,97.9,129,39.92,13.04,7.1,2023-12-08
No,46.0,yes ,0,0.0,1.0,220.1,125,,15.21,9.7,2025-10-04
No,145.0,no,1,3.14,3.0,129.0,118,68.94,8.47,11.8,2023-11-13
No,197.0,YES,0,0.0,1.0,152.7,95,44.09,10.39,12.8,2022-11-14
No,,yes,1,4.35,0.0,111.2,139,81.42,10.65,16.0,2023-09-15
No ,,yess,1,2.65,1.0,117.2,70,58.11,7.39,9.9,
No,94.0,yes,0,0.0,3.0,225.0,116,54.91,9.62,11.3,2024-11-04
0,181.0,yes ,1,2.66,0.0,238.7,81,85.7,10.3,10.0,2023-03-07
false,59.0,no,1,3.43,0.0,175.5,126,83.9,11.03,12.7,2025-07-11
No ,38.0,yes,0,0.0,2.0,152.0,105,46.18,11.17,9.0,2025-12-05
No,16.0,yes,0,0.0,1.0,195.0,78,54.11,10.11,11.6,2026-05-02
No,121.0,yes,0,0.0,1.0,51.6,105,26.95,10.51,12.3,2024-04-30
No,51.0,yes,1,4.11,2.0,144.4,103,74.48,4.51,15.5,2025-09-04
0,111.0,YES,0,0.0,1.0,168.9,117,48.17,10.84,11.7,2024-07-09
NO,97.0,YES,1,0.65,1.0,197.4,95,55.74,8.28,2.4,2024-10-18
No,176.0,n0,1,2.24,3.0,218.7,118,77.69,10.52,8.2,2023-04-14
0,121.0,yes,0,0.0,2.0,299.9,94,62.99,6.56,7.1,2024-05-02
No,171.0,no,0,0.0,,170.5,140,49.82,12.03,9.0,2023-05-13
No,135.0,yes ,0,0.0,4.0,252.6,88,66.98,11.89,9.6,2024-01-25
No,168.0,yes,1,2.15,3.0,155.9,79,64.43,9.42,8.1,2023-06-03
False,181.0,yes,0,0.0,1.0,163.6,94,54.03,12.82,9.9,2023-03-05
NO,148.0,yess,0,0.0,0.0,134.8,101,46.24,11.9,17.5,2023-10-24
NO,1.0,yes ,0,0.0,3.0,189.6,93,50.15,10.43,8.9,2026-08-17
No,112.0,yes,1,2.33,2.0,174.0,92,,9.36,8.7,2024-06-29
Yes,46.0,no,1,2.89,3.0,213.5,116,92.84,15.73,10.7,2025-10-06
yes,132.0,YES,0,0.0,5.0,181.6,104,,6.74,10.1,2024-02-13
No ,116.0,yess,0,0.0,1.0,170.0,113,45.64,9.8,11.6,2024-06-05
True,105.0,Yes,0,0.0,0.0,282.1,113,65.22,10.22,10.3,2024-08-19
NO,56.0,NO,0,0.0,0.0,226.6,105,59.58,10.55,11.9,2025-07-27
false,194.0,yes,0,0.0,4.0,222.2,80,56.48,10.69,11.8,2022-12-09
NO,67.0,YES,0,0.0,2.0,136.2,95,38.0,8.35,7.7,2025-05-13
false,146.0,NO,0,0.0,2.0,159.0,63,45.04,10.35,9.1,2023-11-07
0,28.0,yes,1,3.05,2.0,188.4,41,78.32,8.88,11.4,2026-02-08
false,124.0,yes,0,0.0,3.0,177.2,121,56.51,14.72,7.6,2024-04-12
no,46.0,yes,0,0.0,1.0,196.3,72,47.68,8.55,12.5,2025-10-09
No,104.0,yes,1,2.57,0.0,210.1,110,79.81,10.81,9.5,2024-08-28
YES,137.0,Yes,0,0.0,0.0,143.8,125,42.78,10.05,13.3,2024-01-06
0,163.0,Yes,1,2.88,4.0,160.7,91,77.85,11.97,10.6,2023-07-10
No,163.0,yess,0,0.0,3.0,101.8,100,28.65,6.75,15.7,2023-07-12
Yes,79.0,no,0,0.0,4.0,230.4,134,60.88,12.81,10.2,2025-02-15
No,26.0,Yes,1,2.02,0.0,242.3,95,81.06,10.85,7.5,2026-02-24
0,179.0,yes ,1,2.68,1.0,221.7,103,79.02,8.57,9.7,2023-03-20
SI,145.0,no ,0,0.0,2.0,206.0,122,,9.14,7.3,2023-11-14
no,58.0,yess,0,0.0,2.0,177.2,91,53.13,11.54,8.8,2025-07-13
0,182.0,no ,0,0.0,4.0,199.4,126,46.53,7.78,10.0,2023-02-25
No,163.0,yess,0,0.0,1.0,170.1,106,54.9,15.05,9.8,2023-07-11
NO,58.0,yes,0,0.0,1.0,185.2,118,50.43,11.16,11.6,2025-07-15
No,167.0,Yes,0,0.0,1.0,173.3,92,51.62,12.19,7.5,2023-06-13
No,68.0,yes,0,0.0,2.0,195.2,96,49.0,9.29,12.8,2025-05-04
NO,88.0,yess,1,3.24,1.0,125.4,101,71.44,10.16,12.2,2024-12-19
0,188.0,yess,0,0.0,0.0,152.4,89,45.21,9.19,11.0,2023-01-17
No ,140.0,yes,0,0.0,2.0,154.0,112,41.55,9.14,12.7,2023-12-21
SI,56.0,yes,0,0.0,4.0,132.0,120,41.52,10.68,11.1,2025-07-28
0,154.0,yes,0,0.0,2.0,168.1,95,43.7,8.91,13.4,2023-09-14
False,95.0,yes,1,2.82,1.0,238.3,85,88.59,10.64,10.7,2024-10-28
true,201.0,Yes,0,0.0,5.0,118.2,125,46.4,12.66,13.6,2022-10-17
no,6.0,yes,0,0.0,0.0,195.5,102,55.8,12.1,11.9,2026-07-13
False,2.0,yes,0,,0.0,205.6,45,47.05,7.21,8.6,2026-08-14
No,191.0,yes,0,0.0,2.0,98.9,62,41.34,13.76,16.7,2022-12-24
no,175.0,yes,0,0.0,1.0,193.9,89,50.01,9.75,8.5,2023-04-16
NO,127.0,yes,0,0.0,,174.4,110,55.04,14.33,13.1,2024-03-20
False,140.0,yes,0,0.0,1.0,144.5,61,44.31,9.83,11.2,2023-12-17
no,12.0,yess,0,0.0,2.0,223.4,101,56.38,10.13,6.8,2026-06-03
si,136.0,yes,0,0.0,0.0,272.8,96,66.95,11.85,7.8,2024-01-19
NO,4.0,no,1,2.9,3.0,204.1,106,80.05,9.16,10.6,2026-07-31
No,59.0,yes,0,0.0,0.0,250.5,107,58.5,8.75,11.4,2025-07-05
No,205.0,YES,0,0.0,3.0,114.6,85,41.17,10.69,10.8,2022-09-21
no,132.0,Yes,1,2.52,3.0,206.1,142,72.41,6.35,9.3,2024-02-15
no,133.0,yess,0,0.0,2.0,109.0,88,30.82,6.88,10.9,2024-02-06
0,36.0,yes,1,3.01,1.0,185.2,121,79.47,10.63,10.9,2025-12-19
No,108.0,Yes,1,2.14,1.0,291.9,149,89.09,11.26,7.4,2024-07-28
No,133.0,yess,1,3.51,2.0,197.4,93,89.19,12.06,13.0,2024-02-08
No,40.0,Yes,0,0.0,3.0,146.4,116,41.27,7.8,7.9,2025-11-15
YES,191.0,yes,0,0.0,1.0,264.5,123,66.52,12.2,15.0,2022-12-28
No ,121.0,yes,0,0.0,2.0,195.3,146,47.29,8.66,5.6,2024-05-03
Yes,76.0,yes,0,0.0,4.0,119.9,94,34.65,8.4,12.0,2025-03-08
False,131.0,yes ,0,0.0,3.0,50.2,107,25.94,8.1,10.0,2024-02-19
No,180.0,YES,0,0.0,3.0,140.3,125,34.61,5.99,12.4,2023-03-13
YES,78.0,yes ,0,0.0,,305.7,105,68.15,9.55,8.4,2025-02-23
No,191.0,yes,0,0.0,0.0,56.7,65,31.76,12.08,11.2,2022-12-28
No,177.0,yess,0,0.0,1.0,177.9,127,56.06,15.05,7.8,2023-04-03
No ,46.0,yes,0,0.0,4.0,200.1,85,50.9,9.63,14.2,2025-10-07
No ,127.0,yes,0,0.0,1.0,235.3,109,56.7,9.56,9.1,2024-03-16
No,66.0,yes,0,0.0,0.0,205.8,96,49.17,7.78,12.4,2025-05-17
no,143.0,yes,0,0.0,2.0,105.8,88,,11.81,9.4,2023-12-01
si,186.0,NO,0,0.0,4.0,46.8,104,24.39,9.35,9.4,2023-01-29
false,134.0,yes,1,2.74,1.0,147.7,74,63.37,6.2,10.1,2024-01-29
No ,3.0,yes,1,2.06,2.0,173.3,139,64.87,7.72,7.8,2026-08-06
YES,156.0,No,0,0.0,1.0,124.6,102,39.22,10.32,14.3,2023-08-28
No ,145.0,yes,1,2.73,1.0,213.3,107,78.65,8.48,10.1,2023-11-11
false,24.0,YES,0,0.0,4.0,198.7,96,51.46,10.15,7.1,2026-03-10
no,85.0,Yes,0,0.0,0.0,244.7,80,65.86,11.51,9.3,2025-01-04
false,157.0,Yes,0,0.0,3.0,103.2,88,38.52,11.84,11.1,2023-08-23
No ,34.0,yess,1,2.67,1.0,179.1,109,76.03,10.57,10.0,2025-12-28
No,27.0,yes,0,0.0,3.0,177.8,72,52.37,12.47,8.7,2026-02-15
NO,161.0,yes ,1,3.91,1.0,143.9,144,77.7,8.33,14.4,2023-07-24
NO,74.0,yess,1,3.24,1.0,129.4,114,73.15,10.17,12.4,2025-03-24
0,120.0,yes,0,0.0,,206.0,81,49.42,8.41,9.1,2024-05-08
No,139.0,yes,0,0.0,1.0,170.1,98,45.53,7.75,14.9,2023-12-29
No ,170.0,no,0,0.0,1.0,157.6,71,53.95,15.34,2.1,2023-05-22
False,189.0,yes,1,3.5,1.0,142.8,108,79.63,11.25,13.2,2023-01-08
false,72.0,yess,0,0.0,3.0,217.9,86,52.79,9.24,6.3,2025-04-09
false,40.0,yes ,0,0.0,2.0,191.1,122,,5.23,10.8,2025-11-15
No ,124.0,yes,0,0.0,2.0,228.6,93,54.48,9.07,8.8,2024-04-11
False,32.0,yes,0,0.0,4.0,222.8,133,52.86,7.98,8.5,2026-01-10
false,153.0,yes ,0,0.0,1.0,147.0,131,35.51,6.57,5.0,2023-09-22
false,72.0,yes,1,2.29,1.0,152.2,90,63.62,8.03,8.5,2025-04-09
false,52.0,YES,1,2.33,2.0,203.3,91,71.12,6.9,8.4,2025-08-25
0,192.0,yes,0,0.0,0.0,192.3,111,46.95,7.82,11.1,2022-12-19
0,5.0,YES,0,0.0,2.0,166.0,64,43.95,9.23,6.1,2026-07-23
False,70.0,yes,0,0.0,1.0,103.0,93,33.86,9.45,14.4,2025-04-20
False,35.0,yes,0,0.0,3.0,119.5,107,38.81,8.35,12.1,2025-12-26
No,149.0,NO,1,3.08,4.0,192.6,125,77.14,8.01,11.5,2023-10-17
0,161.0,yes,0,0.0,2.0,177.8,109,56.45,14.37,14.0,2023-07-25
No ,26.0,yes,0,0.0,1.0,48.7,121,21.29,7.36,12.2,2026-02-24
False,130.0,yes,0,0.0,1.0,240.3,146,55.25,8.24,10.5,2024-02-24
0,123.0,Yes,0,0.0,2.0,153.6,102,38.64,6.99,12.3,2024-04-13
False,151.0,YES,0,0.0,2.0,189.7,74,52.27,10.84,9.9,2023-10-06
No ,172.0,yess,0,0.0,0.0,112.8,90,41.28,10.71,11.0,2023-05-06
No,82.0,YES,1,,1.0,169.3,113,73.94,12.23,9.1,2025-01-26
False,69.0,yes,0,0.0,1.0,172.3,143,48.92,10.74,10.0,2025-04-27
0,167.0,YES,0,0.0,0.0,233.3,147,58.97,9.37,9.3,2023-06-13
0,7.0,yes ,1,2.27,2.0,135.3,84,66.75,11.3,8.5,2026-07-07
true,59.0,yess,0,0.0,3.0,265.0,104,61.51,7.96,13.8,2025-07-06
0,205.0,yes,0,0.0,0.0,195.5,102,44.14,6.15,9.4,2022-09-18
SI,38.0,no,0,0.0,0.0,219.0,56,49.67,5.73,12.4,2025-12-04
No,201.0,yes ,0,0.0,1.0,146.2,108,43.76,8.48,5.3,2022-10-15
No,98.0,yess,0,0.0,0.0,176.1,129,44.68,7.59,5.2,2024-10-08
False,56.0,Yes,0,0.0,1.0,170.3,103,,12.71,8.8,2025-07-26
false,136.0,YES,1,3.47,2.0,114.3,96,69.43,8.18,12.9,2024-01-14
1,144.0,YES,0,,1.0,236.8,125,61.94,12.3,13.9,2023-11-21
Si,177.0,yes,1,2.78,2.0,102.8,79,61.65,9.17,10.2,2023-04-05
No ,83.0,yess,0,0.0,0.0,204.9,66,55.6,12.11,11.6,2025-01-23
NO,187.0,YES,0,0.0,2.0,107.0,113,36.03,10.83,9.7,2023-01-25
No,64.0,yes,0,0.0,0.0,210.6,150,53.45,10.71,8.5,2025-06-06
false,176.0,yes,0,0.0,0.0,197.9,88,53.72,11.97,4.0,2023-04-13
False,199.0,yes,0,0.0,3.0,125.6,102,38.75,8.27,9.4,2022-10-30
0,207.0,YES,0,0.0,1.0,190.0,72,49.84,10.33,8.8,2022-09-06
no,111.0,yes ,0,0.0,1.0,199.8,72,51.15,10.31,5.0,2024-07-09
No,76.0,No,0,0.0,2.0,103.9,135,47.4,15.97,8.4,2025-03-14
no,58.0,yes ,0,0.0,1.0,178.9,124,45.28,7.36,9.8,2025-07-17
NO,35.0,yes ,1,0.61,0.0,179.3,84,55.91,11.3,2.5,2025-12-25
NO,54.0,YES,0,0.0,1.0,178.2,97,44.11,8.31,9.4,2025-08-15
false,160.0,yes,1,2.06,2.0,175.8,138,65.08,7.69,7.8,2023-08-04
false,23.0,yes,0,0.0,3.0,240.0,115,56.9,9.05,8.0,2026-03-14
False,204.0,yes,1,2.44,2.0,206.9,97,70.55,6.94,8.7,2022-09-25
False,95.0,YES,0,,,210.0,150,54.79,10.71,8.6,2024-10-29
0,195.0,yes,0,0.0,3.0,213.3,86,48.35,6.58,9.2,2022-11-28
false,108.0,yes,0,0.0,,134.6,135,41.98,10.32,7.8,2024-07-27
No,142.0,Yes,0,0.0,1.0,80.5,93,36.85,13.5,8.5,2023-12-02
No ,65.0,yes,1,1.52,1.0,177.6,96,67.74,13.05,5.6,2025-05-26
No,146.0,yes,0,0.0,1.0,173.5,113,46.23,9.91,11.6,2023-11-04
No,168.0,YES,0,0.0,3.0,125.2,98,46.52,11.97,10.2,2023-06-08
No ,19.0,No,0,0.0,0.0,147.9,108,38.45,8.07,11.0,2026-04-17
false,122.0,yess,0,0.0,1.0,162.3,109,40.69,7.2,12.9,2024-04-24
no,168.0,yes,1,3.82,4.0,164.7,126,85.34,10.71,14.1,2023-06-06
0,160.0,no ,1,2.84,2.0,96.1,110,58.38,7.68,10.6,2023-08-04
NO,130.0,yes,1,2.22,1.0,208.0,114,74.65,9.07,7.9,2024-02-27
No,51.0,Yes,1,1.81,1.0,171.1,118,65.51,10.32,6.6,2025-09-03
false,35.0,YES,1,1.08,2.0,48.5,61,37.63,10.08,4.2,2025-12-23
NO,193.0,no,1,3.09,0.0,258.0,83,93.11,11.09,11.1,2022-12-15
False,,YES,0,0.0,2.0,214.3,88,55.55,10.79,11.2,2026-07-12
YES,22.0,no,0,0.0,1.0,147.0,125,44.17,10.99,14.5,2026-03-23
No,48.0,YES,0,0.0,1.0,101.9,127,30.54,7.16,10.1,2025-09-20
Si,0.0,Yes,0,0.0,4.0,321.4,104,78.02,13.17,11.5,2026-08-26
0,124.0,yes,0,0.0,1.0,124.3,107,49.78,16.2,7.4,2024-04-08
No ,82.0,yes,0,0.0,1.0,223.3,114,56.96,10.73,0.0,2025-01-27
Si,110.0,yes,0,0.0,,172.2,151,43.09,7.43,15.9,2024-07-18
False,168.0,yes,0,0.0,0.0,233.4,96,57.17,10.38,11.9,2023-06-03
No,72.0,yes ,1,3.99,1.0,182.6,82,92.84,12.17,15.0,2025-04-09
0,96.0,yess,0,0.0,2.0,163.3,96,48.01,11.53,14.8,2024-10-20
No,13.0,Yes,1,2.8,1.0,96.7,83,60.14,8.96,10.3,2026-05-24
no,137.0,yes,0,0.0,2.0,259.2,90,65.7,10.54,9.4,2024-01-10
No ,12.0,yess,0,0.0,2.0,149.9,112,48.84,12.14,8.9,2026-05-30
No ,167.0,yes,0,0.0,4.0,221.0,105,48.5,5.82,11.4,2023-06-13
0,78.0,YES,0,0.0,2.0,144.0,81,35.66,6.66,15.5,2025-02-23
No ,80.0,yes,1,3.67,5.0,254.8,77,99.83,11.35,13.8,2025-02-09
false,193.0,yes,0,0.0,3.0,218.4,90,61.71,13.71,9.6,
No,137.0,Yes,1,3.96,2.0,193.1,91,92.95,12.31,14.7,2024-01-12
Yes,160.0,YES,1,2.65,4.0,163.2,83,68.89,8.6,9.7,2023-08-01
YES,167.0,yess,0,0.0,0.0,294.7,92,69.6,11.31,12.3,2023-06-16
No ,77.0,Yes,1,2.48,0.0,213.7,110,81.6,10.74,9.4,2025-03-06
False,57.0,yes,1,3.33,3.0,316.9,104,104.69,10.47,12.0,2025-07-20
SI,196.0,no ,0,0.0,3.0,136.9,106,38.45,9.2,13.0,2022-11-23
NO,86.0,yes,0,0.0,0.0,205.6,100,48.57,8.13,9.5,2025-01-03
No ,155.0,no,1,2.98,1.0,213.2,122,79.05,6.96,11.1,2023-09-04
NO,172.0,Yes,0,0.0,0.0,112.9,70,43.29,12.69,7.4,2023-05-08
No ,129.0,yes ,1,3.32,1.0,125.5,101,72.16,10.27,12.3,2024-03-03
false,120.0,yes,0,0.0,2.0,161.4,124,49.74,12.31,7.2,2024-05-07
no,73.0,yes,0,0.0,4.0,185.9,79,52.63,12.16,7.6,2025-03-30
No,12.0,YES,0,0.0,2.0,86.3,99,36.56,12.95,9.1,2026-05-30
No ,89.0,yess,0,0.0,2.0,214.1,68,53.11,8.02,9.5,2024-12-10
No ,199.0,yes,0,0.0,3.0,146.7,111,,7.34,9.8,2022-11-04
NO,4.0,yes,0,0.0,3.0,166.6,86,,8.06,10.1,2026-07-25
0,97.0,yes,0,0.0,2.0,140.0,104,37.41,7.62,12.5,2024-10-12
No ,152.0,yes,0,0.0,1.0,168.8,98,46.56,8.7,7.8,2023-09-24
true,53.0,YES,0,0.0,2.0,248.6,126,64.85,12.72,8.9,2025-08-16
NO,142.0,no,0,0.0,1.0,183.9,113,46.0,8.33,10.1,2023-12-03
NO,75.0,yes,0,0.0,,198.2,159,46.72,7.82,9.2,2025-03-17
NO,87.0,yes,0,0.0,1.0,132.2,59,37.77,7.91,10.4,2024-12-25
false,187.0,yes ,0,,1.0,144.4,80,47.65,11.39,8.5,2023-01-25
true,126.0,yes,0,0.0,2.0,277.3,123,63.01,9.0,9.5,2024-03-28
false,65.0,yess,0,0.0,2.0,222.4,101,56.31,10.06,7.0,2025-05-27
No,28.0,yes,1,2.88,3.0,169.1,122,70.03,6.71,11.0,2026-02-09
No ,37.0,Yes,0,0.0,1.0,157.2,99,46.81,10.61,7.7,2025-12-12
No,177.0,yess,0,0.0,3.0,114.2,96,39.44,9.62,10.4,2023-04-07
No,59.0,yes,0,0.0,1.0,208.1,138,55.06,10.71,11.8,2025-07-09
False,154.0,yess,0,0.0,1.0,169.2,95,41.89,6.91,13.0,2023-09-10
0,202.0,yes,0,0.0,1.0,207.3,99,51.77,10.44,10.2,2022-10-11
No ,106.0,yes,1,2.61,3.0,159.2,101,67.86,8.37,9.6,2024-08-12
No,85.0,yess,0,0.0,3.0,190.5,108,58.87,13.39,7.7,2025-01-06
No,20.0,YES,0,0.0,3.0,99.9,89,39.68,11.44,10.9,2026-04-09
false,156.0,no,1,3.04,2.0,236.1,130,88.32,9.58,11.5,2023-08-31
false,115.0,Yes,1,4.04,0.0,218.3,78,91.93,8.19,14.9,2024-06-12
no,44.0,yes ,0,0.0,1.0,115.5,114,41.83,10.04,12.3,2025-10-18
No,165.0,yes,0,,1.0,168.4,82,44.99,9.32,10.3,2023-06-29
false,54.0,yes,0,0.0,0.0,204.0,99,59.87,14.58,10.5,2025-08-09
False,137.0,yes ,1,3.23,2.0,251.3,79,87.16,6.9,11.9,2024-01-06
NO,172.0,Yes,0,0.0,1.0,153.3,107,34.93,4.65,10.1,2023-05-10
Si,155.0,yes,0,0.0,1.0,98.9,85,35.56,10.44,12.6,2023-09-06
0,134.0,Yes,0,0.0,3.0,109.0,140,38.2,9.3,10.0,2024-01-29
No ,144.0,No,1,,1.0,215.2,80,93.96,12.62,12.7,2023-11-23
No,137.0,yes,0,0.0,2.0,90.0,128,30.99,9.03,14.1,2024-01-09
false,88.0,yess,1,3.14,2.0,157.1,114,80.72,13.84,11.7,2024-12-17
NO,129.0,YES,0,0.0,3.0,124.9,99,46.1,12.51,11.2,2024-03-07
SI,139.0,yes ,0,0.0,0.0,274.1,76,66.15,8.84,8.2,2023-12-26
No,138.0,yes,0,0.0,2.0,172.3,103,50.18,12.26,13.0,2023-12-30
No ,15.0,yes,0,,1.0,171.3,54,,9.6,13.3,2026-05-15
No ,172.0,yes,0,0.0,3.0,138.4,89,37.65,8.54,13.6,2023-05-11
true,184.0,yes ,0,0.0,3.0,272.1,119,66.88,11.33,16.6,2023-02-14
YES,74.0,yes,0,0.0,4.0,152.9,123,36.7,5.65,15.4,2025-03-23
True,172.0,yes,0,0.0,,136.9,106,40.4,10.47,10.3,2023-05-10
0,171.0,Yes,0,0.0,1.0,99.0,95,40.58,13.52,10.7,2023-05-14
no,51.0,yes ,0,0.0,0.0,158.4,137,48.16,12.16,6.4,2025-08-30
No ,80.0,no,0,0.0,1.0,189.1,77,54.92,13.4,1.4,2025-02-10
false,,no ,0,0.0,2.0,149.6,137,37.64,7.94,8.6,
No ,76.0,yes,0,0.0,3.0,253.0,119,50.64,4.65,13.8,2025-03-09
No,94.0,yes ,0,0.0,3.0,215.3,140,50.36,7.34,7.1,2024-11-07
NO,100.0,yes ,0,0.0,1.0,115.9,77,1500.0,10.65,10.7,2024-09-22
NO,86.0,yes ,0,0.0,1.0,228.3,81,52.54,8.12,8.2,2025-01-02
No,185.0,Yes,0,0.0,2.0,239.7,97,54.72,8.31,10.4,2023-02-08
no,28.0,yes,0,0.0,2.0,231.0,92,54.89,9.17,8.7,2026-02-11
Yes,185.0,yes,0,0.0,1.0,107.7,107,38.27,10.43,7.9,2023-02-09
NO,79.0,YES,0,0.0,2.0,150.5,111,43.92,9.06,11.7,2025-02-21
No,169.0,yes,1,4.48,0.0,269.4,78,110.94,12.4,16.4,2023-06-02
No,39.0,yes,1,2.31,0.0,288.5,100,91.09,10.18,8.6,2025-11-27
Si,63.0,YES,0,0.0,2.0,226.6,127,67.59,15.22,12.5,2025-06-13
NO,60.0,yes,1,4.04,0.0,186.8,123,94.1,13.12,15.1,2025-07-02
yes,32.0,yes,0,0.0,5.0,176.0,109,52.21,10.53,9.2,2026-01-12
False,160.0,yes,1,2.38,2.0,144.8,112,65.41,9.69,8.7,2023-07-30
No,124.0,yes,0,0.0,2.0,139.6,91,40.17,7.37,8.1,2024-04-08
no,29.0,yes,0,0.0,1.0,195.0,108,51.68,9.17,10.9,2026-01-31
no,81.0,No,0,0.0,0.0,235.7,97,58.41,10.43,4.4,2025-02-03
NO,,yes ,0,0.0,0.0,228.0,89,55.87,9.78,14.9,2023-10-17
0,40.0,Yes,1,0.1,1.0,165.7,121,44.56,9.48,0.0,2025-11-16
no,103.0,yes,0,0.0,2.0,241.9,66,54.5,7.67,10.3,2024-09-02
No,74.0,yes,0,0.0,3.0,139.4,115,43.49,11.97,9.7,2025-03-25
No,96.0,YES,1,2.65,3.0,166.7,112,70.89,8.73,9.5,2024-10-22
False,155.0,yes,0,0.0,3.0,209.2,107,55.92,11.45,7.7,2023-09-03
No,86.0,yes,0,0.0,4.0,178.6,86,49.07,10.2,9.2,2025-01-01
No ,148.0,yess,1,3.25,2.0,242.9,92,92.87,10.62,12.0,2023-10-25
false,14.0,no,0,0.0,3.0,144.6,82,40.56,7.4,12.4,2026-05-21
0,5.0,yes,0,0.0,0.0,226.8,89,56.58,9.71,14.8,2026-07-22
false,9.0,yes,0,0.0,1.0,145.4,74,38.07,7.42,11.4,2026-06-26
False,60.0,yes,1,1.74,0.0,208.5,78,67.54,7.96,6.5,2025-06-30
No,28.0,Yes,1,2.66,2.0,278.5,99,91.82,11.09,9.7,2026-02-11
0,76.0,yes,1,,1.0,151.8,102,,7.1,12.9,2025-03-10
false,178.0,yes,1,2.75,2.0,129.6,98,59.95,5.28,10.2,2023-03-28
No ,119.0,yes ,0,0.0,2.0,167.8,127,39.37,6.25,2.9,2024-05-13
No,119.0,yes,1,2.27,1.0,179.6,89,64.51,6.56,8.2,2024-05-14
Si,196.0,YES,0,0.0,1.0,244.4,116,67.48,14.39,8.8,2022-11-19
false,53.0,yes,0,0.0,3.0,202.5,104,52.58,10.4,11.8,2025-08-16
no,161.0,yes,1,1.93,3.0,89.3,104,43.77,5.41,7.0,2023-07-24
NO,146.0,yes,0,0.0,0.0,115.5,91,40.32,10.87,11.2,2023-11-06
false,49.0,yes,0,0.0,3.0,125.3,90,,8.76,7.5,2025-09-17
no,62.0,yess,0,0.0,1.0,142.5,100,48.26,11.48,11.4,2025-06-15
0,148.0,n0,0,0.0,3.0,147.3,82,41.25,7.42,12.5,2023-10-26
0,23.0,yes,0,0.0,1.0,212.3,70,54.51,10.85,7.7,2026-03-14
No ,198.0,yes,0,0.0,0.0,148.5,120,42.67,9.96,14.3,2022-11-10
No,186.0,yes,1,3.58,0.0,63.3,113,60.81,8.32,13.4,2023-01-28
No,192.0,no,0,0.0,1.0,267.9,119,60.85,9.13,10.3,2022-12-19
No,50.0,yes,0,0.0,1.0,152.4,104,47.61,12.89,9.2,2025-09-11
si,178.0,No,0,0.0,0.0,46.8,120,24.24,9.03,13.4,2023-03-27
No,182.0,yes,0,0.0,2.0,127.5,81,45.19,14.11,10.0,2023-03-02
false,162.0,yes,1,2.91,1.0,169.8,105,64.47,3.31,10.8,2023-07-17
si,88.0,no,0,0.0,0.0,47.8,89,31.82,13.25,13.2,2024-12-14
0,42.0,YES,0,0.0,1.0,187.4,83,55.04,13.59,10.1,2025-11-01
No ,61.0,Yes,1,3.94,1.0,183.0,105,94.29,14.12,14.6,2025-06-26
False,73.0,n0,0,0.0,0.0,163.6,99,40.37,7.7,6.4,2025-04-04
True,59.0,YES,0,0.0,1.0,96.5,85,35.18,10.6,12.4,2025-07-08
No,166.0,yes,0,0.0,0.0,168.1,95,43.86,7.95,10.5,2023-06-18
yes,129.0,n0,1,3.64,3.0,129.5,90,73.81,8.44,13.6,2024-03-05
No ,45.0,yes,1,2.36,1.0,208.2,112,80.33,12.5,8.7,2025-10-11
False,3.0,yes,1,1.51,,148.8,109,64.32,13.36,5.9,2026-08-05
1,116.0,yes ,0,0.0,1.0,242.8,116,66.27,14.32,9.1,2024-06-07
No ,204.0,yess,0,0.0,2.0,189.9,152,45.14,7.4,15.2,2022-09-29
No,101.0,yes,0,0.0,2.0,172.6,97,48.41,8.83,12.9,2024-09-18
no,30.0,yes ,1,2.65,3.0,155.6,138,76.65,13.46,9.8,2026-01-26
si,176.0,n0,1,4.02,0.0,156.0,89,76.01,5.43,14.8,2023-04-08
No,182.0,Yes,1,2.64,3.0,155.3,138,76.09,13.29,9.7,2023-03-02
No,12.0,yes,0,0.0,2.0,254.6,119,56.32,7.54,9.6,2026-06-01
No,196.0,yess,0,0.0,1.0,123.0,100,36.09,8.67,7.9,2022-11-23
0,151.0,yess,1,3.15,2.0,118.6,115,71.42,11.12,12.0,2023-10-05
false,32.0,yes,1,3.61,1.0,133.7,62,75.94,9.25,13.3,2026-01-11
No,112.0,Yes,0,0.0,1.0,194.0,96,47.87,8.47,11.4,2024-07-03
Yes,124.0,yess,0,0.0,0.0,145.5,125,43.46,10.22,13.3,2024-04-06
0,166.0,Yes,0,0.0,3.0,185.8,119,50.12,10.13,13.9,2023-06-19
0,173.0,YES,0,0.0,1.0,220.7,113,56.89,10.78,0.2,2023-05-02
No,97.0,Yes,0,0.0,2.0,71.5,119,35.79,13.43,12.0,2024-10-18
No,96.0,yes,0,0.0,3.0,55.6,95,33.22,13.2,11.8,2024-10-20
0,82.0,yes,0,0.0,0.0,119.0,100,34.9,7.92,9.4,2025-01-25
SI,155.0,yes,0,0.0,,123.8,105,37.38,9.56,13.1,2023-09-08
No,137.0,no,0,0.0,2.0,200.2,115,58.41,14.45,11.2,2024-01-12
No ,131.0,yes,0,0.0,1.0,191.6,43,46.56,8.02,8.6,2024-02-23
No ,35.0,no,0,0.0,1.0,268.5,80,61.18,8.75,11.6,2025-12-22
No ,38.0,yess,1,3.57,2.0,142.8,106,86.86,15.7,13.2,2025-11-29
No,14.0,yes,0,0.0,2.0,47.2,108,21.46,7.52,9.7,2026-05-22
False,110.0,Yes,1,2.19,0.0,138.3,95,53.32,4.04,8.3,2024-07-13
No ,155.0,yes,0,0.0,2.0,160.9,141,45.96,10.51,13.1,2023-09-04
No,154.0,yes,0,0.0,0.0,149.1,120,43.03,10.12,14.2,2023-09-09
false,154.0,Yes,0,0.0,1.0,178.4,97,45.48,9.17,8.1,2023-09-14
False,91.0,yes,0,0.0,2.0,160.3,96,49.63,12.14,9.2,
No,109.0,yess,0,0.0,2.0,139.5,91,42.15,10.4,7.4,2024-07-20
No,195.0,Yes,1,2.61,0.0,186.6,95,79.11,12.62,9.5,2022-11-26
True,47.0,yess,0,0.0,5.0,141.1,113,36.74,7.98,10.4,2025-09-30
False,,yes,0,0.0,0.0,75.5,97,32.73,11.29,14.0,2026-05-16
False,193.0,YES,0,0.0,1.0,175.5,80,50.43,11.95,10.2,2022-12-12
0,189.0,YES,0,0.0,0.0,192.6,111,46.34,7.96,10.9,2023-01-10
No,74.0,Yes,0,,2.0,217.9,31,53.24,7.16,10.9,2025-03-27
No,129.0,yes,0,0.0,4.0,213.7,84,67.83,16.58,9.3,2024-03-05
NO,76.0,yes ,1,2.87,0.0,147.0,106,67.72,8.37,10.3,2025-03-09
false,61.0,yes,0,0.0,1.0,208.3,113,54.47,10.9,8.2,2025-06-27
1,62.0,yes,0,0.0,1.0,294.9,70,67.64,9.66,13.2,2025-06-20
No,140.0,yes ,1,2.47,2.0,279.8,101,90.33,10.01,8.8,2023-12-22
no,207.0,yes,1,2.62,0.0,152.9,123,74.32,12.79,9.6,2022-09-06
NO,129.0,Yes,0,0.0,2.0,186.6,132,47.78,6.66,7.4,2024-03-06
NO,56.0,Yes,0,0.0,0.0,170.6,69,52.72,13.57,10.6,2025-07-27
No,68.0,yes,0,0.0,1.0,147.0,71,40.34,8.2,8.2,2025-05-08
No,177.0,YES,0,0.0,2.0,143.5,108,40.07,8.91,8.3,2023-04-05
Yes,132.0,yes ,0,0.0,0.0,113.0,95,37.23,10.56,13.9,
No,88.0,yess,0,0.0,1.0,196.0,100,45.59,6.58,13.4,2024-12-14
NO,163.0,yes,0,0.0,0.0,161.5,108,47.86,11.02,5.1,2023-07-13
false,176.0,YES,0,0.0,4.0,216.3,123,57.53,12.1,10.2,2023-04-09
Yes,,yes,0,0.0,1.0,228.9,129,68.01,16.82,9.7,2026-05-23
No,102.0,yes,1,3.5,0.0,96.0,87,75.2,13.15,13.4,2024-09-11
NO,194.0,NO,0,0.0,1.0,111.1,126,46.09,15.77,10.6,2022-12-08
SI,143.0,YES,0,0.0,0.0,168.3,107,59.26,17.48,11.3,2023-11-26
0,73.0,Yes,1,3.55,1.0,263.5,93,93.9,7.46,12.9,2025-03-31
0,43.0,Yes,0,0.0,,176.0,67,52.97,12.55,10.2,2025-10-27
No,50.0,yes,0,0.0,2.0,150.7,100,44.3,10.23,12.0,2025-09-08
No ,195.0,yes,0,0.0,2.0,47.1,125,26.42,8.5,10.4,2022-11-28
si,56.0,yes,1,1.73,4.0,96.2,59,61.58,15.91,6.1,2025-07-30
False,24.0,yess,0,0.0,3.0,135.8,73,37.27,7.93,14.7,2026-03-07
False,109.0,yes,1,0.98,1.0,138.8,59,53.05,11.12,3.8,2024-07-24
Yes,90.0,yes,1,2.87,4.0,202.3,119,75.83,6.69,10.8,2024-12-04
No,96.0,yes,0,0.0,0.0,160.1,87,46.02,10.77,11.0,2024-10-25
no,45.0,yes,1,1.63,2.0,185.3,139,65.05,10.16,5.9,2025-10-17
false,173.0,yes ,0,0.0,2.0,48.3,124,25.16,8.45,10.4,2023-04-30
No,168.0,yess,0,0.0,3.0,208.4,107,,8.11,13.3,2023-06-06
False,10.0,yess,0,,0.0,241.9,123,47.27,3.03,11.3,2026-06-19
No,125.0,yes,0,0.0,1.0,159.0,112,56.58,14.55,7.3,2024-04-03
Yes,175.0,Yes,1,2.59,2.0,218.0,125,82.54,11.68,9.1,2023-04-19
No,,yes,1,2.72,2.0,92.6,93,67.89,14.47,10.0,2022-12-20
SI,196.0,Yes,0,0.0,0.0,292.8,143,67.79,10.62,10.0,2022-11-20
No,36.0,YES,0,0.0,1.0,217.8,65,56.19,10.84,5.1,2025-12-13
NO,103.0,Yes,0,0.0,2.0,143.1,82,44.04,11.58,9.9,2024-09-03
NO,124.0,yes,0,0.0,0.0,110.3,101,38.74,11.17,11.1,2024-04-06
false,161.0,yes,0,0.0,,245.4,80,58.83,8.43,6.7,2023-07-23
Yes,34.0,no,0,0.0,4.0,47.9,103,23.75,9.32,9.6,2026-01-02
No ,30.0,yes,1,2.34,2.0,148.0,112,65.42,9.85,8.7,2026-01-24
Yes,99.0,yes,1,2.43,6.0,109.2,89,66.1,13.22,9.0,2024-09-29
No ,85.0,yes,1,2.97,1.0,172.8,105,64.09,3.24,11.0,2025-01-04
No,22.0,NO,0,0.0,3.0,236.4,91,53.19,7.55,11.2,2026-03-24
0,94.0,yes,0,0.0,1.0,222.1,140,51.43,7.97,11.2,2024-11-05
False,145.0,yess,1,2.86,1.0,90.9,85,56.84,6.89,10.6,2023-11-14
NO,50.0,yes,0,0.0,3.0,224.2,132,57.35,11.55,11.1,2025-09-12
0,110.0,yes,1,2.4,2.0,199.9,107,70.08,6.85,8.8,2024-07-13
No,50.0,yess,0,0.0,2.0,223.0,100,56.18,10.18,6.9,2025-09-12
No,159.0,YES,1,2.72,1.0,116.8,70,59.37,7.43,10.0,2023-08-11
no,6.0,yes ,1,2.77,1.0,230.9,105,84.07,9.68,10.4,2026-07-16
no,116.0,yes,0,0.0,2.0,215.4,109,56.9,11.63,8.7,2024-06-06
True,170.0,Yes,1,3.02,2.0,184.6,84,78.11,10.08,11.1,2023-05-21
No ,128.0,yess,1,2.83,2.0,194.1,98,80.02,11.26,10.2,2024-03-12
No,141.0,yes,0,0.0,1.0,199.9,52,57.7,11.43,11.9,2023-12-09
False,21.0,YES,0,0.0,0.0,61.0,126,15.52,3.34,11.6,2026-03-30
0,50.0,yes,1,3.71,1.0,171.8,87,80.14,7.31,14.2,2025-09-12
NO,72.0,YES,0,0.0,2.0,152.2,81,48.12,12.69,5.2,2025-04-11
no,153.0,yes,0,,3.0,239.1,95,62.45,12.23,12.4,2023-09-21
No ,174.0,yes ,0,0.0,3.0,177.1,130,39.94,5.66,6.5,2023-04-25
NO,113.0,yess,1,3.04,2.0,111.7,90,67.61,10.37,11.1,2024-06-23
No ,132.0,no,0,,0.0,248.5,104,61.4,10.61,9.5,2024-02-12
no,15.0,yes,0,0.0,3.0,201.4,96,56.33,10.65,13.4,2026-05-14
False,94.0,yes ,0,0.0,,224.5,116,54.85,9.5,11.3,2024-11-07
No,7.0,NO,0,0.0,1.0,122.8,107,40.12,10.69,5.4,2026-07-08
Si,113.0,no ,0,0.0,0.0,46.7,88,31.28,13.26,13.2,2024-06-22
false,113.0,no,0,0.0,0.0,227.6,100,52.28,7.33,7.7,2024-06-27
No,138.0,YES,0,0.0,1.0,163.7,99,55.75,15.9,8.3,2024-01-05
YES,55.0,YES,1,3.43,4.0,154.7,89,73.54,7.56,12.7,2025-08-08
No,190.0,Yes,0,0.0,1.0,152.6,105,35.28,4.65,10.1,2023-01-01
False,,yes,1,2.82,2.0,209.7,68,77.69,7.28,10.7,2025-01-03
NO,11.0,yes,0,0.0,1.0,89.9,141,38.75,10.53,9.3,2026-06-11
0,82.0,no,1,2.76,1.0,151.3,99,65.85,7.45,10.0,2025-01-31
Yes,50.0,yess,0,0.0,1.0,140.4,119,44.9,11.33,10.2,2025-09-09
Yes,1.0,yes,0,0.0,4.0,301.8,135,78.14,12.82,13.4,2026-08-20
False,192.0,yes,1,2.09,3.0,231.5,92,74.03,8.41,7.6,2022-12-21
No,174.0,yess,1,2.97,0.0,158.8,115,74.97,10.55,10.8,2023-04-27
NO,157.0,yes ,0,0.0,2.0,142.1,91,46.04,12.5,10.7,2023-08-20
NO,151.0,Yes,1,2.12,1.0,236.6,123,81.78,11.91,7.6,2023-10-03
no,149.0,yes,0,0.0,2.0,142.0,131,36.97,7.46,7.0,2023-10-16
NO,90.0,yess,0,0.0,3.0,215.7,119,59.22,11.57,0.0,2024-12-01
no,183.0,yes,0,0.0,1.0,126.0,107,50.18,16.17,7.5,2023-02-24
No ,45.0,yess,1,3.25,2.0,146.8,35,80.48,13.2,12.0,2025-10-15
false,76.0,yes,0,0.0,1.0,140.2,122,46.41,12.74,6.3,2025-03-09
No,179.0,yes,0,0.0,3.0,200.7,160,46.09,7.85,9.3,2023-03-19
NO,124.0,yes,1,3.18,0.0,70.3,57,54.4,6.33,11.6,2024-04-06
true,193.0,Yes,0,0.0,4.0,143.5,120,44.26,11.68,7.8,2022-12-10
no,141.0,yess,0,0.0,0.0,124.0,70,44.26,13.73,3.4,2023-12-12
NO,165.0,yess,0,0.0,1.0,135.7,102,44.2,10.73,11.1,2023-06-25
No,153.0,yess,1,3.67,2.0,242.5,110,88.84,6.89,13.4,2023-09-16
No,50.0,YES,0,0.0,2.0,139.3,92,39.6,9.44,9.5,2025-09-10
no,71.0,yes,0,0.0,1.0,118.7,92,39.21,8.69,12.1,2025-04-17
No,130.0,yess,0,0.0,0.0,242.3,103,54.18,7.25,11.7,2024-02-27
SI,129.0,yes,0,0.0,1.0,295.0,69,66.93,9.53,13.3,2024-03-04
0,79.0,Yes,0,0.0,2.0,226.8,143,57.24,10.21,13.2,2025-02-18
No ,152.0,yes,0,0.0,2.0,88.1,100,37.22,12.97,9.2,2023-09-26
NO,165.0,yes,1,2.86,0.0,112.3,69,61.7,7.77,10.7,2023-06-30
false,46.0,Yes,1,2.68,2.0,275.7,98,92.72,11.0,9.8,2025-10-04
False,125.0,yes,1,1.19,1.0,144.9,72,57.26,12.46,4.2,2024-04-01
No ,17.0,yess,0,0.0,1.0,255.5,76,62.02,9.03,8.4,2026-04-25
false,2.0,yes,1,2.54,3.0,176.8,94,74.12,10.64,9.4,2026-08-13
False,47.0,yes ,0,0.0,1.0,92.9,128,29.39,7.42,10.7,2025-10-03
0,139.0,yess,1,3.58,4.0,279.1,136,103.08,10.87,13.4,2023-12-23
YES,65.0,yess,0,0.0,1.0,266.9,79,69.1,14.07,8.3,2025-05-27
false,74.0,yes,0,0.0,1.0,202.5,109,45.8,6.35,11.1,2025-03-23
No,81.0,yess,0,0.0,5.0,195.9,82,49.97,9.39,9.1,2025-02-02
no,114.0,NO,0,0.0,0.0,223.0,97,56.98,10.91,6.4,
NO,95.0,Yes,0,0.0,1.0,168.4,104,50.33,9.98,11.6,2024-10-27
No,77.0,no ,1,,1.0,158.8,110,74.22,8.6,12.0,2025-03-02
No,190.0,Yes,0,0.0,0.0,235.7,109,53.55,7.75,12.0,2023-01-01
No,93.0,no,0,0.0,2.0,299.2,70,56.23,3.18,6.5,2024-11-14
No,48.0,yes,0,0.0,0.0,179.1,97,54.94,12.6,8.0,2025-09-26
No,40.0,yes,1,2.27,3.0,252.4,112,81.66,8.82,8.5,2025-11-18
Yes,181.0,yes ,0,0.0,1.0,281.2,114,69.33,11.09,9.4,2023-03-05
no,20.0,Yes,0,0.0,2.0,184.1,106,48.69,10.32,10.0,2026-04-04
No,197.0,Yes,0,0.0,2.0,123.4,145,45.61,13.73,8.0,2022-11-18
no,8.0,yes,0,0.0,1.0,127.1,55,52.39,17.73,10.9,2026-06-27
false,103.0,yes ,1,2.94,1.0,191.2,111,78.33,8.83,11.1,2024-09-02
yes,138.0,yes,0,0.0,2.0,251.4,67,65.08,13.15,13.4,2023-12-30
0,105.0,yes,1,1.91,4.0,207.6,137,72.75,10.05,7.5,2024-08-20
No,29.0,YES,0,0.0,3.0,184.2,84,51.51,11.89,9.0,2026-02-05
No,128.0,yes ,0,0.0,0.0,136.5,118,42.7,10.19,13.4,2024-03-09
si,155.0,yes,0,0.0,1.0,177.1,94,46.68,9.63,10.4,2023-09-06
NO,155.0,yes,0,0.0,3.0,51.3,89,23.39,8.08,9.4,2023-09-08
NO,136.0,yes,0,0.0,0.0,142.6,88,42.36,10.23,9.1,2024-01-19
False,140.0,yes,0,0.0,2.0,183.5,114,47.5,9.54,10.1,2023-12-18
No ,82.0,yes,0,0.0,1.0,135.7,95,41.9,10.6,8.6,2025-01-25
No,44.0,yes,0,0.0,3.0,178.8,71,52.23,12.58,8.5,2025-10-22
no,170.0,yes,0,0.0,1.0,171.9,99,46.51,8.76,7.8,2023-05-21
False,107.0,Yes,0,0.0,0.0,257.2,106,61.18,7.54,10.2,2024-08-09
No,11.0,Yes,0,0.0,1.0,221.6,106,54.19,9.57,12.1,2026-06-10
no,127.0,yes,0,0.0,1.0,194.5,74,51.57,10.48,8.0,2024-03-17
No,38.0,yes,0,0.0,1.0,208.1,48,57.62,11.95,9.8,2025-11-29
No,21.0,yes,0,0.0,0.0,194.3,102,53.52,12.01,11.9,2026-03-31
no,41.0,yes,0,0.0,3.0,137.6,110,43.65,11.97,14.0,2025-11-10
0,2.0,yes,0,0.0,2.0,64.7,97,26.01,8.37,13.8,2026-08-11
no,128.0,YES,0,0.0,2.0,162.2,110,46.88,10.95,6.7,2024-03-13
false,204.0,YES,0,0.0,4.0,160.6,116,43.77,9.52,12.1,2022-09-28
SI,58.0,yes,0,0.0,4.0,167.9,123,44.29,8.55,12.5,2025-07-18
Yes,8.0,Yes,0,0.0,2.0,175.9,95,51.17,12.44,8.3,2026-06-28
No,123.0,yes,1,2.55,3.0,157.1,102,67.12,8.59,9.7,2024-04-13
false,104.0,YES,0,0.0,0.0,212.7,105,56.17,10.25,8.9,2024-08-25
0,154.0,yes,1,2.28,3.0,261.4,65,76.51,5.23,8.5,2023-09-11
Yes,75.0,no,1,2.55,2.0,225.0,81,80.0,9.64,9.3,2025-03-19
No,162.0,yes,1,3.15,1.0,142.8,98,69.98,8.47,11.7,2023-07-17
No,143.0,yes,0,0.0,2.0,154.8,66,43.8,10.25,10.0,2023-11-26
NO,204.0,Yes,0,0.0,2.0,151.2,118,43.18,10.03,11.1,2022-09-27
false,73.0,YES,1,3.01,1.0,179.5,116,71.64,6.37,11.3,2025-03-29
No,60.0,yes,1,3.17,1.0,139.3,78,67.52,7.14,11.8,2025-06-30
no,169.0,yes,0,0.0,1.0,155.6,108,,9.61,14.1,2023-05-28
no,110.0,yess,0,0.0,1.0,254.7,120,56.54,7.86,6.1,2024-07-18
Yes,124.0,yes,0,0.0,2.0,320.8,107,76.9,12.58,11.4,2024-04-11
false,109.0,yes,0,0.0,1.0,275.5,104,58.56,6.7,8.2,2024-07-24
No,89.0,yes,1,,1.0,128.1,84,68.09,10.55,10.5,2024-12-12
0,146.0,no ,1,2.98,,260.1,84,92.95,10.99,11.3,2023-11-08
NO,165.0,Yes,1,1.91,1.0,163.8,109,64.22,10.51,6.7,2023-06-26
No,74.0,yes,0,0.0,2.0,183.5,97,48.54,10.05,8.8,2025-03-25
False,92.0,yes,0,0.0,5.0,176.6,84,54.51,14.05,10.4,2024-11-17
False,18.0,yes,1,,3.0,93.6,107,53.28,6.4,9.9,2026-04-19
No,201.0,yes,0,0.0,0.0,155.0,102,48.79,13.0,14.0,2022-10-15
No,64.0,yes,1,1.96,0.0,203.5,118,78.27,13.36,7.2,2025-06-06
false,48.0,No,0,0.0,2.0,159.7,61,45.28,10.37,9.1,2025-09-21
yes,199.0,yes,0,0.0,4.0,119.6,88,34.93,8.4,12.3,2022-11-04
false,183.0,yes,0,0.0,,176.3,78,52.18,12.82,6.2,2023-02-19
False,53.0,yes,1,1.09,2.0,170.1,72,57.47,10.11,4.1,2025-08-16
0,100.0,yes ,1,2.37,1.0,158.4,104,79.9,16.15,8.9,2024-09-26
Yes,,yes,0,0.0,1.0,303.2,104,71.4,11.74,5.7,
No,93.0,yes,0,0.0,3.0,129.9,90,36.1,8.72,7.6,2024-11-09
Yes,172.0,yes,0,0.0,0.0,324.9,48,76.56,11.81,13.1,2023-05-09
no,36.0,Yes,0,0.0,0.0,169.5,95,43.13,7.92,10.7,2025-12-18
Si,76.0,Yes,0,0.0,6.0,131.6,114,40.97,10.79,6.3,2025-03-10
false,159.0,YES,0,0.0,0.0,166.4,99,44.56,8.73,10.9,2023-08-10
SI,161.0,yess,0,0.0,1.0,269.6,105,70.81,11.26,10.1,2023-07-24
no,74.0,yess,0,0.0,3.0,153.7,115,42.76,9.44,12.2,2025-03-27
No,109.0,Yes,0,0.0,3.0,116.5,73,46.16,13.41,13.1,2024-07-24
no,49.0,yes,1,3.06,1.0,198.0,122,85.73,12.03,11.6,2025-09-18
SI,105.0,Yes,0,0.0,5.0,135.3,106,41.81,10.68,10.3,2024-08-20
NO,60.0,yes,1,3.62,1.0,134.1,62,75.79,9.24,13.6,2025-07-04
false,7.0,Yes,0,0.0,0.0,170.9,98,51.8,13.12,9.3,2026-07-06
No,75.0,yes,1,3.53,2.0,81.2,139,61.09,7.58,12.7,2025-03-21
No,32.0,yess,1,2.92,0.0,213.6,113,80.68,9.02,10.7,2026-01-10
False,19.0,YES,1,2.87,0.0,109.9,69,61.29,7.81,10.7,2026-04-17
No,,YES,0,0.0,1.0,167.4,94,53.15,12.94,10.1,
false,78.0,yes,0,0.0,2.0,169.9,100,,7.7,17.3,2025-02-23
NO,16.0,Yes,0,0.0,1.0,195.8,67,57.44,13.07,9.1,2026-05-07
No,148.0,yes,0,0.0,3.0,249.8,101,58.69,8.66,6.1,2023-10-24
no,148.0,yes,0,0.0,1.0,178.3,133,,4.74,8.4,2023-10-21
No ,109.0,Yes,0,0.0,2.0,109.4,134,31.12,7.15,10.8,2024-07-21
No,130.0,YES,0,0.0,1.0,118.8,90,32.3,7.2,8.3,2024-02-27
No ,15.0,yess,1,2.92,,206.0,79,79.4,8.71,11.0,2026-05-11
false,20.0,yes,0,0.0,2.0,229.5,93,54.23,9.27,8.8,2026-04-05
false,89.0,yes,0,0.0,3.0,214.3,108,54.05,9.32,6.4,2024-12-12
True,3.0,YES,0,0.0,5.0,165.6,97,45.64,9.65,11.0,2026-08-02
0,102.0,n0,0,0.0,0.0,236.6,97,58.24,10.35,4.6,2024-09-13
No ,41.0,Yes,0,0.0,3.0,183.1,100,45.69,8.13,6.2,2025-11-08
No ,66.0,yes,1,4.52,,192.2,103,,8.66,16.3,2025-05-20
No,97.0,yes,1,1.96,0.0,243.1,94,81.42,10.89,7.5,2024-10-14
No,203.0,yess,0,0.0,2.0,116.1,91,39.01,10.74,9.7,2022-10-05
0,169.0,Yes,0,0.0,2.0,89.9,89,34.12,10.43,5.7,2023-06-02
si,121.0,yes,0,0.0,4.0,62.9,116,20.52,3.76,8.1,2024-05-02
No ,112.0,Yes,1,2.01,4.0,207.6,136,74.3,9.98,7.6,2024-07-05
False,76.0,YES,0,,1.0,170.5,124,41.44,8.04,6.0,2025-03-10
0,70.0,yes,0,0.0,2.0,99.3,89,38.9,12.29,9.1,2025-04-23
False,182.0,yes ,0,0.0,1.0,154.1,92,45.01,10.23,12.3,2023-03-01
No ,181.0,Yes,1,2.57,0.0,238.8,81,85.67,10.29,10.0,2023-03-10
false,24.0,yes,0,0.0,1.0,198.3,106,59.81,14.34,11.3,2026-03-13
No ,66.0,yes ,0,0.0,3.0,230.4,117,59.23,11.22,7.6,2025-05-17
Si,139.0,no ,0,0.0,1.0,179.7,71,46.38,8.59,13.9,2023-12-26
0,120.0,no,0,0.0,1.0,171.9,112,53.09,13.69,8.7,2024-05-07
false,75.0,yes,0,0.0,2.0,208.0,97,56.84,10.63,7.6,2025-03-17
No,143.0,yes,1,2.23,1.0,170.9,110,67.84,10.07,7.9,2023-12-01
False,145.0,NO,1,3.32,0.0,173.5,100,81.62,10.62,12.2,2023-11-17
No ,16.0,yes,0,0.0,3.0,148.8,145,39.78,8.17,8.3,2026-05-07
False,117.0,yes,0,0.0,2.0,189.3,92,56.91,14.17,12.1,2024-05-31
No,81.0,Yes,0,0.0,0.0,220.5,128,61.13,12.11,6.4,2025-02-03
true,198.0,yes,0,0.0,2.0,228.5,120,65.98,13.81,10.0,2022-11-10
no,181.0,yess,1,2.95,1.0,93.5,105,67.47,12.51,11.0,2023-03-08
0,78.0,yes,1,2.06,1.0,92.2,104,49.97,7.36,7.8,2025-02-28
No ,103.0,yes,0,0.0,,132.4,101,45.8,12.85,11.6,2024-09-03
No ,178.0,yes,0,0.0,2.0,153.4,80,47.87,12.82,5.3,2023-03-29
false,180.0,no,0,0.0,0.0,193.9,107,52.75,9.27,11.7,2023-03-11
false,181.0,yes,0,0.0,0.0,185.3,126,52.75,11.8,9.1,2023-03-07
True,67.0,no,0,0.0,1.0,217.0,61,55.58,10.46,17.4,2025-05-11
0,45.0,yess,0,0.0,3.0,269.6,120,56.3,6.5,12.9,2025-10-13
No,146.0,Yes,1,3.5,2.0,185.8,97,73.02,3.86,12.6,2023-11-04
No ,138.0,yes ,0,0.0,2.0,138.1,106,35.2,7.18,9.7,2023-12-30
No,31.0,yes,1,2.88,1.0,170.5,115,78.83,12.01,10.6,2026-01-17
0,79.0,YES,0,0.0,5.0,167.3,120,49.77,10.74,13.1,2025-02-18
true,170.0,yes,0,0.0,2.0,329.1,66,74.39,8.84,10.8,2023-05-25
No ,179.0,yes ,1,2.19,,197.6,123,78.71,13.44,8.0,2023-03-18
No,42.0,yes ,1,3.48,2.0,156.4,51,80.78,11.86,12.7,2025-11-05
0,63.0,YES,0,0.0,2.0,196.8,112,57.07,12.17,10.9,2025-06-10
0,178.0,yes,0,0.0,0.0,84.1,96,33.08,11.19,12.7,2023-03-26
NO,117.0,yes ,1,3.15,1.0,172.4,106,82.12,12.38,11.5,2024-05-27
False,179.0,Yes,0,0.0,0.0,150.9,98,52.75,15.08,8.2,2023-03-22
No,123.0,no,0,0.0,,235.6,91,53.87,7.68,11.2,2024-04-16
yes,57.0,yes,0,0.0,0.0,294.0,142,67.74,10.64,9.9,2025-07-20
Yes,18.0,YES,0,0.0,1.0,267.2,112,64.85,9.49,6.3,2026-04-23
No,151.0,yess,0,0.0,1.0,142.9,123,45.58,12.83,6.3,2023-10-02
No,195.0,yess,0,0.0,3.0,202.5,90,59.77,14.55,8.7,2022-11-29
No,4.0,yes,1,2.01,3.0,148.3,111,59.99,8.15,7.6,2026-07-28
True,125.0,yes ,1,3.03,2.0,185.3,84,79.3,9.95,11.1,2024-04-03
No,-7.0,yes,0,0.0,1.0,237.1,121,53.2,7.12,9.3,2026-10-15
No,22.0,YES,0,0.0,2.0,184.8,98,59.28,16.39,7.4,2026-03-25
no,183.0,yes,0,0.0,2.0,157.6,99,40.65,5.91,6.8,2023-02-20
No,31.0,yes,0,0.0,2.0,176.6,88,54.55,13.48,13.9,2026-01-23
0,2.0,Yes,0,0.0,1.0,158.3,78,41.52,8.09,12.0,2026-08-10
NO,109.0,yes,1,2.52,2.0,161.8,85,72.18,11.11,9.4,2024-07-23
No ,54.0,yes,0,0.0,1.0,144.1,81,48.66,11.39,8.5,2025-08-14
false,180.0,YES,0,0.0,1.0,103.5,129,38.74,12.11,7.9,2023-03-11
No,68.0,yes,1,3.18,1.0,164.9,105,86.31,15.74,11.6,2025-05-04
No ,,yes,1,4.04,1.0,175.0,117,,13.86,14.7,2024-04-24
No ,203.0,YES,0,0.0,2.0,157.2,108,44.4,8.52,8.6,2022-10-06
True,191.0,no,0,0.0,2.0,244.5,110,57.61,9.1,12.1,2022-12-29
yes,139.0,yes,0,0.0,1.0,222.9,100,63.62,14.32,12.2,2023-12-25
No,2.0,yess,0,0.0,2.0,98.4,100,43.63,15.28,7.5,2026-08-09
False,170.0,yes,0,0.0,2.0,192.4,80,47.84,6.96,6.4,2023-05-21
SI,28.0,yes ,0,0.0,7.0,150.3,82,41.89,9.28,7.9,2026-02-13
No ,10.0,yes,0,0.0,0.0,168.0,89,45.89,9.52,4.4,2026-06-18
False,123.0,Yes,0,0.0,1.0,196.2,74,52.49,10.63,7.8,2024-04-17
No,165.0,yes,1,2.28,2.0,149.4,112,65.44,9.94,8.7,2023-06-28
NO,56.0,yess,0,0.0,1.0,157.9,123,45.03,10.67,8.6,2025-07-30
false,15.0,yes,0,,1.0,188.5,77,48.43,9.23,4.3,2026-05-11
0,81.0,yess,1,3.36,1.0,133.5,115,74.12,10.13,12.3,2025-02-02
NO,,No,0,0.0,0.0,226.0,100,52.21,7.26,7.7,2024-11-08
No,100.0,yes ,0,0.0,1.0,206.1,112,56.05,12.78,10.0,2024-09-23
No,146.0,yess,1,2.41,1.0,244.3,137,86.4,11.82,9.0,2023-11-04
No,28.0,yes,1,3.51,2.0,193.5,61,86.68,9.47,13.3,2026-02-11
false,72.0,Yes,0,0.0,1.0,161.3,103,49.92,13.43,10.3,2025-04-08
0,115.0,yes ,0,0.0,5.0,233.8,80,58.97,10.57,15.0,2024-06-09
No,121.0,yes,1,3.76,0.0,232.1,112,100.35,13.34,13.7,2024-05-03
no,202.0,Yes,0,0.0,5.0,230.9,80,58.02,10.45,14.9,2022-10-14
NO,180.0,yes,0,0.0,0.0,193.7,110,47.7,7.8,10.9,
False,26.0,Yes,0,0.0,1.0,193.1,95,49.7,10.04,18.3,2026-02-27
no,93.0,yes,0,0.0,0.0,118.4,97,35.39,9.64,12.2,2024-11-10
NO,191.0,yes,1,,3.0,212.8,115,76.1,8.12,9.4,2022-12-24
No,177.0,yes,0,0.0,3.0,181.5,70,47.1,9.61,10.5,2023-04-07
No,,YES,0,0.0,0.0,107.6,116,38.22,10.9,12.7,2025-06-06
NO,177.0,yes,0,0.0,2.0,118.1,113,37.66,10.36,14.3,2023-04-01
No,177.0,yes,0,0.0,0.0,212.6,103,54.6,10.4,5.6,2023-04-05
No,177.0,yes,0,0.0,2.0,107.9,107,38.04,11.01,8.9,2023-04-04
No,131.0,yes,1,3.79,0.0,191.6,87,90.71,11.04,14.2,2024-02-22
no,161.0,yes,0,0.0,1.0,197.9,71,43.66,6.36,14.2,2023-07-24
No,14.0,yes,1,3.45,2.0,198.4,94,88.71,12.17,12.8,2026-05-17
SI,119.0,yes,0,0.0,4.0,132.5,136,44.02,11.38,12.7,2024-05-12
0,97.0,YES,0,0.0,2.0,195.0,98,45.16,5.9,9.3,2024-10-13
Yes,35.0,yes ,0,0.0,7.0,148.4,83,42.11,9.31,8.0,2025-12-25
No,196.0,yes,0,0.0,0.0,212.6,116,49.72,8.19,9.3,2022-11-19
no,3.0,yess,0,0.0,2.0,176.2,88,53.97,13.45,14.1,2026-08-04
YES,187.0,yes,0,0.0,1.0,294.8,88,76.12,14.78,10.8,2023-01-21
No,57.0,YES,0,0.0,4.0,145.1,113,49.73,14.95,11.5,2025-07-24
False,100.0,yes ,0,0.0,1.0,191.2,90,47.87,8.95,13.0,2024-09-23
No ,191.0,YES,1,3.29,1.0,133.1,114,73.14,10.22,12.4,2022-12-25
False,96.0,yes,0,0.0,3.0,264.3,131,59.53,9.01,7.2,2024-10-19
No,56.0,yes,0,,0.0,205.8,115,54.61,10.63,9.6,2025-07-27
no,102.0,yes ,1,3.26,1.0,141.2,121,75.69,11.58,12.1,2024-09-07
No ,2.0,yess,0,0.0,,103.2,89,33.62,7.28,11.0,2026-08-10
False,42.0,yes,1,2.32,0.0,277.2,87,91.82,12.63,8.7,2025-11-04
No ,117.0,yes,0,0.0,2.0,123.7,107,49.75,15.92,7.3,2024-05-26
NO,203.0,yes,0,0.0,2.0,171.8,101,51.29,12.78,10.3,2022-10-07
no,116.0,yes,0,0.0,1.0,186.1,122,46.81,8.96,5.1,2024-06-01
False,79.0,yes,0,0.0,1.0,142.7,112,1500.0,15.34,9.7,2025-02-21
false,52.0,yes ,0,0.0,0.0,145.8,102,44.74,9.96,10.6,2025-08-23
No,24.0,yes,0,0.0,2.0,172.3,95,44.29,6.96,11.8,
false,115.0,YES,0,0.0,0.0,121.4,116,49.43,14.43,12.3,2024-06-13
No,132.0,yess,1,4.0,1.0,195.0,136,90.11,9.95,14.7,2024-02-10
false,153.0,yes,0,0.0,1.0,168.2,111,49.7,11.86,15.5,2023-09-22
No ,115.0,Yes,0,0.0,1.0,164.2,104,37.79,3.96,12.8,2024-06-09
No ,151.0,yes ,0,0.0,2.0,175.0,80,47.06,9.83,9.9,2023-09-30
No,196.0,yess,0,0.0,0.0,225.2,115,55.43,9.6,10.4,2022-11-21
no,124.0,yes,0,0.0,1.0,231.1,95,64.14,12.73,10.6,2024-04-08
false,139.0,yes,0,0.0,0.0,204.6,63,55.15,10.43,9.8,2023-12-25
False,78.0,No,0,0.0,1.0,170.1,113,53.44,13.58,8.7,2025-02-27
True,131.0,yes,0,0.0,4.0,72.5,107,27.41,7.88,9.2,2024-02-17
No,60.0,yes,1,3.44,1.0,153.1,102,73.54,7.06,12.8,2025-07-02
False,136.0,yess,0,0.0,2.0,265.3,122,58.3,7.62,10.8,2024-01-14
No ,30.0,yes,0,0.0,3.0,55.9,95,33.23,13.29,11.6,2026-01-26
false,99.0,yes,0,0.0,1.0,101.8,69,41.4,13.66,11.2,2024-09-28
No,100.0,yess,0,0.0,1.0,155.6,92,,9.64,13.1,2024-09-24
False,163.0,Yes,0,0.0,3.0,192.0,107,59.43,13.59,7.8,2023-07-14
No,71.0,YES,0,0.0,0.0,169.0,130,46.07,9.56,10.4,2025-04-18
false,130.0,yes,0,0.0,2.0,188.7,109,49.43,10.12,10.4,2024-02-29
No,189.0,Yes,1,2.09,1.0,200.8,70,,13.72,7.6,2023-01-07
false,176.0,yes,0,0.0,0.0,128.1,101,41.68,10.37,6.1,2023-04-10
no,154.0,Yes,1,3.57,4.0,210.0,89,93.45,12.2,13.0,2023-09-13
No,118.0,yes ,1,2.4,1.0,156.3,104,79.76,16.08,8.9,2024-05-21
No,33.0,yes,1,3.03,3.0,280.1,111,103.65,14.27,11.1,2026-01-08
No,119.0,No,0,,1.0,158.3,96,51.89,12.38,7.7,2024-05-15
NO,175.0,yes,0,0.0,1.0,193.6,90,50.26,9.84,8.6,2023-04-21
No,27.0,yes,0,0.0,3.0,194.8,116,47.31,8.35,13.9,2026-02-16
false,104.0,Yes,0,0.0,2.0,146.6,97,35.57,5.98,9.2,2024-08-28
yes,13.0,Yes,0,0.0,0.0,306.2,105,67.67,9.32,8.5,2026-05-26
No ,123.0,yes,0,0.0,1.0,198.7,138,48.68,8.34,5.5,2024-04-18
NO,93.0,yes,1,3.01,2.0,121.0,97,74.28,13.64,11.3,2024-11-09
false,142.0,yes,0,0.0,0.0,209.1,119,52.38,7.5,11.0,2023-12-04
No,118.0,yes,0,0.0,4.0,224.1,87,57.42,11.23,12.9,2024-05-24
si,81.0,yes,0,0.0,0.0,281.5,124,74.97,15.13,8.8,2025-02-01
Si,36.0,yes,0,0.0,1.0,291.6,104,70.2,11.63,8.9,2025-12-16
No,161.0,yes,0,0.0,1.0,204.1,91,48.92,7.55,14.6,2023-07-22
false,49.0,yes,1,2.79,3.0,244.2,109,81.12,6.24,10.5,2025-09-15
NO,92.0,YES,0,0.0,2.0,238.2,135,57.22,9.25,10.5,2024-11-17
False,156.0,yes ,0,0.0,2.0,183.8,101,58.36,16.43,11.1,2023-09-01
No,,yes,0,0.0,2.0,222.8,107,54.83,10.01,9.4,2022-11-30
No,206.0,yes ,0,0.0,1.0,161.9,83,43.34,7.68,14.1,2022-09-14
0,204.0,yes,1,2.46,0.0,162.8,107,73.12,11.56,9.3,2022-09-29
true,114.0,Yes,0,0.0,2.0,227.8,121,65.74,13.8,10.0,2024-06-15
No,158.0,YES,0,0.0,0.0,197.7,86,53.25,11.89,11.9,2023-08-17
No,189.0,yess,1,3.71,1.0,170.6,88,80.53,7.36,14.0,2023-01-13
false,147.0,yes,1,2.64,0.0,224.9,120,90.35,14.72,9.8,2023-11-02
No,14.0,YES,1,4.45,0.0,266.0,77,111.11,12.41,16.5,2026-05-20
No,127.0,yes,0,0.0,4.0,230.7,112,62.73,11.03,10.7,2024-03-18
0,139.0,yes ,0,0.0,1.0,183.8,121,46.99,9.17,5.0,2023-12-26
false,161.0,YES,1,3.98,0.0,215.4,100,96.59,11.7,14.7,2023-07-27
no,128.0,Yes,0,0.0,0.0,241.2,84,55.7,8.79,9.8,2024-03-12
False,,yes,0,0.0,3.0,188.3,157,51.46,8.65,11.0,
True,201.0,No,1,4.53,1.0,260.9,80,104.42,8.11,17.1,2022-10-17
No,98.0,YES,0,0.0,1.0,120.8,127,36.98,9.43,14.3,2024-10-07
no,148.0,yes,0,0.0,2.0,156.5,122,46.83,11.34,8.5,2023-10-26
No,95.0,Yes,1,2.45,1.0,155.9,127,72.45,12.25,9.1,2024-10-30
No,185.0,n0,0,0.0,1.0,190.7,77,55.61,13.4,1.5,2023-02-06
false,135.0,yess,0,0.0,0.0,82.9,96,32.5,11.1,12.6,2024-01-25
0,17.0,yes,0,0.0,1.0,196.4,90,50.09,9.81,8.4,2026-04-30
false,80.0,yess,0,0.0,3.0,198.3,125,45.62,6.43,7.4,2025-02-14
no,159.0,Yes,0,0.0,0.0,83.4,86,34.72,12.29,10.2,2023-08-08
0,7.0,yes,0,0.0,2.0,141.3,88,42.95,10.48,12.4,2026-07-06
No,98.0,yes,1,1.4,1.0,184.0,104,62.77,10.14,5.0,2024-10-11
no,194.0,yes,0,0.0,2.0,203.0,81,47.42,7.76,9.8,2022-12-06
No ,62.0,Yes,0,0.0,2.0,139.1,97,39.5,8.73,9.4,2025-06-18
False,40.0,YES,0,0.0,,195.8,121,57.69,12.1,9.6,2025-11-17
No,108.0,yes,0,0.0,2.0,144.0,80,35.38,6.8,15.4,2024-07-28
0,203.0,yess,0,,,197.7,108,50.22,9.14,6.7,2022-10-01
No,,yes,1,3.97,2.0,192.0,90,93.07,12.27,14.6,
NO,184.0,yess,1,1.78,2.0,140.6,91,55.89,8.4,6.7,2023-02-16
false,60.0,yes,1,3.27,1.0,282.5,69,92.96,7.64,11.9,2025-06-29
false,183.0,YES,1,,2.0,181.6,139,65.3,10.1,5.9,2023-02-23
SI,2.0,No,0,0.0,4.0,145.1,103,50.64,14.67,10.9,2026-08-11
No,167.0,yes,0,0.0,1.0,219.3,126,,15.15,9.7,2023-06-16
False,,yes,1,2.9,2.0,247.2,94,93.41,12.83,10.7,2023-11-27
1,17.0,Yes,1,4.26,2.0,152.9,62,90.13,13.05,15.6,2026-04-25
False,155.0,YES,0,0.0,0.0,237.3,78,56.94,9.58,9.1,2023-09-06
No,95.0,YES,1,3.41,3.0,179.4,96,81.17,9.58,12.8,2024-10-28
no,89.0,yes,1,3.17,3.0,317.8,104,103.8,10.49,12.2,2024-12-10
0,20.0,n0,0,0.0,1.0,268.7,86,67.35,10.71,11.8,2026-04-04
NO,34.0,yes,0,0.0,1.0,183.8,114,54.56,12.83,10.8,2025-12-29
No ,1.0,yes,0,0.0,,145.8,116,39.36,7.94,7.7,2026-08-19
false,141.0,Yes,0,0.0,3.0,133.1,71,44.55,12.37,6.8,2023-12-11
NO,55.0,yes,0,0.0,1.0,117.6,87,30.16,5.52,7.1,2025-08-05
false,150.0,yes,1,2.18,2.0,141.4,113,68.03,12.97,8.2,2023-10-11
No,47.0,Yes,1,1.81,4.0,171.1,123,69.84,13.59,6.6,2025-09-28
No,40.0,yess,1,3.08,1.0,66.8,96,61.04,10.36,11.5,2025-11-20
0,197.0,YES,0,0.0,0.0,124.4,101,42.49,10.49,6.0,2022-11-16
0,194.0,yes,1,2.29,0.0,191.3,100,79.13,13.16,8.8,2022-12-05
0,89.0,yes,1,1.0,0.0,102.8,86,38.9,6.15,3.7,2024-12-13
No,45.0,yess,0,0.0,1.0,272.2,150,64.34,9.3,13.5,2025-10-17
false,173.0,Yes,1,3.92,1.0,65.4,76,66.44,9.33,14.6,2023-04-30
false,66.0,yes,0,0.0,2.0,241.1,66,53.19,7.76,10.1,2025-05-23
No ,102.0,yes,0,0.0,4.0,156.6,88,47.16,11.82,11.6,2024-09-10
False,59.0,yes,0,0.0,1.0,216.9,95,53.71,9.7,13.5,2025-07-09
No,197.0,yes,0,0.0,2.0,237.2,101,56.82,10.02,13.1,2022-11-17
No,205.0,yes,1,1.22,0.0,163.9,104,52.23,6.83,4.4,2022-09-21
No ,103.0,yes,0,0.0,,156.8,89,44.44,9.97,10.5,2024-09-05
No,54.0,yes,0,0.0,3.0,174.5,91,46.13,9.95,11.2,2025-08-09
No,53.0,yes ,0,0.0,1.0,172.7,86,52.14,13.79,12.3,2025-08-20
False,14.0,Yes,1,4.22,2.0,148.1,90,83.17,8.82,15.5,2026-05-22
false,157.0,Yes,1,2.55,1.0,159.0,83,66.88,8.13,9.5,2023-08-23
No,198.0,yess,0,0.0,1.0,78.1,118,33.39,10.0,12.0,2022-11-11
no,158.0,yes,0,0.0,1.0,186.9,54,52.49,11.86,12.1,2023-08-15
False,53.0,yes,0,0.0,3.0,230.6,92,60.22,11.17,9.6,2025-08-16
No,33.0,yes,0,0.0,3.0,158.7,81,51.59,14.39,5.9,2026-01-03
False,78.0,Yes,0,0.0,1.0,228.8,120,61.61,13.47,13.0,2025-02-26
Yes,131.0,No,1,3.23,0.0,101.4,115,70.42,11.79,12.0,2024-02-18
No,171.0,yes,0,0.0,1.0,97.2,108,39.12,13.27,7.4,2023-05-13
No,97.0,yes,0,0.0,0.0,136.3,118,44.08,10.2,13.2,2024-10-17
no,107.0,no,0,0.0,2.0,103.5,134,48.66,15.87,8.3,2024-08-09
si,128.0,No,1,2.31,1.0,268.7,103,89.95,13.09,8.3,2024-03-10
YES,182.0,n0,1,3.91,1.0,271.2,110,104.19,10.76,14.4,2023-03-01
False,118.0,Yes,0,0.0,0.0,183.4,83,,7.98,12.2,2024-05-18
No,23.0,YES,0,0.0,0.0,158.1,131,46.51,10.76,9.1,2026-03-14
SI,176.0,yes ,0,0.0,2.0,294.5,87,76.77,13.57,10.9,2023-04-13
1,48.0,yes,0,0.0,2.0,259.2,66,65.98,13.02,13.3,2025-09-21
Yes,194.0,no,0,0.0,3.0,169.5,94,37.08,4.74,13.4,2022-12-07
No,101.0,yes,0,,1.0,213.4,101,56.23,9.67,8.5,2024-09-18
1,74.0,yes,1,2.78,2.0,196.2,133,73.35,7.02,10.0,2025-03-25
Yes,163.0,yess,0,0.0,5.0,149.3,83,45.23,11.02,9.7,2023-07-08
0,201.0,yes,1,4.22,1.0,154.3,114,80.76,6.86,15.9,2022-10-18
NO,37.0,NO,1,1.64,2.0,125.2,54,55.81,10.81,5.8,2025-12-06
false,140.0,YES,1,3.98,2.0,202.7,79,86.63,6.61,14.8,2023-12-16
No,1.0,yes,0,0.0,1.0,205.1,99,52.39,10.63,10.1,2026-08-17
No ,177.0,no ,0,0.0,,168.8,78,41.98,7.04,6.8,2023-04-01
No,124.0,YES,0,0.0,1.0,206.1,49,55.5,11.29,12.9,2024-04-06
Si,152.0,yes,0,0.0,5.0,147.6,83,45.49,10.98,9.7,2023-09-29
false,164.0,yes ,1,3.16,2.0,253.8,77,87.36,7.0,11.9,2023-07-06
No,46.0,yes,1,2.17,2.0,216.5,92,78.1,11.04,8.0,2025-10-07
1,124.0,yes,0,0.0,5.0,130.5,99,38.09,8.65,7.8,2024-04-09
true,90.0,yes,0,0.0,2.0,321.7,106,72.73,10.25,9.3,2024-12-06
False,,yes,0,0.0,0.0,205.5,69,49.87,8.54,11.0,2024-01-14
No,197.0,yes,0,0.0,2.0,221.4,99,55.94,10.58,13.7,2022-11-17
No,135.0,yes,0,0.0,0.0,248.0,102,64.67,13.13,11.2,2024-01-25
No,201.0,yes,0,0.0,3.0,243.9,87,61.29,11.68,6.3,
NO,46.0,Yes,1,1.77,3.0,208.3,95,64.5,6.84,6.6,2025-10-10
NO,95.0,Yes,0,0.0,1.0,176.5,125,51.08,12.51,10.0,2024-11-01
0,129.0,yes,0,0.0,2.0,191.8,115,51.52,10.05,9.2,2024-03-03
no,,YES,1,2.56,1.0,238.5,108,86.95,11.74,9.7,
1,84.0,YES,0,0.0,4.0,169.0,115,40.14,6.97,10.5,2025-01-13
False,66.0,yes,1,3.15,1.0,129.9,77,77.98,14.49,11.5,2025-05-17
No,132.0,yes,0,,2.0,188.8,91,43.05,4.51,13.6,2024-02-11
No ,8.0,Yes,1,1.89,1.0,127.5,94,61.2,11.32,7.2,2026-06-27
No,54.0,yes ,1,3.41,2.0,156.7,50,82.04,11.89,12.6,2025-08-12
No,103.0,yes,0,0.0,3.0,183.8,119,48.52,10.2,14.1,2024-09-06
No,59.0,yes ,0,,0.0,183.4,126,51.49,11.69,9.1,2025-07-08
No,170.0,yes,0,0.0,2.0,200.4,107,45.63,6.8,7.8,2023-05-26
No,151.0,yes ,0,0.0,3.0,154.6,108,41.01,6.07,11.2,2023-09-30
no,171.0,yes,0,0.0,0.0,188.9,100,45.88,5.88,17.1,2023-05-13
No,184.0,yes,0,0.0,,209.2,137,53.87,10.67,11.8,2023-02-16
No,84.0,Yes,0,,1.0,201.8,92,49.6,8.19,8.9,2025-01-11
Si,155.0,Yes,0,0.0,0.0,239.2,83,52.86,6.63,9.2,2023-09-04
0,189.0,yes,1,3.47,4.0,208.3,89,92.34,12.04,13.1,2023-01-11
No ,180.0,yes,0,0.0,1.0,129.0,80,39.49,10.45,14.1,2023-03-15
NO,38.0,yes,1,2.67,0.0,221.2,107,87.36,12.24,9.9,2025-12-02
false,26.0,yes,0,0.0,2.0,115.4,88,39.43,9.86,11.4,2026-02-27
NO,201.0,YES,0,0.0,1.0,206.4,151,47.37,7.31,6.0,
SI,6.0,yess,0,0.0,5.0,60.0,94,22.8,6.96,11.9,
false,58.0,yes,1,3.3,2.0,127.8,115,69.23,8.03,12.2,2025-07-12
false,131.0,yess,1,1.36,0.0,81.7,94,42.59,8.19,5.1,2024-02-23
false,76.0,yess,0,0.0,,201.8,100,48.65,8.56,11.6,2025-03-13
NO,70.0,yes,0,0.0,1.0,178.3,109,47.4,7.61,11.7,2025-04-22
No,187.0,yes,0,0.0,1.0,189.7,106,54.79,10.35,12.5,2023-01-25
1,129.0,Yes,0,0.0,1.0,285.3,109,63.43,8.82,10.7,2024-03-05
False,32.0,yes,0,0.0,1.0,142.5,96,43.16,10.67,7.2,2026-01-12
No,55.0,yes,0,0.0,,205.6,97,57.18,12.1,14.4,2025-08-06
No,10.0,yes,0,0.0,1.0,158.4,99,44.81,9.87,10.6,2026-06-15
No,1.0,Yes,0,0.0,0.0,263.1,105,59.59,9.09,3.4,2026-08-18
0,3.0,yes,0,0.0,3.0,111.2,97,39.11,9.56,10.4,2026-08-05
0,138.0,yes,0,0.0,1.0,146.2,90,42.88,10.2,13.8,2024-01-05
True,25.0,yes,0,0.0,0.0,288.2,123,73.54,14.47,10.6,2026-03-01
0,136.0,yess,0,0.0,1.0,236.5,134,57.9,8.17,5.9,2024-01-15
No,178.0,yes,0,0.0,0.0,167.8,118,,10.27,13.8,2023-03-26
YES,160.0,yes,0,0.0,0.0,275.2,91,66.22,11.57,6.1,2023-08-01
No,168.0,no,0,0.0,3.0,216.8,104,57.66,10.17,12.7,2023-06-08
No,49.0,YES,1,1.74,0.0,216.5,73,73.07,10.72,6.5,2025-09-13
0,1.0,yes,0,0.0,1.0,215.6,101,56.19,9.58,8.6,2026-08-21
NO,200.0,yes,1,3.24,0.0,53.9,124,68.87,15.21,12.1,2022-10-25
False,124.0,Yes,0,0.0,2.0,135.5,105,37.31,7.76,12.5,2024-04-07
si,27.0,yes ,0,0.0,2.0,130.5,100,42.42,11.46,9.3,2026-02-16
NO,58.0,Yes,1,,1.0,160.4,97,66.49,12.45,6.8,2025-07-18
Si,86.0,YES,0,0.0,3.0,153.9,122,44.82,10.81,12.0,2025-01-02
False,3.0,yes,1,2.24,0.0,183.5,94,73.92,11.63,8.5,2026-08-07
No,12.0,YES,0,,1.0,215.0,78,54.43,9.76,3.7,2026-05-31
False,141.0,yes ,0,,1.0,239.5,145,54.93,8.36,10.8,2023-12-12
Yes,,YES,0,0.0,6.0,175.3,150,43.32,7.46,15.9,
No ,7.0,yes,1,2.62,0.0,275.9,88,81.92,4.62,9.8,2026-07-10
False,37.0,YES,1,2.33,2.0,206.4,93,69.13,6.94,8.6,2025-12-11
No,10.0,yes,0,0.0,1.0,206.6,111,50.45,8.71,12.0,
NO,204.0,yes,0,0.0,0.0,251.4,71,62.28,10.99,9.9,2022-09-24
si,103.0,no,0,0.0,1.0,123.9,103,39.95,10.39,14.1,2024-09-02
False,85.0,yes,0,0.0,2.0,115.5,90,45.69,13.08,12.9,2025-01-04
false,150.0,No,0,0.0,2.0,180.2,127,46.57,8.69,12.1,
true,205.0,yes,0,,1.0,257.5,122,63.0,10.53,9.0,2022-09-19
NO,112.0,yes,1,3.06,1.0,240.7,84,85.07,8.17,11.3,2024-07-04
0,200.0,yes,1,1.73,1.0,24.6,119,38.59,10.37,6.4,2022-10-23
YES,,no,0,0.0,3.0,124.4,83,35.06,5.96,13.8,2022-12-13
No,159.0,YES,0,0.0,4.0,219.0,123,58.29,12.07,10.3,2023-08-09
False,109.0,yes ,0,0.0,2.0,117.7,89,40.36,9.88,11.4,2024-07-26
1,200.0,yess,1,2.52,4.0,88.6,87,61.84,11.53,9.4,2022-10-22
NO,155.0,yes,0,0.0,1.0,125.5,96,34.71,7.25,7.6,2023-09-04
No,121.0,yes,0,0.0,1.0,222.8,126,54.5,7.73,12.8,2024-05-03
no,30.0,YES,0,0.0,2.0,177.3,85,41.0,4.7,9.6,2026-01-26
false,119.0,YES,0,0.0,1.0,182.7,115,49.66,9.4,10.5,2024-05-16
No,11.0,yes,0,0.0,1.0,200.4,85,55.28,10.67,7.6,2026-06-12
False,147.0,yes ,0,0.0,1.0,228.2,81,50.33,6.94,3.3,2023-10-30
true,125.0,n0,1,3.61,0.0,221.5,88,88.72,8.03,13.7,2024-04-01
Yes,147.0,YES,1,1.65,4.0,189.9,123,61.45,7.31,6.2,2023-11-02
False,100.0,no,0,0.0,3.0,55.5,97,26.83,10.08,6.6,2024-09-23
No,23.0,yes,1,3.27,1.0,115.1,84,66.12,7.56,12.1,2026-03-15
No,26.0,yes,0,0.0,3.0,194.5,126,49.96,7.83,9.5,2026-02-26
Yes,62.0,yes,0,,4.0,108.4,139,38.66,11.99,10.0,2025-06-14
1,143.0,yes,0,0.0,1.0,312.9,111,69.06,8.91,12.8,2023-11-30
No,70.0,yess,0,0.0,,261.5,108,58.09,7.68,11.6,2025-04-23
si,146.0,yes,0,0.0,0.0,223.4,91,63.16,13.84,8.8,2023-11-05
no,34.0,yes,1,2.37,2.0,201.5,102,68.91,5.82,8.9,2025-12-31
False,59.0,yes ,0,0.0,3.0,63.7,77,32.7,12.99,8.8,2025-07-11
Si,197.0,Yes,0,0.0,2.0,296.3,140,70.03,11.01,12.9,2022-11-14
false,203.0,yes,1,4.0,1.0,189.8,97,94.29,11.94,15.1,2022-10-03
No ,92.0,Yes,0,0.0,3.0,116.4,130,32.94,6.98,7.3,2024-11-19
no,178.0,Yes,1,2.12,1.0,85.7,130,53.8,10.23,8.1,2023-03-26
No,96.0,Yes,0,0.0,2.0,95.0,120,39.24,12.71,14.1,2024-10-19
No ,131.0,n0,0,0.0,1.0,270.3,121,60.78,8.59,8.2,2024-02-17
no,135.0,yes,1,1.63,2.0,185.3,138,65.3,10.2,6.0,2024-01-23
false,190.0,Yes,0,0.0,0.0,154.2,93,49.43,13.35,12.4,2023-01-05
True,103.0,no,0,0.0,4.0,232.7,133,60.61,12.78,10.0,2024-09-02
false,53.0,No,0,0.0,1.0,153.8,115,35.09,5.19,12.3,
False,,yes ,0,0.0,3.0,246.8,73,63.13,11.98,8.8,2025-10-11
No,59.0,yes,0,0.0,0.0,252.9,71,61.11,10.88,9.8,2025-07-10
0,90.0,yes,0,0.0,0.0,236.6,109,53.38,7.85,12.1,2024-11-30
false,141.0,YES,0,0.0,1.0,188.3,44,47.25,7.98,8.3,2023-12-11
No ,193.0,yes,1,3.57,1.0,242.2,100,96.63,11.57,13.1,2022-12-11
No,29.0,yes ,0,0.0,,145.3,121,41.05,9.51,8.8,2026-02-03
false,82.0,yes,0,0.0,1.0,144.8,107,51.54,16.05,11.1,2025-01-27
No ,69.0,yes,0,0.0,3.0,202.5,114,57.18,11.48,10.1,2025-05-01
No,165.0,yes,0,0.0,3.0,125.7,102,39.24,8.24,9.4,2023-06-26
No,127.0,YES,0,0.0,1.0,121.1,67,38.08,8.24,9.5,2024-03-18
No,97.0,yess,0,0.0,1.0,155.3,105,,4.84,10.3,2024-10-17
no,82.0,yess,1,2.41,1.0,212.8,127,75.95,8.77,9.0,
no,180.0,yes ,1,2.55,2.0,218.4,116,73.28,5.64,9.3,2023-03-13
Si,65.0,yes,0,0.0,3.0,227.3,101,63.3,13.88,12.3,
Si,95.0,Yes,0,0.0,2.0,271.6,73,65.56,11.22,10.4,2024-10-31
No,52.0,Yes,0,0.0,0.0,169.5,87,50.08,12.33,12.0,2025-08-29
NO,30.0,yes ,0,0.0,1.0,169.6,84,37.9,3.06,7.4,2026-01-30
No ,118.0,yes,0,0.0,1.0,182.3,84,53.82,12.42,9.5,2024-05-24
No ,21.0,yes,0,0.0,1.0,182.8,116,53.44,12.84,10.8,2026-03-29
NO,32.0,yes,0,0.0,2.0,136.8,115,48.64,14.8,6.7,2026-01-10
NO,106.0,yes,1,2.27,3.0,251.4,112,81.41,9.11,8.5,2024-08-13
si,33.0,YES,0,0.0,,272.7,105,64.17,10.11,11.5,2026-01-06
no,22.0,yes,0,0.0,1.0,202.2,103,60.22,12.08,10.9,2026-03-25
NO,35.0,yes,0,0.0,3.0,145.9,55,48.57,13.03,8.5,2025-12-24
No ,179.0,yes,0,0.0,2.0,154.8,52,50.68,12.41,7.2,2023-03-20
No,47.0,yess,0,0.0,1.0,151.5,92,45.14,10.3,12.5,2025-09-30
False,179.0,yes,1,2.6,2.0,86.9,125,56.2,8.76,9.7,2023-03-23
Si,124.0,no ,0,0.0,0.0,162.8,118,51.85,11.51,13.7,2024-04-10
Si,17.0,yes ,0,0.0,1.0,260.4,124,67.54,13.8,11.1,2026-04-25
False,201.0,Yes,0,0.0,7.0,163.4,83,48.44,12.6,9.9,2022-10-16
NO,182.0,yes,1,2.95,4.0,167.8,82,80.73,12.96,11.3,2023-03-02
0,187.0,yes,0,0.0,2.0,110.4,53,36.27,10.76,8.0,2023-01-24
no,169.0,YES,0,0.0,1.0,150.6,98,46.0,11.51,12.6,2023-05-31
NO,74.0,yes,0,0.0,0.0,139.0,95,39.63,8.01,7.7,2025-03-24
si,111.0,yes,0,0.0,0.0,145.9,125,44.28,10.02,13.3,2024-07-08
No,130.0,YES,0,0.0,1.0,190.8,112,49.87,10.16,13.6,2024-02-25
No,97.0,yes,1,2.6,3.0,213.8,114,76.64,8.02,9.5,2024-10-16
No ,176.0,yes,0,0.0,0.0,98.2,97,31.95,8.62,10.2,2023-04-12
SI,65.0,n0,0,0.0,2.0,189.3,123,51.88,11.18,13.8,2025-05-24
false,59.0,yes,1,1.93,0.0,173.8,97,61.29,7.58,7.1,2025-07-09
No,17.0,YES,0,0.0,2.0,145.3,128,33.53,5.36,11.1,2026-04-25
0,37.0,Yes,0,0.0,4.0,186.3,36,56.27,13.9,5.7,2025-12-07
No,139.0,yess,0,0.0,1.0,225.4,121,61.78,13.42,12.9,2023-12-28
no,104.0,Yes,0,0.0,2.0,111.1,108,37.75,10.92,9.0,2024-08-28
NO,158.0,yes,0,0.0,0.0,192.1,109,58.83,12.92,6.4,2023-08-12
NO,31.0,yess,0,0.0,1.0,182.6,121,50.53,10.88,8.5,2026-01-18
No ,14.0,yes,0,0.0,3.0,249.2,101,57.64,8.86,6.1,2026-05-20
0,84.0,yes ,0,0.0,0.0,211.5,58,58.74,11.96,12.2,2025-01-11
false,79.0,Yes,1,3.47,2.0,113.2,94,69.0,8.05,13.0,2025-02-20
si,145.0,NO,1,3.95,1.0,271.3,111,104.3,10.64,14.5,2023-11-11
NO,56.0,yes,0,0.0,1.0,156.3,73,32.98,3.26,10.2,2025-07-27
False,62.0,yess,0,0.0,1.0,219.7,123,53.68,9.45,10.6,2025-06-18
false,175.0,yes,0,0.0,0.0,196.1,106,58.4,14.7,5.6,2023-04-17
no,51.0,YES,0,0.0,1.0,142.9,132,35.55,6.48,5.1,2025-09-03
false,125.0,yes,1,2.86,1.0,218.7,114,81.12,8.32,10.9,2024-04-04
No,2.0,yes,0,0.0,4.0,195.8,87,52.0,10.3,8.8,2026-08-10
si,2.0,yes,0,0.0,5.0,151.5,82,44.81,11.0,9.6,2026-08-11
0,0.0,yess,1,2.44,,220.1,107,74.63,7.49,8.9,2026-08-24
no,160.0,Yes,0,0.0,1.0,192.7,134,55.25,13.13,10.0,2023-08-03
No,72.0,Yes,0,0.0,1.0,116.0,108,41.46,12.1,13.1,2025-04-07
no,139.0,No,0,0.0,0.0,267.4,91,59.08,8.01,9.4,2023-12-26
No,148.0,yes,0,0.0,1.0,193.6,71,43.62,6.31,14.1,2023-10-27
False,73.0,yes ,0,0.0,1.0,141.8,122,47.07,12.8,6.3,2025-04-03
No,77.0,yess,1,2.04,2.0,134.5,102,63.19,11.13,8.0,2025-03-06
False,34.0,yes,1,2.16,3.0,155.0,80,63.98,9.43,8.3,2025-12-28
No,28.0,yes,1,2.31,2.0,139.8,71,75.35,16.74,8.9,2026-02-11
No,118.0,yes,0,0.0,0.0,187.7,76,45.38,7.78,7.4,2024-05-18
NO,58.0,yes,1,1.79,0.0,148.2,106,53.18,5.76,6.5,2025-07-13
no,115.0,Yes,0,0.0,2.0,170.6,103,52.63,12.76,10.6,2024-06-14
false,98.0,yes,0,0.0,0.0,161.3,88,46.64,10.47,11.0,2024-10-06
false,167.0,yes,0,0.0,1.0,154.9,109,42.48,9.57,14.1,2023-06-11
No,41.0,yes,0,0.0,1.0,149.4,123,42.24,9.4,5.2,2025-11-11
no,71.0,yes,1,,5.0,242.5,103,94.71,10.5,13.2,2025-04-13
No,153.0,Yes,0,0.0,1.0,227.6,113,59.82,12.44,7.0,2023-09-18
False,137.0,Yes,1,3.34,2.0,137.4,112,72.15,8.9,12.5,2024-01-10
NO,,yes,0,0.0,1.0,159.2,83,45.26,10.99,13.7,2023-01-30
Si,88.0,n0,0,0.0,0.0,236.8,102,55.37,8.88,14.1,2024-12-14
Yes,138.0,NO,0,0.0,1.0,180.9,71,44.86,8.58,13.9,2023-12-30
False,194.0,Yes,0,0.0,4.0,189.7,77,50.8,11.12,9.1,2022-12-05
false,18.0,yes,1,2.83,2.0,180.4,93,78.33,11.93,10.6,2026-04-23
true,1.0,YES,1,2.68,4.0,164.5,82,68.5,8.6,9.6,2026-08-21
No,50.0,yes,0,0.0,1.0,193.0,96,48.3,8.57,11.3,2025-09-07
false,196.0,yes,0,0.0,1.0,122.2,128,,9.45,14.2,2022-11-19
False,208.0,Yes,0,0.0,2.0,171.8,95,44.32,7.03,11.7,2022-09-01
False,58.0,Yes,0,0.0,1.0,142.1,106,51.89,15.95,11.2,2025-07-18
No ,87.0,yes,0,0.0,0.0,83.8,85,34.73,12.3,10.5,2024-12-27
No,30.0,yess,1,2.64,1.0,117.7,69,59.24,7.31,9.9,2026-01-29
0,71.0,YES,0,0.0,3.0,145.9,91,44.74,10.82,11.1,2025-04-13
0,151.0,yes,0,0.0,,228.1,93,54.38,9.22,8.9,0000-00-00
No,55.0,yes,1,2.71,1.0,119.5,131,61.56,8.32,9.9,2025-08-02
No ,58.0,YES,1,2.89,2.0,180.8,91,74.89,8.54,10.6,2025-07-14
No,94.0,yes ,0,0.0,1.0,135.3,94,41.02,10.57,8.6,2024-11-03
No,111.0,yes,0,,0.0,178.5,137,49.2,9.52,14.6,2024-07-06
No,118.0,yes,0,0.0,1.0,135.7,91,47.19,12.47,10.8,2024-05-19
no,200.0,yes,0,0.0,2.0,191.9,62,51.28,11.21,7.8,2022-10-27
No,123.0,yess,1,2.89,5.0,231.1,116,90.75,13.35,10.7,2024-04-19
No,37.0,yes,1,2.47,1.0,157.5,103,,16.1,8.9,2025-12-10
No,169.0,yes ,0,,4.0,234.4,124,57.13,10.01,10.0,2023-05-27
no,,yes,0,0.0,0.0,228.7,101,56.5,8.15,12.5,2024-08-13
0,106.0,yes,0,0.0,1.0,169.8,77,51.5,12.83,16.3,2024-08-11
No,,yes ,0,0.0,4.0,189.6,76,51.22,10.99,9.3,2026-04-16
False,131.0,yes,0,0.0,,204.8,98,57.51,11.95,14.4,2024-02-23
NO,40.0,yes,1,2.6,2.0,170.0,135,70.56,8.69,9.5,2025-11-18
No,108.0,Yes,0,0.0,0.0,187.4,125,48.92,8.06,9.1,2024-08-02
No,122.0,yess,1,3.05,1.0,209.9,100,89.13,12.56,11.5,2024-04-22
No,34.0,yes,0,0.0,3.0,179.8,93,46.45,8.96,11.3,2025-12-27
No,95.0,yess,0,0.0,2.0,235.1,104,61.68,13.36,7.6,2024-10-31
No ,185.0,yes ,0,0.0,1.0,162.3,79,45.96,8.25,6.1,2023-02-08
true,97.0,yess,0,0.0,1.0,291.8,104,69.92,11.8,8.9,2024-10-17
no,190.0,yes,0,0.0,1.0,190.8,99,57.01,12.34,9.6,2023-01-05
Si,,yes,0,0.0,1.0,111.0,74,33.76,8.41,7.0,
False,77.0,yes,0,0.0,3.0,154.0,73,51.92,13.78,6.6,2025-03-02
SI,167.0,yes ,0,0.0,4.0,201.2,65,46.13,6.75,10.9,2023-06-13
SI,112.0,Yes,1,3.71,4.0,110.4,100,73.94,10.33,13.8,2024-07-04
NO,109.0,yes,0,0.0,2.0,202.9,79,47.78,7.63,9.7,2024-07-23
no,5.0,yess,1,3.04,1.0,181.3,90,80.05,10.61,11.3,2026-07-22
No,52.0,Yes,0,0.0,2.0,71.7,124,32.43,10.52,0.0,2025-08-23
No ,73.0,yes,0,0.0,0.0,101.8,92,30.81,7.82,13.2,04-03-2025
NO,,yes,1,,1.0,127.0,106,80.56,11.58,14.6,2023-02-12
0,14.0,Yes,0,0.0,1.0,241.5,125,60.18,10.53,0.0,2026-05-18
No,23.0,Yes,0,0.0,2.0,149.4,104,43.85,10.47,10.0,2026-03-15
No,17.0,YES,0,0.0,3.0,211.1,119,,8.22,13.1,2026-04-30
No ,72.0,no,1,1.61,2.0,125.8,53,55.33,10.7,5.7,2025-04-11
NO,97.0,yes ,0,0.0,2.0,125.3,89,38.33,10.74,10.6,2024-10-12
0,194.0,yes ,0,0.0,3.0,194.0,70,55.68,10.9,12.3,2022-12-03
False,68.0,YES,1,3.21,1.0,121.1,105,72.17,10.94,12.0,2025-05-08
NO,86.0,YES,0,0.0,2.0,167.5,119,40.55,7.03,7.4,2025-01-01
No,152.0,yes ,0,0.0,1.0,148.2,97,45.66,11.66,12.5,2023-09-26
true,153.0,NO,0,0.0,,143.5,60,40.7,9.06,6.1,2023-09-18
No,86.0,YES,1,3.2,2.0,154.6,114,83.04,13.95,11.7,2024-12-29
0,44.0,yes ,0,0.0,1.0,167.6,126,49.61,12.15,11.1,2025-10-24
No,192.0,yes,0,0.0,1.0,200.7,94,47.9,7.75,7.4,2022-12-22
no,4.0,Yes,0,0.0,1.0,113.7,119,38.16,10.91,6.6,2026-07-27
false,103.0,yes,1,1.41,5.0,172.6,97,62.38,10.83,5.4,2024-09-06
No,179.0,Yes,0,0.0,1.0,159.5,109,39.75,7.38,12.9,2023-03-20
Yes,68.0,NO,1,3.61,0.0,169.3,104,81.84,9.49,13.2,2025-05-07
NO,86.0,YES,0,0.0,3.0,172.6,83,50.84,12.25,9.6,2025-01-02
False,129.0,no,0,0.0,1.0,168.4,81,48.63,10.86,9.4,2024-03-03
NO,100.0,yess,0,0.0,1.0,145.2,115,38.97,8.54,7.7,2024-09-22
NO,52.0,yess,0,0.0,1.0,169.5,85,51.94,13.82,12.2,2025-08-23
false,119.0,No,1,3.0,1.0,145.2,139,75.99,12.09,11.3,2024-05-14
0,201.0,yes,0,0.0,1.0,48.2,106,26.83,10.47,12.3,2022-10-20
0,93.0,YES,0,0.0,1.0,271.8,149,63.71,9.23,13.6,2024-11-12
SI,24.0,yes,0,0.0,2.0,241.3,118,64.1,12.98,8.8,2026-03-09
no,36.0,YES,0,0.0,1.0,126.6,87,34.0,6.59,11.1,2025-12-18
No,153.0,yes,0,0.0,,215.2,134,57.43,9.28,8.3,2023-09-17
No,142.0,Yes,0,0.0,0.0,222.7,124,48.19,5.48,10.6,2023-12-04
NO,9.0,yes,0,0.0,0.0,62.4,108,29.14,11.12,5.1,2026-06-22
no,163.0,YES,1,2.03,2.0,241.3,109,80.23,11.19,7.2,2023-07-12
False,90.0,yes,0,0.0,2.0,212.6,109,56.98,11.7,8.7,2024-12-01
true,150.0,yes ,0,0.0,3.0,287.7,108,64.01,8.96,14.4,2023-10-11
False,1.0,yes ,0,0.0,2.0,158.7,144,45.21,10.03,16.8,2026-08-15
false,113.0,YES,0,0.0,0.0,215.3,133,57.65,9.54,8.2,2024-06-25
NO,140.0,YES,1,2.76,3.0,190.5,84,78.52,11.04,10.1,2023-12-22
NO,115.0,yes,1,2.59,1.0,209.4,65,75.53,7.49,9.8,2024-06-11
Yes,200.0,yes,0,0.0,5.0,153.2,165,40.13,8.59,11.5,2022-10-28
No,140.0,yes ,0,0.0,3.0,145.2,91,43.96,10.87,11.0,2023-12-18
False,24.0,yes ,0,0.0,1.0,144.8,126,34.54,6.46,4.5,2026-03-08
false,187.0,yes,0,,1.0,186.8,62,47.09,8.37,13.2,2023-01-25
false,72.0,yes ,0,0.0,1.0,212.5,117,52.9,9.64,8.0,2025-04-05
0,8.0,yes ,0,0.0,1.0,144.9,116,50.31,12.35,13.6,2026-06-27
False,121.0,yes,1,2.65,2.0,119.3,111,66.02,11.9,9.9,2024-04-30
False,45.0,yes,0,0.0,3.0,191.5,116,47.01,8.25,14.1,2025-10-14
No,147.0,yess,0,0.0,2.0,231.7,87,49.46,5.13,11.6,2023-10-28
No,44.0,No,1,2.81,3.0,202.2,105,79.17,9.39,10.4,2025-10-21
no,84.0,yes,0,0.0,3.0,98.1,113,39.99,13.51,13.3,2025-01-17
NO,208.0,yes,0,0.0,1.0,117.5,89,34.06,7.17,8.1,2022-09-01
false,160.0,yes,1,2.51,0.0,164.8,113,70.98,10.54,9.1,2023-08-03
False,113.0,yes,0,0.0,1.0,112.7,113,37.65,8.33,9.2,2024-06-23
No,69.0,yes,0,0.0,1.0,159.2,81,40.07,6.6,9.2,2025-05-01
No ,192.0,yess,0,0.0,1.0,231.0,102,,8.42,10.0,2022-12-17
si,105.0,yes,0,0.0,4.0,333.0,66,83.6,15.71,5.4,2024-08-22
Yes,4.0,no,0,0.0,2.0,131.3,113,46.67,12.94,9.4,2026-07-28
false,131.0,yes ,0,0.0,4.0,220.5,101,61.12,14.3,12.6,2024-02-21
No,96.0,YES,1,3.52,,246.8,94,88.57,7.14,13.0,2024-10-25
False,109.0,Yes,1,3.09,4.0,226.7,89,92.13,12.77,11.5,2024-07-25
YES,41.0,YES,0,0.0,1.0,247.8,109,61.77,10.96,13.3,2025-11-12
NO,66.0,yes,0,0.0,1.0,158.3,122,47.94,12.08,11.3,2025-05-21
si,68.0,no,0,0.0,1.0,247.4,117,57.12,8.49,11.6,2025-05-03
0,50.0,yes ,1,3.18,1.0,127.3,105,76.67,12.44,11.8,2025-09-09
No,5.0,yes,0,0.0,0.0,221.4,95,52.84,8.98,11.4,2026-07-19
true,194.0,yes,1,3.8,4.0,156.2,99,74.02,6.03,13.9,2022-12-03
False,39.0,yess,1,2.67,2.0,275.3,97,92.07,11.05,9.8,2025-11-25
1,,no,0,0.0,0.0,188.2,118,46.56,8.04,9.7,
False,143.0,yes,1,1.02,0.0,105.0,86,39.07,6.15,3.8,2023-11-27
NO,205.0,yess,1,3.53,2.0,180.7,112,84.87,11.06,13.0,2022-09-21
NO,17.0,yes,0,0.0,2.0,188.3,65,43.56,7.0,10.1,2026-04-28
No ,170.0,yes,1,2.67,3.0,162.8,77,65.37,5.71,10.0,2023-05-22
No ,112.0,YES,1,2.91,1.0,168.2,117,79.52,12.11,10.5,2024-06-30
False,185.0,yes,0,0.0,0.0,176.1,103,54.09,13.8,15.3,2023-02-07
no,144.0,yes,0,0.0,0.0,188.6,109,58.66,12.93,6.2,2023-11-22
NO,67.0,NO,0,0.0,0.0,148.8,69,52.38,14.45,9.4,2025-05-11
no,0.0,yes,0,0.0,2.0,117.7,127,44.63,13.94,13.3,2026-08-22
NO,11.0,Yes,0,0.0,1.0,258.2,106,61.19,8.05,11.8,2026-06-08
False,111.0,YES,1,2.05,3.0,117.4,65,,12.76,7.6,2024-07-08
true,145.0,yes,0,0.0,0.0,200.1,99,57.22,13.32,9.5,2023-11-16
false,116.0,yes,0,0.0,1.0,187.3,102,52.62,9.81,7.9,2024-06-03
No,207.0,yes,0,0.0,1.0,177.7,95,49.39,8.87,7.4,2022-09-06
NO,157.0,yes,0,0.0,1.0,133.2,120,39.25,9.05,7.6,2023-08-22
No,150.0,YES,1,3.4,2.0,90.6,125,69.28,10.97,12.7,2023-10-08
false,10.0,yes ,0,0.0,4.0,221.4,105,47.91,6.19,11.5,2026-06-18
No,150.0,yes,1,1.73,1.0,117.4,97,54.42,9.84,6.5,2023-10-07
False,74.0,Yes,1,,1.0,205.4,79,88.63,12.88,11.4,2025-03-24
No ,199.0,yes,0,0.0,0.0,56.1,97,27.68,10.12,10.5,2022-10-30
No ,184.0,yes,0,0.0,,106.5,113,37.45,8.42,9.2,2023-02-15
False,125.0,YES,0,0.0,0.0,223.5,66,55.72,10.01,14.7,2024-03-31
No,56.0,yes,0,0.0,1.0,104.1,94,40.92,13.51,10.7,2025-07-27
YES,57.0,yes,0,0.0,0.0,227.6,105,54.76,9.14,11.6,2025-07-23
False,22.0,Yes,0,0.0,1.0,212.9,78,49.77,6.25,7.6,2026-03-23
false,1.0,NO,1,,0.0,308.3,94,99.36,14.45,8.0,2026-08-18
False,63.0,yes ,1,2.82,0.0,211.9,113,79.89,9.06,10.8,2025-06-13
Yes,42.0,yes,0,0.0,2.0,217.7,87,64.5,14.03,10.2,2025-11-07
False,55.0,yess,0,0.0,1.0,189.0,93,49.94,10.07,18.1,2025-08-08
no,84.0,yess,0,0.0,3.0,232.5,100,54.24,7.89,14.3,2025-01-14
No ,10.0,Yes,0,0.0,1.0,118.4,133,41.92,12.47,5.2,2026-06-14
NO,72.0,yes,0,0.0,1.0,177.6,112,47.24,9.55,5.9,2025-04-06
no,53.0,yess,0,0.0,1.0,180.2,97,59.04,14.26,11.5,2025-08-19
No ,198.0,yes,0,0.0,3.0,223.0,94,58.49,9.55,6.5,2022-11-05
no,21.0,yes,1,3.49,1.0,42.9,62,56.76,6.86,13.4,2026-03-31
false,141.0,yes,0,0.0,2.0,98.6,98,32.07,9.7,9.8,2023-12-11
0,206.0,yes,1,3.19,1.0,174.1,108,78.94,9.91,11.8,2022-09-11
0,183.0,Yes,0,0.0,1.0,178.3,127,41.51,6.58,8.4,2023-02-18
NO,99.0,yes ,0,0.0,,228.7,103,55.94,8.11,12.5,2024-10-03
No,183.0,yes,1,2.94,1.0,155.1,75,69.73,8.14,10.8,2023-02-23
No,108.0,YES,0,,2.0,69.2,133,27.66,6.68,12.0,2024-07-28
NO,65.0,yess,0,0.0,2.0,226.5,111,57.76,9.32,10.0,2025-05-25
No,36.0,yes ,1,2.61,2.0,217.0,60,80.51,9.84,9.9,2025-12-19
False,116.0,yes,0,0.0,2.0,155.7,66,44.17,10.19,10.0,2024-06-03
No ,56.0,YES,0,0.0,0.0,143.1,87,43.44,10.62,9.3,2025-08-01
No,99.0,Yes,0,0.0,1.0,117.7,125,36.58,9.47,14.4,2024-09-29
NO,173.0,YES,0,0.0,2.0,201.6,80,47.6,7.8,9.6,2023-05-02
No,120.0,yes,0,0.0,0.0,173.2,120,43.0,7.92,10.0,2024-05-06
0,115.0,YES,0,0.0,1.0,156.6,92,44.11,10.9,7.5,2024-06-10
Yes,203.0,Yes,1,2.65,6.0,148.2,114,70.0,9.44,10.0,2022-10-03
true,85.0,yes ,0,0.0,4.0,130.3,137,44.9,11.47,12.7,2025-01-06
No,154.0,yes,0,0.0,2.0,253.9,96,62.28,10.99,12.5,2023-09-12
No,162.0,yes,0,0.0,3.0,208.8,114,54.9,11.2,8.4,2023-07-21
no,144.0,yes,0,0.0,2.0,169.5,98,43.32,7.98,7.5,2023-11-22
Yes,84.0,YES,0,0.0,3.0,225.9,100,62.91,13.85,12.3,2025-01-12
No,34.0,yes,0,0.0,0.0,155.9,129,44.28,10.09,11.9,2025-12-28
Si,152.0,n0,1,2.37,5.0,128.6,96,60.44,8.38,8.7,2023-09-27
false,90.0,YES,1,1.73,3.0,127.7,93,49.91,6.98,6.4,2024-12-05
0,156.0,yes,1,3.45,3.0,132.9,94,75.13,10.38,12.9,2023-08-26
no,42.0,YES,1,2.95,1.0,221.3,113,80.94,8.35,10.8,2025-11-04
0,188.0,Yes,0,0.0,2.0,252.3,85,55.45,7.16,15.0,2023-01-18
False,53.0,yes ,0,0.0,1.0,180.4,81,53.18,11.69,9.1,2025-08-17
no,91.0,yes ,0,0.0,1.0,193.3,62,53.05,11.49,15.4,2024-11-25
0,19.0,yes,0,0.0,0.0,190.6,127,50.14,10.17,13.7,2026-04-16
NO,115.0,yes,0,0.0,1.0,213.3,110,56.69,11.69,2.7,2024-06-12
False,125.0,yes,0,0.0,2.0,205.5,104,46.38,6.67,11.3,2024-03-31
no,46.0,yes,1,2.42,0.0,276.7,88,92.56,12.5,8.7,2025-10-09
0,38.0,Yes,1,2.41,0.0,163.0,106,72.83,11.69,9.3,2025-12-03
True,110.0,n0,0,0.0,0.0,251.3,117,60.3,9.8,11.0,2024-07-14
No,11.0,yes,0,0.0,6.0,261.2,107,65.74,10.6,10.0,2026-06-12
NO,192.0,yes ,0,0.0,1.0,255.7,120,57.58,7.96,6.1,2022-12-19
No,9.0,yes ,0,0.0,4.0,187.5,60,51.33,10.79,8.3,2026-06-23
No,180.0,yes,0,0.0,1.0,143.2,89,38.59,6.72,13.0,2023-03-14
0,11.0,yes,0,0.0,2.0,160.0,117,52.1,13.18,9.3,2026-06-10
no,64.0,Yes,1,1.48,1.0,178.4,99,61.5,9.83,5.3,2025-06-03
No,124.0,yes,0,0.0,1.0,143.3,116,39.42,8.55,7.7,2024-04-07
false,64.0,yes,1,2.54,3.0,0.0,113,49.0,12.69,9.2,2025-06-05
False,35.0,yes,0,0.0,1.0,162.3,97,49.04,10.38,8.2,2025-12-24
0,102.0,yes ,0,0.0,0.0,116.7,70,42.73,12.65,7.5,2024-09-09
NO,152.0,yes,0,0.0,3.0,160.8,103,44.22,10.56,10.3,2023-09-26
No,191.0,yes,0,0.0,2.0,192.5,88,47.83,6.9,5.5,2022-12-30
NO,149.0,Yes,0,0.0,0.0,170.0,131,49.07,11.49,10.9,2023-10-15
No,142.0,yes,1,2.21,0.0,214.2,86,75.83,9.92,8.1,2023-12-08
No,113.0,yes,1,2.74,3.0,164.5,78,65.08,5.71,9.9,2024-06-25
No,180.0,yes ,1,2.85,0.0,109.3,89,58.15,6.92,10.6,2023-03-12
no,199.0,yes,0,0.0,1.0,184.9,143,49.77,10.58,9.8,2022-11-02
0,3.0,yes,0,0.0,2.0,198.0,90,55.87,13.34,9.1,2026-08-04
No,17.0,yes,1,3.35,3.0,156.0,98,80.63,11.99,12.5,2026-04-30
No,204.0,yes,1,0.61,0.0,179.5,83,56.33,11.27,2.4,2022-09-27
false,15.0,yes,1,2.39,1.0,243.8,137,86.82,11.74,9.0,2026-05-11
No,202.0,yes,0,0.0,0.0,244.6,113,51.39,6.02,12.2,2022-10-08
No ,55.0,yess,1,2.63,1.0,143.0,124,65.83,9.02,9.7,2025-08-06
0,,no,0,,2.0,274.5,104,62.74,9.21,11.1,2026-02-15
1,132.0,yes,0,0.0,0.0,240.9,83,52.94,6.65,9.2,2024-02-15
True,123.0,yes,1,3.36,1.0,165.2,84,81.01,10.91,12.4,2024-04-13
0,63.0,YES,1,3.24,1.0,201.2,76,,14.02,11.8,2025-06-08
NO,135.0,yes,0,0.0,0.0,222.5,99,55.68,10.62,2.2,2024-01-20
Yes,151.0,yess,0,0.0,1.0,303.4,104,72.18,11.64,5.8,2023-10-01
No ,44.0,YES,1,4.43,1.0,184.8,107,106.15,16.78,16.6,2025-10-23
1,14.0,yes,0,0.0,1.0,260.7,101,67.02,12.89,10.0,2026-05-17
no,156.0,yes ,0,0.0,1.0,113.6,118,32.0,6.11,11.9,2023-08-31
No,122.0,yes,0,0.0,0.0,250.4,118,61.04,10.59,9.1,2024-04-20
No,44.0,yes,0,0.0,3.0,222.8,98,54.5,8.96,11.1,2025-10-20
No,195.0,yess,0,0.0,4.0,156.9,88,46.62,11.71,11.7,2022-11-28
No,207.0,No,0,0.0,0.0,105.8,75,28.94,6.12,12.9,2022-09-09
Yes,95.0,no,1,2.31,1.0,267.6,103,90.25,13.2,8.4,2024-10-29
False,94.0,yes,1,2.05,3.0,250.7,87,81.89,11.33,7.6,2024-11-03
0,16.0,yes,0,0.0,1.0,109.9,112,36.52,8.45,9.2,2026-05-03
1,89.0,yes,0,0.0,5.0,176.1,109,52.38,10.65,9.2,2024-12-11
No,16.0,yes,1,3.74,3.0,304.3,93,109.34,11.99,13.6,2026-05-07
false,188.0,YES,0,0.0,0.0,230.5,86,56.28,9.15,6.3,2023-01-20
0,100.0,yess,0,0.0,1.0,263.4,109,58.17,7.72,11.5,2024-09-21
0,138.0,yes,0,0.0,0.0,157.5,104,39.57,6.99,9.6,2024-01-03
NO,48.0,yes,0,0.0,1.0,143.0,94,47.24,13.72,11.0,2025-09-21
No ,205.0,yess,0,0.0,0.0,145.5,109,47.69,13.44,9.0,2022-09-20
no,84.0,Yes,1,3.71,0.0,236.6,112,99.42,13.27,13.7,2025-01-12
false,37.0,n0,1,1.51,2.0,231.9,99,70.95,9.21,5.7,2025-12-10
NO,13.0,yes,0,0.0,2.0,159.1,122,45.94,11.19,8.7,2026-05-26
false,100.0,yess,1,3.09,1.0,242.0,84,86.23,8.36,11.3,2024-09-22
0,87.0,yess,0,0.0,1.0,210.9,104,,11.22,9.0,2024-12-27
No,39.0,yes,1,2.62,,214.2,89,81.01,11.24,9.7,2025-11-25
NO,142.0,yes,1,2.48,6.0,134.1,89,72.84,13.68,9.5,2023-12-05
0,141.0,Yes,0,0.0,1.0,130.4,63,41.85,11.38,10.1,2023-12-14
No,84.0,yes,0,0.0,2.0,56.1,106,32.08,11.4,10.4,2025-01-17
No,197.0,yes,0,0.0,0.0,177.0,62,47.51,9.91,11.2,2022-11-12
False,158.0,yess,1,,1.0,228.5,77,81.21,11.58,7.6,2023-08-14
0,58.0,yes,1,2.6,0.0,224.3,120,,14.7,9.8,2025-07-13
No,77.0,yes ,1,2.87,1.0,213.7,128,91.83,14.45,10.6,2025-03-07
no,20.0,yes,1,3.89,1.0,199.2,76,96.83,13.79,14.2,2026-04-04
false,160.0,yes,1,3.89,0.0,146.2,126,77.43,8.07,14.4,2023-08-03
No,53.0,NO,1,3.15,0.0,226.1,116,85.65,8.59,11.7,2025-08-21
false,129.0,yes,1,2.66,1.0,179.5,79,76.61,10.91,9.8,2024-03-08
False,67.0,yess,0,0.0,1.0,196.1,84,57.74,13.51,10.9,2025-05-15
No,127.0,yess,0,0.0,1.0,229.2,90,55.23,8.17,11.9,2024-03-19
No,137.0,yes ,0,0.0,2.0,175.1,84,40.43,4.59,9.5,2024-01-06
False,127.0,yes ,1,3.02,1.0,158.4,97,76.67,11.29,11.2,2024-03-17
No,85.0,yes,1,3.08,1.0,209.8,99,80.9,7.74,11.4,2025-01-09
false,0.0,Yes,0,0.0,2.0,154.8,112,42.73,9.22,12.6,
No,68.0,yes,0,0.0,,131.8,94,42.51,11.59,8.7,2025-05-06
No ,146.0,YES,1,1.97,3.0,116.1,66,61.96,12.94,7.7,2023-11-04
False,73.0,no ,0,0.0,2.0,247.6,99,56.13,5.46,10.6,2025-04-03
no,177.0,yes,1,1.83,1.0,203.4,86,79.58,14.88,7.0,2023-04-03
True,161.0,yes,1,2.77,2.0,104.3,77,61.13,9.03,10.2,2023-07-23
yes,77.0,n0,0,0.0,1.0,133.7,45,39.35,9.44,10.6,2025-03-03
0,198.0,yes,1,2.99,2.0,183.3,105,79.98,11.12,11.0,2022-11-07
No,58.0,yes ,1,3.05,1.0,212.0,98,80.99,7.73,11.4,2025-07-13
YES,79.0,yes ,0,0.0,1.0,153.4,122,37.69,7.02,10.3,2025-02-17
0,167.0,yes,0,0.0,4.0,163.2,98,45.75,10.69,11.1,2023-06-16
No,124.0,yes,0,0.0,1.0,179.7,127,57.64,14.92,7.6,2024-04-10
NO,62.0,yes,0,0.0,1.0,151.7,92,,10.23,12.5,2025-06-19
No,29.0,yes,0,0.0,1.0,141.3,123,45.44,12.68,6.4,2026-02-03
No ,126.0,yes,1,2.43,4.0,218.5,123,81.33,11.72,8.9,2024-03-24
no,121.0,yes ,0,0.0,3.0,177.4,93,46.06,9.01,11.6,2024-04-27
No,178.0,yes,1,3.57,2.0,180.3,66,86.07,10.69,13.4,2023-03-25
False,134.0,yess,1,2.55,2.0,122.5,91,66.42,11.69,9.6,2024-02-01
False,128.0,yes,1,2.76,2.0,124.4,98,69.61,11.81,10.2,2024-03-13
yes,74.0,no ,0,0.0,3.0,252.3,120,61.35,10.23,12.0,
no,71.0,no ,1,2.25,0.0,126.3,93,69.92,14.69,8.4,2025-04-15
No ,174.0,no,1,1.85,1.0,175.8,136,66.25,10.65,7.1,2023-04-27
No,66.0,yes,0,0.0,3.0,238.8,101,54.92,8.42,9.8,2025-05-21
si,19.0,YES,0,0.0,1.0,279.4,94,66.91,12.04,11.5,2026-04-13
YES,111.0,no ,0,0.0,,125.6,105,33.79,6.51,6.2,2024-07-12
NO,79.0,Yes,1,3.27,1.0,139.9,121,76.1,11.53,12.1,2025-02-17
No,146.0,Yes,0,0.0,3.0,207.1,88,49.74,8.5,15.9,2023-11-06
NO,62.0,yes ,1,2.47,1.0,154.2,110,70.95,12.14,9.1,2025-06-19
yes,142.0,NO,1,2.3,5.0,159.2,94,69.93,10.49,8.7,2023-12-02
0,23.0,yes,0,0.0,1.0,164.5,105,38.31,3.94,12.6,2026-03-14
false,17.0,yes ,0,0.0,0.0,137.2,84,38.72,9.14,8.9,2026-04-30
0,31.0,yess,0,0.0,3.0,151.7,146,39.44,8.06,8.3,2026-01-17
no,99.0,YES,0,0.0,0.0,216.6,85,54.01,9.46,11.2,2024-10-04
False,187.0,YES,0,0.0,1.0,138.4,97,42.84,10.59,7.2,2023-01-21
NO,134.0,yes,0,0.0,2.0,170.1,126,40.37,6.04,2.9,2024-01-30
0,137.0,yes,0,0.0,0.0,158.7,76,52.93,15.21,11.8,2024-01-09
No,156.0,yess,0,0.0,1.0,173.6,105,47.9,10.53,11.6,2023-08-31
NO,126.0,yes,1,3.08,1.0,128.2,77,78.63,14.4,11.6,2024-03-26
false,115.0,yes,0,0.0,1.0,186.3,105,36.22,2.91,8.6,2024-06-14
no,165.0,Yes,0,0.0,2.0,204.2,89,50.35,7.1,7.6,2023-06-28
false,95.0,n0,0,0.0,1.0,196.8,132,53.0,9.27,11.0,2024-10-30
False,23.0,Yes,1,2.73,1.0,178.4,110,75.79,10.65,10.2,2026-03-19
false,20.0,yess,0,0.0,0.0,112.2,101,38.14,11.13,10.9,2026-04-08
false,99.0,n0,1,3.45,1.0,215.5,80,93.41,12.55,12.7,2024-09-29
No ,121.0,yes,1,2.01,2.0,147.5,96,,12.0,7.5,2024-04-30
NO,55.0,YES,0,0.0,2.0,88.1,109,32.86,9.85,12.9,2025.08.04
false,189.0,yess,0,0.0,3.0,233.2,55,55.39,7.63,9.6,2023-01-09
1,46.0,yes,0,0.0,5.0,89.8,119,37.23,13.01,13.4,2025-10-04
False,148.0,yes,0,0.0,1.0,181.8,111,42.23,6.23,6.2,2023-10-26
No,170.0,yes ,0,0.0,1.0,89.9,102,39.09,13.94,10.5,2023-05-22
NO,61.0,yes ,1,2.69,1.0,174.6,86,67.39,6.62,9.9,2025-06-21
0,204.0,YES,1,2.28,2.0,121.2,111,62.02,11.45,8.2,2022-09-30
No,119.0,yes,0,0.0,1.0,115.4,65,38.68,10.83,8.8,2024-05-12
no,153.0,yes,0,0.0,1.0,273.1,79,63.98,8.62,10.3,2023-09-18
No ,68.0,yes,0,0.0,2.0,160.4,142,45.73,10.56,13.1,2025-05-08
No,80.0,yess,1,,1.0,224.1,143,89.36,10.5,12.5,2025-02-08
si,196.0,n0,1,,1.0,271.2,111,103.96,10.75,14.4,2022-11-24
false,204.0,yes,0,0.0,2.0,163.1,64,43.96,9.12,6.0,2022-09-28
False,122.0,yess,0,0.0,2.0,141.0,65,41.84,10.46,9.3,2024-04-23
False,121.0,yes ,1,1.6,1.0,151.5,108,65.04,13.03,5.7,2024-05-01
No,35.0,YES,0,0.0,1.0,52.9,105,27.43,10.31,12.2,2025-12-20
no,,yes ,0,0.0,1.0,138.8,92,47.56,12.54,10.7,2023-07-15
No ,206.0,Yes,0,0.0,0.0,216.5,86,53.91,9.47,11.0,2022-09-15
No,194.0,yes,0,0.0,2.0,283.9,100,60.74,6.57,6.8,2022-12-06
No,107.0,yes,1,1.81,5.0,182.5,93,73.07,13.47,6.7,
YES,114.0,Yes,0,0.0,1.0,327.6,113,69.73,8.14,7.6,2024-06-17
No,74.0,yes,0,,1.0,177.7,90,53.89,11.32,7.5,2025-03-27
false,80.0,yes ,0,0.0,1.0,141.7,90,41.2,9.82,6.2,2025-02-12
No,122.0,yes,1,1.48,2.0,143.5,107,,8.29,5.5,2024-04-24
No ,158.0,YES,0,0.0,0.0,209.5,117,56.42,10.29,10.6,2023-08-15
No ,85.0,yess,0,0.0,0.0,218.5,94,53.32,9.14,11.4,2025-01-10
NO,124.0,yes,0,0.0,1.0,55.0,102,24.83,8.17,10.0,2024-04-06
no,55.0,yes,0,0.0,2.0,161.8,64,43.65,9.2,6.0,2025-08-02
No,24.0,yes ,0,0.0,1.0,117.4,64,39.17,10.72,8.7,2026-03-10
0,189.0,yes ,0,0.0,0.0,126.7,98,35.61,7.07,9.4,2023-01-13
Yes,45.0,no,1,3.02,0.0,111.5,114,71.58,13.1,11.1,2025-10-17
No,176.0,yes ,1,3.97,2.0,73.8,107,66.84,8.87,14.5,2023-04-08
0,28.0,Yes,0,0.0,0.0,154.4,106,41.8,9.13,10.9,2026-02-09
No,4.0,YES,0,0.0,2.0,140.9,119,47.08,11.5,11.2,2026-07-28
no,187.0,yes,1,2.38,2.0,177.0,76,69.27,8.77,8.8,2023-01-26
No,119.0,yes ,0,0.0,3.0,171.4,117,41.36,5.69,16.9,2024-05-14
Yes,39.0,yes ,1,1.73,2.0,188.9,96,60.87,6.1,6.4,2025-11-26
No,31.0,yes,0,0.0,1.0,179.7,83,48.52,10.66,11.0,2026-01-19
NO,108.0,yes,1,3.14,0.0,184.5,102,77.99,9.12,11.7,2024-08-01
True,157.0,no ,1,4.0,0.0,155.8,88,76.35,5.32,14.6,2023-08-20
No ,90.0,yes ,0,0.0,2.0,150.7,95,48.98,12.92,13.3,2024-12-05
No,100.0,yess,1,2.72,1.0,260.2,129,89.36,10.71,10.0,2024-09-22
YES,14.0,yes ,0,0.0,3.0,270.3,104,,10.19,11.4,2026-05-16
False,17.0,Yes,0,0.0,2.0,178.7,106,48.2,10.01,9.3,2026-04-28
No ,107.0,YES,0,0.0,4.0,188.8,77,50.86,11.17,9.2,2024-08-09
false,184.0,yess,0,0.0,2.0,188.0,61,52.07,11.33,7.8,2023-02-11
No ,191.0,yes,0,0.0,0.0,108.1,95,28.8,5.81,8.3,2022-12-24
No ,131.0,Yes,0,0.0,3.0,251.9,118,51.31,4.52,13.7,2024-02-17
no,202.0,YES,1,1.52,2.0,252.4,107,78.43,12.1,5.5,2022-10-09
No ,123.0,YES,1,2.15,3.0,139.0,101,61.18,8.81,8.1,
Yes,84.0,Yes,0,0.0,5.0,62.5,89,26.49,8.42,5.6,2025-01-14
True,15.0,yes,1,1.65,4.0,96.2,58,61.12,15.73,6.2,2026-05-12
true,81.0,yes,0,0.0,0.0,239.2,84,52.91,6.73,9.3,2025-02-02
No,184.0,yes,1,3.67,1.0,208.4,94,91.38,11.59,13.4,2023-02-12
false,119.0,no,0,0.0,1.0,134.3,49,43.94,10.91,11.6,2024-05-13
false,192.0,Yes,1,2.84,,160.0,104,71.38,9.31,10.3,2022-12-18
False,34.0,yes ,0,0.0,3.0,222.5,76,57.23,10.67,10.0,2025-12-31
No,126.0,Yes,0,0.0,3.0,199.3,108,50.19,9.08,6.7,2024-03-24
Yes,86.0,No,0,0.0,1.0,247.8,94,63.9,12.13,15.3,2024-12-28
No,33.0,n0,0,0.0,1.0,190.7,78,55.03,13.35,1.5,2026-01-03
No,,yes,0,0.0,1.0,146.1,130,36.72,6.45,5.3,
No,196.0,yes ,1,2.98,1.0,174.7,74,75.34,8.5,11.0,2022-11-22
1,91.0,yes,0,0.0,6.0,81.7,124,31.83,10.6,11.3,2024-11-27
False,156.0,yes,0,,0.0,132.7,124,36.06,8.13,12.6,2023-08-31
si,172.0,YES,1,2.46,2.0,218.3,125,82.88,11.61,9.2,2023-05-06
false,127.0,yess,0,0.0,0.0,191.4,107,57.42,12.81,6.2,2024-03-18
no,194.0,YES,0,0.0,0.0,211.4,94,53.05,9.48,13.4,2022-12-05
0,195.0,yes,1,2.8,0.0,215.4,60,79.76,9.06,10.2,2022-11-28
1,66.0,yes ,0,0.0,,287.7,116,69.22,11.73,5.0,2025-05-20
NO,125.0,Yes,0,0.0,1.0,244.0,112,57.64,8.93,9.6,2024-03-30
Yes,90.0,yes ,0,0.0,1.0,229.8,129,65.03,15.16,5.5,2024-11-30
False,111.0,yess,0,,1.0,229.4,107,59.55,10.52,13.2,2024-07-10
Si,158.0,no ,1,4.23,2.0,223.3,137,102.74,13.29,15.5,2023-08-13
False,161.0,yes,1,1.81,3.0,205.5,96,64.12,6.94,6.6,2023-07-27
NO,11.0,Yes,1,2.25,2.0,238.1,111,72.56,5.94,8.0,2026-06-09
Yes,69.0,NO,0,0.0,2.0,145.9,89,39.9,8.79,16.6,2025-05-02
No,121.0,yes,1,4.7,1.0,94.5,136,,9.74,17.6,2024-05-01
no,3.0,yes,0,0.0,3.0,168.6,86,43.69,8.04,10.0,2026.08.02
No,182.0,yes,0,0.0,0.0,114.3,69,43.94,12.51,7.4,2023-02-26
0,49.0,yes,1,2.7,5.0,263.2,69,95.66,13.98,9.7,2025-09-15
NO,117.0,No,1,2.86,3.0,205.4,105,79.94,9.33,10.5,2024-05-30
False,171.0,yes,1,,0.0,108.9,124,59.29,9.35,9.0,2023-05-15
NO,103.0,yes,0,0.0,1.0,174.2,101,48.04,10.56,11.5,2024-09-01
False,175.0,yes,0,0.0,,156.1,98,40.1,5.97,6.8,2023-04-18
0,28.0,yes,0,0.0,1.0,186.9,128,53.12,9.86,5.1,2026-02-12
False,23.0,yes,0,0.0,2.0,207.1,67,56.19,12.57,10.9,2026-03-14
No,88.0,yes,1,3.17,2.0,251.2,78,86.64,6.93,11.9,2024-12-19
no,51.0,yes,1,2.42,1.0,213.4,120,77.83,10.15,8.8,2025-08-30
NO,88.0,yes,0,0.0,2.0,166.2,93,49.03,11.48,9.0,2024-12-17
No,81.0,yes,0,0.0,0.0,145.4,89,42.29,9.05,12.4,2025-02-04
No,195.0,yess,0,0.0,2.0,117.0,94,32.15,7.59,9.6,2022-11-30
1,79.0,yes,0,0.0,2.0,226.0,94,65.32,13.84,8.1,2025-02-17
No,35.0,yes ,0,0.0,0.0,191.0,69,43.87,6.54,13.0,2025-12-24
no,133.0,yes,0,0.0,1.0,247.1,130,59.09,9.7,9.1,2024-02-06
false,195.0,yes,0,0.0,,89.3,141,38.14,10.71,9.3,2022-11-30
No,36.0,yes,0,0.0,3.0,172.5,116,41.65,5.68,17.0,2025-12-17
NO,199.0,yes ,0,0.0,0.0,153.6,116,49.91,12.2,10.6,2022-11-04
false,79.0,yes,0,0.0,0.0,167.5,152,42.08,5.49,8.7,2025-02-20
0,54.0,Yes,0,0.0,0.0,197.0,89,53.97,12.05,4.0,2025-08-13
false,120.0,yes,1,2.72,1.0,249.5,101,91.96,12.73,9.9,2024-05-05
No,,yes,1,2.29,1.0,147.2,90,62.48,8.03,8.4,2025-03-26
No,157.0,yes,1,2.87,1.0,232.5,105,83.13,9.72,10.6,2023-08-19
false,15.0,yes,0,,1.0,161.4,90,46.1,10.53,12.1,2026-05-10
si,20.0,yes,0,0.0,1.0,262.2,140,63.58,10.89,8.1,2026-04-07
No ,77.0,yess,1,2.71,2.0,158.8,77,71.85,10.76,9.8,2025-03-06
YES,61.0,no,1,4.16,,221.5,136,102.11,13.3,15.3,2025-06-25
Si,60.0,no,0,0.0,1.0,127.9,103,39.95,10.35,14.1,2025-06-28
No,54.0,YES,0,0.0,0.0,164.6,79,35.03,3.66,6.2,2025-08-10
No,57.0,YES,0,0.0,4.0,179.5,93,43.35,7.2,12.7,2025-07-24
No ,,yes,1,0.67,1.0,199.2,94,55.37,8.22,2.5,2022-10-11
No ,168.0,yess,0,0.0,2.0,108.2,133,31.78,7.14,10.8,2023-06-03
No,123.0,yes,0,0.0,2.0,261.0,122,57.8,7.55,10.5,2024-04-16
1,39.0,no,1,2.27,1.0,271.9,98,89.77,12.66,8.3,2025-11-22
No,81.0,yes,0,0.0,2.0,138.8,85,48.14,14.27,14.1,2025-02-04
no,197.0,yes,0,0.0,1.0,162.9,105,48.51,9.88,13.8,2022-11-12
NO,123.0,yes ,0,0.0,1.0,85.3,75,41.42,13.1,9.2,2024-04-18
SI,106.0,no ,1,2.9,3.0,211.8,116,92.13,15.68,10.6,2024-08-11
No,59.0,YES,0,,0.0,136.8,115,,9.05,11.4,2025-07-06
False,50.0,Yes,1,3.56,3.0,133.7,93,74.31,10.37,12.9,2025-09-06
false,33.0,NO,0,0.0,3.0,207.5,101,53.91,10.69,12.5,2026-01-07
no,170.0,yess,0,0.0,1.0,169.8,110,54.48,14.4,9.3,2023-05-21
No ,113.0,yes,0,0.0,1.0,143.5,111,50.81,15.36,10.0,2024-06-22
No,128.0,Yes,0,0.0,2.0,194.3,97,48.63,9.26,12.9,2024-03-10
no,81.0,yess,0,0.0,3.0,203.4,96,50.45,7.66,9.1,2025-02-06
false,105.0,yes,0,0.0,2.0,218.7,104,,15.04,11.3,2024-08-18
False,39.0,yes ,1,3.43,2.0,96.6,112,66.92,8.83,13.0,2025-11-22
No,69.0,yes ,0,0.0,3.0,198.9,67,55.2,12.56,10.5,2025-04-30
no,116.0,YES,0,0.0,3.0,200.5,88,60.19,14.37,8.9,2024-06-03
no,98.0,yes,0,0.0,1.0,136.8,70,41.21,10.47,11.3,2024-10-07
No,60.0,yes,0,0.0,0.0,55.3,64,30.53,12.06,11.4,2025-07-03
0,118.0,yes,1,3.51,3.0,158.6,122,76.31,8.16,13.1,2024-05-21
No,171.0,yess,0,,2.0,164.6,99,37.88,5.99,12.7,2023-05-13
NO,69.0,yess,0,0.0,0.0,111.7,133,37.07,9.87,10.0,2025-05-02
NO,136.0,yess,0,0.0,,185.6,35,55.11,13.84,5.5,2024-01-18
NO,150.0,yes,0,0.0,2.0,240.7,92,57.01,8.93,5.9,2023-10-08
false,106.0,yes,0,0.0,1.0,205.3,122,55.07,10.77,6.7,2024-08-13
0,156.0,yes,1,1.13,1.0,147.4,73,57.46,12.27,3.9,2023-08-28
No,174.0,yes,1,3.12,0.0,183.2,102,78.19,9.22,11.3,2023-04-26
No,181.0,yes,0,0.0,0.0,227.5,88,55.04,9.09,12.4,2023-03-05
True,152.0,yes,0,0.0,3.0,230.1,101,64.0,13.83,12.3,2023-09-29
No ,79.0,yess,0,0.0,2.0,223.1,74,52.07,8.42,8.9,2025-02-15
False,77.0,No,0,0.0,1.0,63.6,112,28.06,10.23,8.9,2025-03-01
False,188.0,yes,0,0.0,2.0,176.3,114,,13.57,16.4,2023-01-16
False,67.0,yes,1,3.36,2.0,191.5,94,77.42,5.91,12.4,2025-05-12
No ,165.0,yes ,0,0.0,1.0,147.3,102,48.08,11.57,11.5,2023-06-26
no,201.0,yes ,1,3.1,1.0,165.7,100,84.17,13.67,11.5,2022-10-21
No,146.0,yes,0,0.0,1.0,263.1,107,58.4,7.75,11.6,2023-11-08
SI,132.0,YES,0,0.0,,294.2,90,76.68,13.69,10.8,2024-02-14
0,13.0,yes,0,0.0,1.0,143.7,117,37.88,7.64,8.6,2026-05-29
false,34.0,yes,0,0.0,1.0,136.5,103,36.34,7.56,9.3,2025-12-28
Yes,105.0,YES,1,1.66,2.0,246.4,104,79.22,11.15,6.1,2024-08-20
No ,92.0,yes,0,0.0,1.0,155.0,92,42.65,9.71,13.0,2024-11-18
No,164.0,yes,1,3.25,1.0,153.5,111,81.23,13.13,11.9,2023-07-07
False,90.0,Yes,0,0.0,1.0,163.5,83,42.93,7.7,14.2,2024-12-03
False,201.0,yes,0,0.0,2.0,221.6,113,55.85,10.28,12.2,2022-10-16
False,151.0,no ,0,0.0,1.0,235.4,132,60.66,9.67,8.5,2023-10-03
0,51.0,yes,0,0.0,1.0,149.1,73,44.05,9.65,10.3,2025-09-04
yes,182.0,yess,0,0.0,0.0,233.7,77,57.37,10.3,10.7,2023-03-01
false,43.0,yes,0,0.0,1.0,215.2,114,55.88,10.42,8.1,2025-10-30
No,157.0,YES,1,3.26,1.0,116.1,85,65.27,7.59,11.9,2023-08-22
No ,144.0,yes,1,3.26,0.0,226.2,97,87.67,9.41,12.2,2023-11-21
No ,168.0,yes ,0,0.0,3.0,194.7,104,52.86,11.78,13.0,2023-06-04
No,80.0,yess,0,0.0,2.0,195.6,81,52.82,9.36,10.8,2025-02-13
no,126.0,Yes,0,0.0,0.0,251.6,80,52.45,4.48,10.6,2024-03-25
NO,,yess,0,0.0,2.0,193.1,120,49.18,8.89,7.0,2025-07-13
false,132.0,yes,0,0.0,1.0,195.5,62,52.43,11.37,15.3,2024-02-10
false,133.0,yes,0,0.0,0.0,140.5,118,48.45,14.58,13.1,2024-02-08
False,120.0,Yes,1,3.18,2.0,244.2,91,92.27,10.62,11.9,2024-05-09
NO,45.0,yes,0,0.0,0.0,87.1,113,33.6,11.41,15.5,2025-10-16
False,197.0,yes,0,0.0,0.0,217.5,57,57.55,12.08,12.1,2022-11-16
False,153.0,yess,0,0.0,2.0,153.3,112,,9.25,12.7,2023-09-21
NO,124.0,yes ,1,3.47,2.0,259.2,122,96.59,10.64,12.6,2024-04-11
no,141.0,yes,0,0.0,0.0,225.5,102,51.24,7.2,7.9,2023-12-11
NO,52.0,Yes,0,0.0,3.0,122.4,116,41.09,9.71,6.3,2025-08-29
0,63.0,yess,0,0.0,0.0,176.2,136,50.09,9.51,14.6,2025-06-13
No ,50.0,Yes,0,0.0,0.0,144.3,89,42.17,10.24,8.9,2025-09-06
0,188.0,yes,1,3.64,6.0,170.9,107,85.03,10.92,13.6,2023-01-18
No ,101.0,YES,1,3.27,1.0,167.6,139,72.34,5.7,12.3,2024-09-15
False,82.0,yes,0,0.0,0.0,189.1,99,45.35,5.91,17.0,2025-01-27
No,101.0,yes,0,0.0,3.0,118.5,90,37.53,10.27,10.4,2024-09-20
No,2.0,yes ,0,0.0,3.0,253.0,119,51.05,4.63,13.8,2026-08-08
No,134.0,Yes,0,0.0,1.0,163.2,93,53.02,13.01,10.0,2024-01-29
Yes,176.0,yess,0,0.0,0.0,286.3,85,65.07,8.84,9.4,2023-04-09
No,28.0,yess,0,0.0,2.0,158.3,142,45.51,10.42,13.0,2026-02-07
0,1.0,yes,0,0.0,2.0,202.6,100,,9.82,13.3,2026-08-16
No,106.0,yess,0,0.0,1.0,128.7,95,39.0,10.52,13.0,2024-08-15
False,138.0,yes,1,2.95,1.0,222.8,114,80.33,8.24,10.8,2024-01-01
false,55.0,YES,0,0.0,0.0,141.4,113,39.1,9.26,8.0,2025-08-03
Yes,68.0,no ,0,0.0,3.0,252.2,119,61.51,10.39,12.0,2025-05-03
0,21.0,yes,0,0.0,1.0,193.7,102,,4.46,10.3,2026-03-28
No,51.0,yes,0,0.0,2.0,223.6,100,56.02,10.16,7.0,2025-09-02
No,48.0,YES,0,0.0,4.0,229.6,87,57.83,11.13,12.9,2025-09-26
false,136.0,no,1,2.58,1.0,128.9,122,61.95,8.79,9.7,2024-01-16
1,196.0,n0,0,0.0,2.0,134.2,95,35.19,6.66,12.3,2022-11-19
No,127.0,yes,0,0.0,3.0,123.7,117,40.71,9.66,6.3,2024-03-21
0,24.0,yess,1,3.72,1.0,162.6,123,82.02,9.83,13.6,2026-03-07
no,180.0,Yes,0,0.0,2.0,124.2,102,43.62,13.08,11.7,2023-03-11
No ,105.0,Yes,0,0.0,0.0,226.4,101,50.66,7.29,8.0,2024-08-22
si,147.0,no,0,0.0,2.0,121.9,109,40.26,11.01,10.9,2023-11-03
No,154.0,yes,0,0.0,0.0,156.7,108,49.62,13.5,10.0,2023-09-12
No,121.0,yes,0,0.0,2.0,200.6,91,45.53,5.91,5.9,2024-04-30
0,60.0,YES,0,0.0,1.0,230.6,82,63.79,13.36,7.4,2025-07-03
no,22.0,yes,0,0.0,0.0,111.9,96,29.55,5.82,8.4,2026-03-22
No ,24.0,Yes,1,2.37,2.0,31.2,123,40.25,6.45,8.6,2026-03-12
No,66.0,YES,1,1.33,1.0,35.9,114,32.15,7.12,4.9,2025-05-19
No,67.0,no,0,0.0,1.0,139.6,140,44.05,11.53,10.7,2025-05-11
No,30.0,yes,0,0.0,4.0,175.3,111,53.34,13.28,0.1,2026-01-24
Yes,107.0,yes,0,0.0,1.0,238.2,124,62.72,12.23,13.8,2024-08-08
No,90.0,yes,0,,3.0,198.2,67,55.27,12.49,10.4,2024-12-06
NO,108.0,yess,0,0.0,0.0,174.2,64,46.16,9.99,10.5,2024-08-02
0,153.0,yes,1,,,193.3,107,67.94,9.87,6.8,NULL
False,30.0,yess,0,0.0,0.0,93.0,81,32.93,10.0,6.4,2026-01-28
false,185.0,yes,0,0.0,4.0,239.0,64,57.49,9.42,11.9,2023-02-08
No,172.0,yes,1,2.42,0.0,109.0,124,60.14,9.56,8.8,2023-05-11
no,167.0,yes,1,2.57,1.0,107.5,64,62.94,10.83,9.6,2023-06-14
no,-7.0,Yes,0,0.0,1.0,171.2,144,57.33,13.9,10.0,2026-10-15
No,179.0,yes,1,,0.0,197.9,98,74.53,8.22,10.1,2023-03-23
No,33.0,Yes,0,0.0,0.0,167.5,96,42.65,7.8,10.7,2026-01-09
no,83.0,yess,1,2.07,2.0,124.0,105,64.98,13.52,7.7,2025-01-20
0,73.0,yes,0,0.0,0.0,4.7,100,14.68,6.88,12.1,2025-03-29
No,155.0,YES,0,0.0,2.0,180.7,129,50.12,11.33,10.7,2023-09-04
false,182.0,yess,0,0.0,2.0,190.4,101,52.41,9.88,9.8,2023-02-25
no,104.0,yess,0,0.0,3.0,136.9,91,,10.99,13.2,2024-08-27
0,102.0,yes,0,0.0,0.0,251.7,101,60.85,8.67,5.5,2024-09-07
True,85.0,yes ,0,0.0,5.0,138.2,114,37.26,7.9,10.3,2025-01-06
No,119.0,yes,0,0.0,3.0,196.9,85,53.52,11.35,12.1,2024-05-16
false,173.0,yess,0,0.0,0.0,134.0,115,44.37,12.2,8.6,2023-05-01
true,16.0,yes,0,,3.0,287.0,111,73.45,13.16,10.2,2026-05-02
SI,75.0,no,0,0.0,1.0,248.5,93,64.28,12.14,15.2,2025-03-18
no,33.0,YES,0,0.0,2.0,197.0,107,44.99,6.85,7.6,2026-01-07
Yes,116.0,YES,0,0.0,5.0,129.7,84,41.38,8.94,7.5,2024-06-03
False,123.0,YES,1,3.0,1.0,158.1,76,72.46,8.69,11.0,2024-04-18
No ,153.0,yes,1,3.46,3.0,180.2,97,81.16,9.37,12.7,2023-09-19
0,106.0,yes,1,3.08,1.0,212.2,100,89.35,12.64,11.5,2024-08-12
false,131.0,yes,0,0.0,1.0,163.8,99,56.24,15.85,8.3,2024-02-22
YES,163.0,yes,1,3.72,4.0,157.5,99,73.98,5.91,13.9,2023-07-14
No ,159.0,yess,1,4.28,0.0,129.9,99,,12.3,15.7,2023-08-06
No,189.0,YES,0,0.0,1.0,141.7,96,43.25,10.68,7.1,2023-01-13
no,106.0,yess,1,1.7,3.0,188.2,86,68.3,11.12,6.1,2024-08-13
no,176.0,YES,1,3.42,3.0,178.2,96,81.78,9.55,12.7,2023-04-12
False,20.0,yes,0,0.0,3.0,194.3,93,48.89,9.37,10.9,2026-04-04
False,181.0,yes,1,2.4,1.0,209.5,113,81.26,12.3,8.6,2023-03-08
SI,135.0,Yes,0,0.0,5.0,62.3,88,26.29,8.45,5.7,2024-01-20
no,101.0,YES,0,0.0,2.0,189.2,109,49.67,9.88,4.8,2024-09-18
si,190.0,yes ,0,0.0,4.0,121.3,95,34.87,8.46,11.8,2023-01-02
SI,,no,1,3.79,0.0,266.5,112,102.3,10.84,13.9,
NO,21.0,yes ,1,3.49,2.0,132.3,61,76.44,11.43,12.8,2026-03-30
false,18.0,no,1,3.1,0.0,145.3,76,76.34,12.24,11.2,2026-04-20
0,164.0,yes,0,0.0,1.0,161.8,109,50.19,11.66,9.2,2023-07-06
0,94.0,yes,0,0.0,3.0,156.0,88,52.63,12.35,12.2,2024-11-03
No,169.0,YES,0,0.0,1.0,175.0,122,49.49,11.19,11.6,2023-05-29
No,11.0,yes,1,4.21,2.0,198.4,105,82.79,3.96,15.5,2026-06-07
No,208.0,yess,0,0.0,2.0,221.2,92,55.53,9.34,12.4,2022-09-02
No,169.0,Yes,0,0.0,0.0,235.6,108,52.06,7.14,12.5,2023-05-29
0,37.0,yess,0,0.0,1.0,207.5,49,54.96,11.28,13.0,2025-12-09
No,110.0,Yes,0,0.0,1.0,80.6,94,36.65,13.35,8.8,2024-07-15
false,23.0,yes,0,0.0,0.0,149.0,110,48.16,13.34,8.8,2026-03-14
0,185.0,Yes,0,0.0,2.0,157.1,111,41.97,9.22,12.6,2023-02-09
0,162.0,yess,0,0.0,0.0,156.8,126,41.52,8.22,9.0,2023-07-21
No,112.0,yes,0,0.0,0.0,171.9,64,47.96,9.83,10.6,2024-06-30
no,91.0,YES,1,3.62,2.0,181.6,65,86.77,10.63,13.2,2024-11-24
No ,64.0,No,0,0.0,1.0,167.9,119,46.01,9.92,10.9,2025-06-03
No ,114.0,yes ,0,0.0,3.0,101.0,90,39.73,11.56,11.0,2024-06-16
NO,188.0,yes,0,0.0,3.0,187.6,127,40.65,4.43,15.3,2023-01-17
YES,19.0,Yes,0,0.0,2.0,272.8,96,71.75,14.48,5.7,2026-04-14
False,157.0,yes,0,0.0,6.0,154.3,90,50.44,13.44,10.9,2023-08-23
yes,183.0,n0,0,0.0,3.0,156.0,70,45.65,10.25,9.9,2023-02-24
Yes,80.0,Yes,0,0.0,1.0,273.9,110,70.04,13.31,8.4,2025-02-09
No,124.0,YES,1,3.3,2.0,147.6,35,79.63,13.15,11.8,2024-04-08
true,96.0,yes,1,2.15,6.0,168.6,80,65.61,8.27,7.9,2024-10-22
no,60.0,yes ,1,3.22,1.0,281.9,69,93.09,7.62,12.0,2025-07-01
NO,25.0,Yes,1,1.55,0.0,101.6,53,53.77,12.27,6.0,2026-03-01
false,78.0,yess,1,2.59,1.0,237.6,101,83.48,9.77,9.7,
No,104.0,YES,0,0.0,1.0,121.0,88,42.56,12.79,10.7,2024-08-27
No ,206.0,yess,0,0.0,3.0,215.5,114,55.96,10.9,11.8,2022-09-11
1,124.0,No,0,0.0,0.0,232.5,80,57.5,9.34,9.5,2024-04-12
False,98.0,yes,0,0.0,0.0,142.0,95,41.06,10.22,8.7,2024-10-07
NO,109.0,yes ,0,0.0,1.0,210.4,105,50.52,6.13,9.6,2024-07-20
No ,41.0,yes,1,2.24,0.0,175.5,93,68.74,9.78,8.3,2025-11-08
No,204.0,no,0,0.0,2.0,163.6,107,44.54,9.91,9.6,2022-09-24
No,123.0,yes,0,0.0,4.0,195.5,64,46.51,6.82,13.1,2024-04-17
No,70.0,yes ,0,0.0,0.0,164.5,72,50.08,12.67,15.8,2025-04-21
no,70.0,yes,0,0.0,1.0,217.9,70,56.98,11.49,10.5,2025-04-24
False,205.0,YES,0,0.0,1.0,152.1,111,40.82,8.82,5.3,2022-09-18
0,144.0,yes,0,0.0,7.0,167.4,61,47.76,10.73,8.2,2023-11-21
false,175.0,yess,1,3.67,3.0,301.2,93,109.81,12.01,13.5,2023-04-19
false,142.0,yes,0,0.0,2.0,172.3,102,39.3,5.03,7.6,2023-12-04
False,90.0,yes,1,3.79,1.0,176.1,81,88.79,13.01,14.0,2024-12-01
No ,24.0,YES,0,0.0,1.0,180.8,117,53.98,12.82,10.2,2026-03-11
YES,83.0,no ,0,0.0,2.0,237.4,91,61.08,10.42,15.6,2025-01-24
0,74.0,YES,1,1.87,2.0,213.7,72,70.98,9.14,7.2,2025-03-23
No ,29.0,yes,0,0.0,2.0,178.9,121,58.24,15.68,4.1,
False,149.0,yess,0,0.0,1.0,222.1,123,55.45,8.22,11.3,2023-10-20
No ,89.0,yess,0,0.0,1.0,138.9,125,34.32,6.41,4.7,2024-12-09
0,100.0,yes,1,4.67,1.0,93.2,136,,9.75,17.5,2024-09-23
No,11.0,yes,0,0.0,0.0,211.9,149,54.57,10.59,8.3,2026-06-11
0,0.0,yes,0,0.0,1.0,126.8,96,34.79,7.16,7.5,2026-08-26
no,48.0,yess,0,0.0,,145.4,107,42.68,9.94,7.9,2025-09-24
False,13.0,yess,1,2.73,0.0,158.0,109,,11.08,10.3,2026-05-23
No,19.0,yes,0,0.0,2.0,238.3,105,55.83,8.66,8.6,2026-04-17
false,49.0,Yes,0,0.0,4.0,175.2,73,47.64,10.7,10.3,2025-09-15
si,134.0,yes,0,0.0,1.0,228.0,129,65.33,15.03,5.4,2024-01-28
0,75.0,yes,1,1.72,1.0,141.9,107,52.65,5.85,6.6,2025-03-18
No,58.0,no ,0,0.0,1.0,162.3,96,51.1,12.2,7.8,2025-07-13
1,73.0,Yes,0,0.0,6.0,119.8,48,32.73,6.36,8.2,2025-04-02
NO,140.0,no,0,0.0,1.0,219.2,110,50.71,7.76,8.3,2023-12-20
No,140.0,yes,0,0.0,,139.9,91,47.4,12.56,11.0,2023-12-18
false,51.0,yess,0,0.0,2.0,221.0,102,57.0,9.3,11.9,2025-08-31
no,95.0,Yes,0,0.0,2.0,156.1,118,41.39,8.46,11.9,2024-10-28
NO,35.0,yess,0,0.0,0.0,154.0,106,41.84,9.27,10.8,
0,151.0,yes,1,2.45,1.0,274.7,101,86.28,9.24,8.7,2023-09-30
yes,9.0,yes,0,0.0,7.0,134.0,107,42.77,10.38,8.7,2026-06-25
No,207.0,yes,1,2.69,0.0,141.3,95,69.15,10.36,10.2,2022-09-07
No,88.0,YES,1,2.64,1.0,176.5,85,67.55,6.73,9.6,2024-12-14
No ,109.0,yes ,0,0.0,1.0,209.5,104,49.76,6.05,9.6,2024-07-26
No ,67.0,yes ,0,0.0,1.0,228.2,121,61.32,13.36,13.0,2025-05-16
No ,170.0,yes,0,0.0,1.0,215.9,145,60.76,13.49,10.8,2023-05-23
si,162.0,Yes,1,2.99,4.0,130.2,114,69.77,10.4,11.1,2023-07-20
No,105.0,yess,0,0.0,1.0,150.0,105,42.95,9.92,9.2,2024-08-21
No,139.0,yes,1,4.0,1.0,130.4,106,80.99,11.83,14.6,2023-12-28
false,133.0,yes,0,0.0,1.0,210.9,86,49.61,8.26,13.2,2024-02-04
No,,No,0,0.0,0.0,68.0,110,43.19,16.89,12.3,
NO,205.0,yes,0,0.0,1.0,170.1,120,43.7,8.34,12.2,2022-09-23
SI,205.0,yes,0,0.0,6.0,128.5,115,41.41,10.77,6.2,2022-09-18
0,,yes,1,3.38,4.0,210.8,119,82.1,7.13,12.5,2025-04-15
No ,72.0,YES,0,0.0,2.0,112.6,107,37.84,11.05,9.0,2025-04-09
True,43.0,yess,0,0.0,3.0,247.6,96,65.31,12.98,12.7,2025-10-31
no,27.0,yes,0,0.0,3.0,209.2,86,48.97,6.58,9.5,2026-02-15
No,158.0,yes,1,2.05,3.0,146.7,112,60.37,8.04,7.8,2023-08-12
False,105.0,yes,0,0.0,1.0,182.1,82,53.18,12.41,9.6,2024-08-21
No,86.0,Yes,0,0.0,2.0,91.5,90,34.87,8.93,12.0,2024-12-28
NO,178.0,YES,0,0.0,2.0,45.8,125,26.47,8.33,10.6,2023-03-27
False,123.0,Yes,1,2.1,1.0,197.2,81,66.57,6.57,7.4,2024-04-17
No,196.0,yes,1,3.74,1.0,161.4,123,82.42,9.7,13.7,2022-11-19
false,137.0,yes ,0,0.0,2.0,177.4,77,48.87,10.29,9.0,2024-01-06
No,68.0,yes,1,3.41,0.0,194.7,70,84.16,9.46,12.7,
Si,130.0,Yes,0,0.0,1.0,286.4,43,62.88,8.32,8.7,2024-03-01
No,116.0,yes,0,0.0,2.0,130.2,102,40.58,10.11,13.0,2024-06-03
YES,167.0,yes,0,0.0,3.0,283.9,112,73.93,12.84,10.1,2023-06-12
No,51.0,yes,1,3.09,1.0,198.9,122,85.5,11.97,11.5,2025-09-03
no,113.0,yes,0,0.0,1.0,92.0,107,33.95,10.6,13.1,2024-06-26
si,,Yes,0,0.0,5.0,163.8,95,44.73,9.4,10.8,2024-02-17
No,17.0,yes,0,0.0,3.0,238.6,118,57.84,9.64,14.7,2026-04-25
yes,138.0,YES,0,0.0,0.0,291.6,142,67.88,10.77,9.8,2024-01-05
No,107.0,yes,0,0.0,3.0,158.3,87,51.97,12.34,12.2,2024-08-04
false,,no,1,2.56,0.0,213.0,138,75.24,7.27,9.4,
False,51.0,yes,0,0.0,1.0,177.3,61,54.22,12.69,8.4,
false,149.0,Yes,1,3.21,3.0,253.3,112,93.54,10.48,11.9,2023-10-18
NO,187.0,yes,0,0.0,2.0,116.6,93,33.15,7.56,9.6,2023-01-27
No ,11.0,yes,1,2.55,3.0,213.7,113,76.17,8.11,9.5,2026-06-09
NO,6.0,no ,1,2.15,0.0,130.4,92,57.35,8.21,8.1,2026-07-17
false,67.0,yes,1,0.65,0.0,177.6,83,56.89,11.25,2.2,2025-05-16
no,178.0,yes,0,0.0,1.0,94.2,129,40.55,12.97,6.9,2023-03-31
no,202.0,Yes,1,2.7,2.0,89.8,125,56.97,8.81,9.6,2022-10-09
No,50.0,yess,0,,3.0,130.5,72,35.95,7.84,14.5,2025-09-09
SI,147.0,yes,0,0.0,2.0,290.6,101,70.48,12.84,11.7,2023-10-28
no,88.0,yes ,1,0.7,1.0,200.1,96,55.61,8.26,2.4,2024-12-16
False,20.0,yess,0,0.0,2.0,227.8,92,54.98,9.21,8.7,2026-04-09
no,85.0,yes,1,1.83,1.0,164.2,109,,10.58,6.5,2025-01-10
No,179.0,yes,0,0.0,1.0,147.1,97,41.9,9.71,11.1,2023-03-18
True,0.0,n0,0,0.0,,272.8,66,71.84,13.31,12.0,2026-08-23
NO,7.0,yess,0,0.0,0.0,174.3,105,47.77,8.48,8.3,2026-07-10
No,80.0,yes,0,0.0,0.0,183.3,120,41.61,6.0,11.0,2025-02-14
NO,17.0,yes ,0,0.0,2.0,170.7,79,38.65,5.51,11.9,2026-04-26
false,2.0,yes,0,0.0,1.0,228.2,81,52.96,8.15,8.1,2026-08-09
NO,78.0,yess,0,0.0,3.0,101.5,97,29.08,7.29,10.1,2025-02-26
False,45.0,yess,0,0.0,6.0,173.9,85,52.27,12.65,5.9,
Yes,150.0,yes,0,0.0,0.0,300.8,126,71.03,11.41,13.7,2023-10-13
False,86.0,no ,0,0.0,2.0,158.4,123,42.94,8.76,10.1,2024-12-30
No,124.0,yes ,1,3.3,1.0,182.0,110,91.46,15.67,12.2,2024-04-07
No,130.0,YES,0,0.0,0.0,217.0,95,63.79,13.26,4.6,2024-02-28
no,60.0,yes,0,0.0,1.0,110.5,72,29.06,5.83,15.9,2025-06-30
No,87.0,yes,0,0.0,2.0,177.9,102,49.62,10.05,8.4,2024-12-25
No,119.0,yes,0,0.0,0.0,117.0,98,35.69,9.73,12.2,2024-05-17
False,15.0,Yes,0,,1.0,150.8,143,43.29,9.75,14.9,2026-05-12
Yes,60.0,Yes,0,0.0,0.0,113.5,95,37.41,10.39,13.8,2025-07-01
No,65.0,yes ,0,0.0,2.0,163.3,128,38.79,6.19,2.9,2025-05-26
no,82.0,yes,0,0.0,1.0,163.9,79,46.08,8.47,6.1,2025-01-26
No,156.0,yes,0,0.0,1.0,275.2,113,57.17,5.91,11.6,2023-08-26
YES,39.0,YES,0,0.0,3.0,264.6,105,61.8,7.83,13.8,2025-11-25
NO,25.0,yes,0,0.0,1.0,197.3,67,57.54,13.19,9.1,2026-03-05
No,104.0,Yes,0,0.0,2.0,220.4,107,54.93,9.98,9.4,2024-08-27
No,41.0,yess,1,3.83,1.0,311.6,89,108.09,10.03,14.2,2025-11-08
no,12.0,n0,0,0.0,1.0,156.8,71,53.15,15.26,2.1,
No,81.0,no,0,0.0,1.0,189.3,99,48.37,8.03,12.9,2025-02-01
NO,28.0,Yes,0,0.0,3.0,195.2,133,49.95,9.29,9.9,2026-02-11
False,38.0,Yes,1,1.35,2.0,184.9,75,59.18,8.82,5.0,2025-12-02
No,187.0,yes,0,0.0,0.0,192.1,127,50.67,10.2,13.7,2023-01-27
No ,,yes,1,3.44,3.0,201.5,87,84.97,10.39,12.7,2024-10-28
0,143.0,NO,1,2.95,1.0,172.3,106,72.95,7.63,11.1,2023-11-27
No,51.0,yes,0,0.0,2.0,238.1,77,60.68,11.48,5.3,2025-08-30
NO,44.0,yes,1,0.1,1.0,130.7,114,36.31,8.16,0.0,2025-10-21
No,131.0,Yes,1,1.31,1.0,240.0,66,69.07,8.57,5.0,2024-02-17
False,110.0,yes,0,0.0,0.0,153.7,70,47.45,12.2,12.7,2024-07-19
No,12.0,yes ,0,0.0,3.0,130.5,102,43.32,12.35,5.1,2026-05-31
No ,19.0,YES,1,4.47,2.0,207.6,110,90.19,5.82,16.6,2026-04-17
NO,5.0,yes,1,3.42,,140.9,73,76.78,10.5,12.5,2026-07-22
YES,9.0,no,0,0.0,4.0,145.1,103,49.79,14.83,11.1,2026-06-23
No,193.0,Yes,0,0.0,1.0,112.8,104,31.4,6.39,9.2,2022-12-11
No,97.0,yes,0,0.0,1.0,43.9,123,25.77,10.49,11.4,2024-10-16
0,115.0,yess,0,0.0,2.0,188.7,102,51.07,9.77,9.9,2024-06-14
Si,148.0,n0,0,0.0,0.0,291.5,79,65.45,9.5,14.6,2023-10-26
0,88.0,yes,0,0.0,0.0,176.4,61,48.03,10.04,11.3,2024-12-15
no,132.0,yess,1,,2.0,209.0,73,70.87,9.2,6.9,2024-02-11
Si,141.0,yess,0,0.0,2.0,129.1,100,42.59,11.42,9.3,2023-12-11
False,22.0,yes,1,,1.0,201.3,79,65.99,6.5,7.6,2026-03-25
1,112.0,yes,1,,1.0,174.5,103,87.79,12.35,13.6,2024-07-03
False,116.0,yes,0,0.0,0.0,134.3,114,38.4,8.26,9.6,
NO,155.0,yes,0,0.0,2.0,184.2,103,50.09,10.91,8.5,2023-09-05
0,108.0,yes,0,0.0,3.0,157.5,103,45.2,10.51,10.2,2024-07-30
No ,132.0,YES,0,0.0,2.0,197.0,93,53.23,10.51,10.3,2024-02-16
No,5.0,yes,0,0.0,1.0,173.6,99,48.14,10.75,11.5,2026-07-24
Si,47.0,yes,0,0.0,0.0,301.9,105,67.76,9.45,8.4,2025-09-29
no,96.0,Yes,0,0.0,2.0,198.5,88,57.71,12.51,11.3,2024-10-23
No,203.0,yes,0,0.0,0.0,208.3,124,52.86,9.83,8.6,2022-10-03
True,57.0,yes,0,0.0,2.0,328.3,67,74.16,8.8,10.5,2025-07-25
No,32.0,Yes,0,0.0,2.0,189.5,98,55.77,12.78,7.3,2026-01-15
No,76.0,yes,0,0.0,3.0,217.8,115,55.89,10.78,12.0,2025-03-13
1,154.0,yes,0,0.0,1.0,286.6,41,63.75,8.44,8.6,2023-09-10
No,157.0,yes,0,0.0,2.0,194.2,122,56.78,12.03,9.6,2023-08-25
No,87.0,yes ,1,2.97,2.0,100.4,57,65.27,10.24,11.3,2024-12-27
NO,177.0,yess,0,0.0,1.0,182.1,89,46.96,7.65,7.3,2023-04-03
No,95.0,yes,0,0.0,2.0,84.1,76,39.82,12.88,7.5,2024-11-01
no,49.0,yess,0,0.0,2.0,190.6,74,52.94,10.87,9.9,2025-09-15
0,132.0,yes,0,0.0,1.0,149.5,119,46.01,11.52,12.2,2024-02-16
No,,yess,0,0.0,3.0,222.0,102,57.71,11.74,9.8,2025-12-18
false,24.0,yes,0,0.0,0.0,192.0,122,51.35,8.68,10.4,2026-03-08
No ,123.0,no,1,2.91,1.0,245.5,55,96.72,14.61,10.8,2024-04-17
No,118.0,yes,0,0.0,2.0,168.1,115,49.32,9.65,10.1,2024-05-21
No,5.0,yes,0,0.0,0.0,177.7,62,48.03,9.96,11.1,2026-07-23
No,195.0,yes,0,0.0,1.0,203.3,51,58.28,11.49,12.0,2022-12-01
false,24.0,yes ,0,0.0,0.0,150.7,90,44.58,9.26,10.8,2026-03-11
No,166.0,YES,0,0.0,3.0,191.7,92,49.61,10.34,10.2,2023-06-18
No,15.0,yes,1,2.86,1.0,173.1,114,77.67,12.11,10.7,2026-05-09
false,151.0,YES,0,0.0,5.0,194.8,83,49.9,9.44,8.9,2023-10-05
true,16.0,no ,0,0.0,2.0,283.2,60,65.59,9.33,10.9,
Si,64.0,YES,0,,1.0,261.0,116,67.86,13.56,9.4,2025-06-05
No,166.0,yes,1,2.53,0.0,197.3,115,73.19,7.67,9.3,2023-06-20
No ,85.0,yes,0,0.0,150.0,207.3,65,55.78,12.06,11.7,2025-01-04
No,71.0,yes,0,0.0,1.0,213.9,67,56.09,10.91,5.2,2025-04-14
No ,192.0,yes,1,1.99,2.0,163.7,79,,13.8,7.5,2022-12-20
0,125.0,yes,0,0.0,0.0,263.1,105,58.89,9.15,3.4,2024-03-30
False,136.0,YES,1,2.79,1.0,169.8,103,73.36,9.51,10.2,2024-01-15
NO,72.0,Yes,1,2.48,1.0,241.2,95,78.58,7.92,8.9,2025-04-08
True,103.0,yes,0,0.0,4.0,297.8,99,69.12,10.85,11.4,2024-09-06
Si,188.0,yes,0,0.0,1.0,216.7,92,,10.97,10.3,2023-01-18
No,89.0,yes ,1,3.63,1.0,133.0,62,75.33,9.19,13.6,2024-12-09
No,40.0,yess,1,3.93,,281.7,103,107.08,11.36,14.5,2025-11-17
No,45.0,yes,0,0.0,1.0,113.9,90,32.89,7.89,6.2,2025-10-14
0,189.0,yes ,0,0.0,2.0,180.1,76,49.44,10.55,9.1,2023-01-10
1,85.0,YES,0,0.0,5.0,131.1,99,39.13,8.77,8.0,
si,121.0,yes,0,0.0,2.0,216.9,87,65.04,14.04,10.3,2024-04-30
1,22.0,yes,0,0.0,1.0,243.0,97,,12.59,13.7,2026-03-25
No,26.0,YES,0,0.0,2.0,91.5,89,33.68,9.65,9.0,2026-02-25
No,193.0,Yes,0,0.0,0.0,115.9,124,,4.1,11.9,2022-12-16
NO,120.0,yes,0,0.0,1.0,161.9,81,45.81,8.36,6.3,2024-05-10
false,90.0,yes,1,3.32,,186.7,93,79.19,8.97,12.2,2024-12-05
No ,138.0,yes,0,0.0,1.0,155.1,109,52.66,13.02,10.9,2024-01-05
No,157.0,yes ,0,0.0,2.0,100.5,98,43.09,15.38,7.6,2023-08-21
No ,173.0,yes ,0,0.0,2.0,138.7,77,40.97,10.09,11.1,2023-05-05
False,,Yes,1,2.37,0.0,180.6,104,73.34,11.45,8.5,
False,17.0,yess,1,3.67,2.0,120.8,85,75.15,10.64,13.3,2026-05-01
No,42.0,yes,1,1.64,0.0,97.2,97,50.72,10.52,6.0,2025-11-05
No,77.0,yes,0,0.0,0.0,103.0,91,34.77,9.84,14.6,2025-03-04
yes,203.0,yes ,0,0.0,6.0,107.9,70,,12.08,5.3,2022-10-05
NO,146.0,yes ,0,0.0,1.0,184.3,109,42.15,5.75,13.3,2023-11-09
0,188.0,yes,1,2.53,0.0,197.1,115,72.03,7.43,9.3,2023-01-17
NO,141.0,Yes,0,0.0,0.0,213.7,95,63.23,13.28,4.6,2023-12-14
false,142.0,YES,0,0.0,0.0,184.6,83,44.26,7.81,12.0,2023-12-02
No,160.0,yes,1,0.7,0.0,180.1,85,56.77,11.13,2.4,2023-07-31
SI,96.0,Yes,0,0.0,0.0,170.3,108,59.34,17.33,11.0,2024-10-24
false,71.0,YES,0,0.0,0.0,193.6,105,57.54,14.5,5.6,2025-04-14
No,109.0,YES,0,0.0,1.0,167.0,84,38.05,2.95,7.4,2024-07-23
false,108.0,YES,1,3.18,1.0,116.0,102,63.63,7.2,11.8,2024-07-27
False,34.0,no,0,0.0,1.0,169.8,113,53.36,13.59,8.6,2025-12-27
No ,29.0,yes,1,3.63,1.0,159.8,91,69.65,4.21,13.4,2026-02-04
No ,127.0,yess,0,0.0,0.0,172.6,101,53.76,13.87,15.3,2024-03-16
NO,92.0,yes,0,0.0,0.0,158.4,95,43.96,8.39,10.3,2024-11-16
No,100.0,YES,0,0.0,0.0,223.4,101,50.79,7.34,8.0,2024-09-26
Yes,167.0,yes,0,0.0,0.0,304.8,105,67.76,9.52,8.5,2023-06-12
false,73.0,yes,1,3.7,2.0,184.7,65,85.9,10.61,13.3,2025-04-02
SI,204.0,yes ,0,0.0,1.0,80.3,106,29.78,9.42,7.4,2022-09-27
No,73.0,yes,0,0.0,0.0,80.2,116,30.81,9.77,10.9,2025-04-01
No ,72.0,Yes,0,0.0,1.0,165.1,119,49.01,12.39,9.2,2025-04-07
No,37.0,yes ,1,2.48,3.0,226.6,118,79.32,9.06,9.5,2025-12-09
si,109.0,yess,0,0.0,2.0,97.6,91,32.15,7.01,10.9,2024-07-24
No ,67.0,yes,0,0.0,1.0,184.1,86,49.93,8.48,9.6,2025-05-15
False,108.0,yes,0,0.0,1.0,231.4,76,57.44,7.72,10.5,2024-07-30
Yes,141.0,NO,1,3.69,1.0,172.3,119,86.51,11.26,14.0,2023-12-14
No ,96.0,yess,0,,3.0,180.5,111,46.48,8.56,11.3,2024-10-20
false,,yess,1,2.8,1.0,162.1,103,72.34,9.53,10.3,
Yes,71.0,yes,0,0.0,2.0,227.1,120,66.36,13.86,9.9,2025-04-13
0,70.0,yes,1,3.76,2.0,216.4,98,93.52,10.66,13.6,2025-04-21
No,24.0,yes,0,0.0,1.0,230.0,100,54.17,8.53,9.9,2026-03-10
No,87.0,yess,0,0.0,0.0,99.0,93,30.91,7.74,13.2,2024-12-24
No,61.0,YES,0,0.0,1.0,187.0,100,50.19,9.99,12.6,2025-06-25
Yes,171.0,No,0,0.0,4.0,125.9,105,33.55,6.5,6.4,2023-05-14
0,170.0,yes,1,3.17,1.0,174.5,106,78.11,9.74,11.8,2023-05-21
false,59.0,yes,0,0.0,2.0,201.0,91,45.52,5.97,5.9,2025-07-08
false,107.0,Yes,0,0.0,1.0,186.5,78,48.04,9.16,4.3,2024-08-07
No,151.0,yes,0,0.0,1.0,242.5,126,60.81,10.55,0.0,2023-10-02
No,,yes,0,0.0,2.0,159.4,101,38.84,7.08,12.3,2026-05-19
No ,183.0,yes,0,0.0,0.0,226.9,116,53.84,9.57,10.3,2023-02-24
No,112.0,Yes,0,0.0,3.0,144.5,71,40.83,9.23,13.1,2024-06-29
No,23.0,yes,1,1.61,2.0,121.1,102,60.11,13.91,5.9,2026-03-19
No ,159.0,yess,0,0.0,,189.9,85,47.66,8.68,10.0,2023-08-05
NO,168.0,yes ,0,0.0,2.0,223.9,92,61.22,10.78,9.1,2023-06-07
no,17.0,yess,1,2.71,1.0,189.0,67,78.19,10.71,9.9,2026-04-25
No,111.0,yes ,1,2.63,5.0,261.8,69,95.33,13.83,9.6,2024-07-12
yes,96.0,yes,0,0.0,2.0,274.8,137,67.32,11.32,12.9,2024-10-24
no,140.0,YES,0,0.0,0.0,275.0,110,52.27,2.67,10.9,2023-12-19
No,,No,0,0.0,4.0,199.5,127,47.96,7.71,9.8,
No,57.0,YES,0,0.0,2.0,147.7,103,47.6,11.22,12.8,
No,36.0,No,0,0.0,1.0,236.7,131,60.05,9.82,8.6,2025-12-13
no,158.0,yes,0,0.0,0.0,105.7,111,,2.23,12.9,
1,1.0,yes,0,0.0,1.0,255.7,124,66.68,13.68,11.2,2026-08-19
no,27.0,Yes,0,,2.0,243.2,115,55.37,8.4,11.2,2026-02-19
yes,25.0,yes,0,0.0,4.0,152.4,83,42.18,8.96,5.9,2026-03-03
0,204.0,yes,1,2.73,1.0,93.3,83,59.6,9.03,10.3,2022-09-29
no,166.0,yes,0,0.0,4.0,242.9,91,53.39,6.08,8.4,2023-06-19
No ,58.0,yes,0,0.0,3.0,196.7,70,55.26,10.87,12.7,2025-07-17
False,47.0,yes,1,3.03,1.0,93.5,106,67.89,12.71,11.0,2025-10-02
No,170.0,yes,0,0.0,2.0,103.4,72,41.61,14.13,13.2,2023-05-21
No,64.0,yes,1,1.8,3.0,215.0,76,75.52,12.55,6.5,2025-06-05
No ,36.0,yes,0,0.0,0.0,179.9,116,48.35,7.89,9.7,
No,186.0,yes,1,3.19,3.0,117.9,120,71.51,11.8,11.6,2023-02-01
false,192.0,yes,0,0.0,1.0,152.0,97,44.23,10.42,5.0,2022-12-20
no,119.0,yess,0,0.0,1.0,91.1,117,42.07,12.59,10.3,2024-05-15
no,24.0,no ,0,,3.0,57.2,97,26.95,10.0,6.4,2026-03-11
False,27.0,yes,0,0.0,2.0,129.4,78,40.43,9.28,11.2,2026-02-20
No,1.0,YES,0,0.0,0.0,112.5,132,36.03,10.03,10.0,2026-08-15
No,100.0,yes,1,3.17,0.0,300.5,83,95.66,8.15,11.7,2024-09-27
no,74.0,YES,0,0.0,0.0,130.1,109,37.34,9.37,8.5,2025-03-28
No ,149.0,yes,1,3.42,4.0,208.5,118,,7.03,12.5,2023-10-18
0,36.0,Yes,1,1.91,2.0,112.5,96,62.18,13.49,7.1,2025-12-18
No,204.0,YES,0,0.0,0.0,86.3,93,32.04,9.71,10.0,2022-09-29
1,8.0,yes,0,0.0,1.0,268.9,100,69.76,11.78,8.5,2026-07-02
No,20.0,Yes,0,0.0,0.0,215.8,81,68.58,16.07,4.2,2026-04-09
true,68.0,no,0,0.0,2.0,114.5,113,41.7,10.48,13.8,2025-05-09
No,206.0,yes,1,2.74,2.0,95.9,94,68.37,14.59,10.1,2022-09-16
No ,139.0,yess,0,0.0,3.0,118.9,136,35.17,9.05,6.1,2023-12-29
No,22.0,YES,0,0.0,2.0,51.5,106,31.33,11.55,10.4,2026-03-26
No,90.0,yes ,0,0.0,3.0,233.9,101,54.26,8.33,9.8,2024-12-02
no,23.0,n0,0,0.0,1.0,264.8,120,60.83,9.19,10.4,2026-03-15
No ,57.0,yes,0,0.0,0.0,125.9,65,44.1,13.04,13.4,2025-07-23
No ,5.0,yes,0,,0.0,184.5,95,50.24,10.6,8.0,2026-07-23
No,140.0,yes,0,0.0,0.0,203.8,95,,12.81,12.1,2023-12-16
0,91.0,yes ,0,0.0,1.0,204.9,86,43.36,4.4,11.6,2024-11-26
NO,179.0,yes,0,0.0,3.0,114.0,108,35.82,9.38,14.1,"Mar 21, 2023"
No,165.0,yes,0,0.0,1.0,202.9,94,49.09,8.43,7.8,2023-06-27
NO,107.0,yes,0,0.0,0.0,186.2,127,49.3,8.19,9.2,2024-08-09
No,186.0,yes ,0,0.0,1.0,170.4,117,48.28,10.82,11.8,2023-01-29
no,115.0,yes,0,0.0,1.0,159.4,105,52.21,14.67,9.1,2024-06-12
no,161.0,yes,1,0.78,,144.6,87,42.55,5.7,2.9,2023-07-25
No,29.0,yes,1,3.16,1.0,163.6,100,83.3,13.65,11.6,2026-01-31
No,126.0,Yes,0,0.0,1.0,125.0,87,33.44,7.32,10.8,2024-03-28
No,189.0,yes,0,0.0,150.0,124.3,82,45.68,14.25,10.0,2023-01-12
No,183.0,yess,0,,1.0,192.2,106,,10.26,12.5,2023-02-20
No,80.0,yes,0,0.0,0.0,146.6,101,48.74,14.3,12.1,2025-02-08
no,41.0,yes,1,,2.0,139.8,105,52.72,8.1,5.6,2025-11-08
No,81.0,yes,0,0.0,0.0,145.8,121,39.8,8.63,8.2,2025-02-07
no,49.0,yes ,0,0.0,1.0,154.5,87,51.17,13.74,9.3,2025-09-18
No,45.0,yess,0,0.0,0.0,177.0,72,51.12,11.61,11.9,2025-10-11
False,106.0,yes,1,2.5,0.0,197.3,114,71.13,7.58,9.3,
No,83.0,yes,1,3.34,1.0,201.5,100,79.77,7.19,12.3,2025-01-23
no,194.0,yes,0,0.0,0.0,152.5,118,50.59,12.05,10.6,2022-12-08
False,198.0,Yes,0,0.0,0.0,147.2,76,35.49,5.58,6.8,2022-11-09
Yes,10.0,No,0,0.0,1.0,255.3,128,56.03,7.06,12.1,2026-06-14
No ,85.0,YES,0,0.0,0.0,116.1,124,27.04,4.18,12.3,
no,167.0,yes,1,2.29,1.0,213.0,98,71.64,6.78,8.6,2023-06-14
No,63.0,yess,1,2.16,1.0,206.5,115,73.71,9.28,8.0,
0,148.0,no,0,0.0,1.0,219.1,110,51.41,7.77,8.3,2023-10-24
No,77.0,yes,1,2.84,0.0,260.4,122,86.98,8.37,10.7,2025-03-04
No,59.0,yes,0,0.0,2.0,168.9,90,46.07,7.64,11.6,2025-07-09
No,134.0,yes,1,2.96,0.0,169.6,108,70.48,6.75,10.9,2024-01-29
No,83.0,yes,0,0.0,2.0,167.0,96,44.02,8.7,13.4,2025-01-22
false,99.0,yes,1,2.01,2.0,175.8,69,67.63,10.61,7.2,2024-10-02
No,10.0,Yes,0,0.0,3.0,191.9,107,59.12,13.51,7.7,2026-06-17
false,99.0,yes ,0,0.0,1.0,85.7,132,36.25,12.33,11.3,28/09/2024
No ,62.0,yes,0,0.0,2.0,215.4,97,47.1,5.95,11.9,2025-06-19
False,198.0,yess,0,0.0,1.0,148.7,115,49.25,13.9,12.3,2022-11-08
No,182.0,yes,1,4.65,2.0,194.3,63,101.22,12.78,17.1,2023-03-02
No,183.0,yes ,0,0.0,0.0,208.8,80,52.84,9.63,11.5,2023-02-19
no,108.0,yes,0,0.0,3.0,205.0,108,57.27,12.96,7.8,2024-07-27
0,11.0,yes,0,0.0,,170.3,83,42.56,8.35,12.7,2026-06-06
No,102.0,yes,0,0.0,1.0,173.8,102,41.44,6.64,11.6,2024-09-08
NO,158.0,yes,1,2.89,1.0,155.1,75,,8.24,10.7,2023-08-17
No,74.0,yess,0,0.0,2.0,176.8,79,47.21,9.95,9.6,2025-03-26
si,191.0,No,0,0.0,0.0,217.9,57,49.78,5.76,12.4,2022-12-30
0,46.0,yess,0,0.0,2.0,94.9,120,39.86,12.74,14.2,2025-10-04
1,65.0,Yes,0,0.0,1.0,264.9,114,64.64,9.31,6.3,2025-05-25
No,35.0,yes,0,0.0,1.0,52.6,68,24.98,8.92,10.1,2025-12-21
No,170.0,yes ,1,1.95,1.0,263.6,100,77.65,7.96,7.4,2023-05-26
false,20.0,YES,0,0.0,2.0,127.7,78,41.32,9.45,11.3,2026-04-10
NO,40.0,yes,0,0.0,2.0,129.9,104,46.96,13.94,13.9,2025-11-15
0,169.0,yes ,1,2.54,1.0,155.2,83,65.78,8.15,9.6,2023-05-31
0,28.0,YES,0,0.0,4.0,238.5,64,57.13,9.34,11.7,
No,135.0,no,0,0.0,1.0,204.9,81,54.29,9.48,9.1,2024-01-23
NO,6.0,YES,1,1.13,0.0,164.0,103,52.05,6.79,4.2,2026-07-16
False,3.0,yes ,0,0.0,1.0,130.0,93,46.82,13.58,7.0,2026-08-07
No,117.0,yes ,1,3.74,1.0,161.8,122,81.87,9.68,13.6,2024-05-31
No,114.0,yess,0,0.0,2.0,202.8,92,45.33,5.79,6.0,2024-06-21
no,57.0,YES,0,0.0,2.0,188.0,90,46.48,8.72,9.8,2025-07-22
NO,175.0,yes,0,0.0,0.0,213.3,105,55.52,10.25,8.9,2023-04-20
YES,32.0,yes ,0,0.0,4.0,103.8,63,30.91,5.25,13.1,2026-01-11
No,77.0,yes,1,2.04,1.0,113.9,132,57.06,9.93,7.6,2025-03-02
NO,76.0,yess,0,0.0,,195.3,102,52.47,8.83,9.5,2025-03-10
No,174.0,yes,1,2.71,1.0,118.9,71,58.88,7.38,9.8,2023-04-23
False,145.0,yes ,0,0.0,1.0,82.4,95,37.37,13.56,8.6,2023-11-14
NO,75.0,yes,0,0.0,1.0,175.0,119,50.71,11.66,10.6,2025-03-20
False,188.0,yes,0,0.0,1.0,178.6,124,45.55,7.38,9.8,2023-01-18
NO,51.0,yes,1,3.54,1.0,116.7,90,74.42,10.78,13.3,2025-09-01
No,162.0,Yes,0,0.0,2.0,231.4,129,54.15,7.28,14.3,2023-07-20
no,77.0,No,0,0.0,2.0,165.9,106,45.51,9.91,9.6,
No ,44.0,yes,0,0.0,0.0,289.5,101,61.22,6.96,0.0,2025-10-18
0,43.0,yess,0,0.0,4.0,153.7,89,46.99,11.63,11.6,2025-10-25
False,,yess,1,4.07,3.0,219.8,80,95.85,10.82,14.6,
False,29.0,Yes,1,,3.0,179.1,96,81.39,9.43,12.9,2026-02-05
no,145.0,yes,0,0.0,3.0,105.4,112,24.04,4.16,15.8,2023-11-16
no,177.0,yes,0,0.0,1.0,205.9,65,56.06,12.35,12.0,2023-04-04
SI,122.0,no,0,0.0,2.0,190.3,121,53.1,11.21,13.8,2024-04-25
No,83.0,yes,0,0.0,1.0,163.6,104,46.82,9.8,11.9,2025-01-22
False,42.0,yes,0,0.0,1.0,192.9,96,54.15,11.76,11.0,2025-11-05
no,142.0,yes,0,0.0,4.0,169.4,114,51.49,10.97,11.6,2023-12-04
false,84.0,YES,1,2.95,4.0,167.7,81,81.2,12.93,11.3,2025-01-16
No,10.0,yes ,0,0.0,0.0,81.7,115,31.89,10.91,8.9,2026-06-19
Yes,155.0,yes,0,0.0,1.0,224.5,89,64.48,15.68,16.0,2023-09-05
False,153.0,yes,0,0.0,1.0,100.4,129,,13.14,7.1,2023-09-16
NO,54.0,yess,0,0.0,2.0,123.1,106,49.46,15.99,7.2,2025-08-10
Si,89.0,YES,0,0.0,2.0,150.8,73,37.91,6.69,8.6,2024-12-11
1,203.0,n0,0,0.0,0.0,247.2,110,59.47,10.25,13.2,2022-10-06
0,67.0,yess,0,0.0,3.0,196.6,111,51.43,8.76,10.1,2025-05-10
true,107.0,yess,1,1.66,2.0,245.9,105,77.39,11.27,6.1,2024-08-09
No,135.0,yes,1,2.94,1.0,181.8,121,79.54,10.56,11.1,2024-01-23
NO,179.0,yes,0,0.0,2.0,187.2,113,47.99,9.44,10.1,2023-03-23
0,32.0,YES,0,0.0,1.0,263.4,107,58.84,7.66,11.7,2026-01-14
No,43.0,yes,0,0.0,0.0,242.5,102,,6.43,11.8,2025-10-31
NO,178.0,NO,1,3.1,0.0,257.7,83,93.03,11.06,11.3,2023-03-27
NO,189.0,yes,0,0.0,1.0,210.9,104,59.39,11.21,9.1,2023-01-09
No,1.0,yes ,1,2.29,2.0,107.2,81,57.84,9.87,8.6,2026-08-18
No,8.0,yes,1,,1.0,103.8,132,66.64,11.6,10.7,2026-06-30
False,170.0,Yes,0,0.0,3.0,247.1,91,60.89,9.12,14.6,2023-05-25
0,55.0,yess,0,0.0,2.0,123.2,92,40.31,11.17,8.7,2025-08-05
NO,66.0,yes,1,3.3,2.0,214.2,90,81.79,6.98,12.2,2025-05-22
no,137.0,YES,0,0.0,2.0,239.1,105,56.52,8.84,8.6,2024-01-10
No,75.0,yess,0,0.0,2.0,187.4,88,48.38,9.68,11.7,2025-03-20
No,58.0,yes ,1,3.84,1.0,223.0,86,89.22,7.46,14.3,2025-07-17
NO,21.0,yes,0,0.0,2.0,252.5,81,59.42,9.68,8.4,2026-03-31
No,53.0,yes ,1,3.12,1.0,203.6,93,80.46,8.26,11.7,2025-08-20
No,1.0,yes,0,0.0,2.0,182.7,103,50.53,10.6,8.7,2026-08-15
False,106.0,yess,1,3.06,2.0,110.9,89,67.15,10.41,11.3,2024-08-14
No,57.0,yes,1,3.02,1.0,130.2,134,71.21,10.9,11.1,2025-07-25
No ,169.0,yes,0,0.0,1.0,192.6,134,54.99,13.0,10.0,2023-06-02
NO,164.0,yes,0,0.0,0.0,193.4,107,47.97,8.43,11.8,2023-07-06
false,,YES,0,,5.0,190.9,75,48.44,7.86,8.4,
1,139.0,yes,0,0.0,3.0,255.1,93,66.35,13.35,8.7,2023-12-29
0,69.0,yes,0,0.0,3.0,241.1,108,58.92,8.38,14.7,2025-05-01
No,93.0,no,0,0.0,2.0,179.7,102,44.61,7.09,10.2,2024-11-11
No ,83.0,yes,0,0.0,3.0,233.4,102,53.5,8.02,14.4,2025-01-19
si,109.0,yes,0,0.0,0.0,285.5,121,74.09,14.52,10.6,2024-07-21
False,81.0,yes,0,0.0,0.0,144.2,103,43.7,9.9,10.6,2025-02-03
False,184.0,yes,0,0.0,2.0,198.6,107,52.54,10.23,8.2,2023-02-15
No,83.0,No,1,2.89,1.0,242.1,54,97.04,14.65,10.9,01-18-2025
Si,127.0,YES,0,0.0,1.0,208.4,151,65.41,17.5,7.4,2024-03-22
false,165.0,no,1,2.94,1.0,174.2,107,73.14,7.67,11.2,2023-06-25
NO,47.0,Yes,0,0.0,1.0,162.9,135,41.18,7.05,12.7,2025-10-03
0,20.0,yes,0,0.0,0.0,152.9,115,42.07,8.61,8.0,2026-04-07
NO,106.0,YES,0,0.0,,194.1,102,51.29,8.94,9.3,2024-08-13
False,87.0,yes,0,0.0,2.0,243.8,104,63.62,11.51,7.8,2024-12-26
No ,194.0,yes,0,0.0,0.0,173.9,105,46.52,7.34,11.9,2022-12-03
NO,144.0,Yes,0,0.0,0.0,193.8,106,47.92,8.47,14.0,2023-11-18
SI,113.0,yess,0,0.0,1.0,292.6,103,70.43,11.71,8.9,2024-06-25
false,154.0,YES,1,3.26,1.0,281.9,70,93.95,7.6,12.0,
false,36.0,yes,0,0.0,1.0,140.4,126,35.09,6.43,4.6,2025-12-15
no,200.0,YES,1,2.83,0.0,107.8,90,58.91,7.01,10.5,2022-10-25
yes,35.0,no,1,2.21,1.0,266.1,102,,13.26,8.4,2025-12-21
No,193.0,yes,1,1.77,1.0,195.4,89,66.49,9.01,6.7,2022-12-13
no,,yes,0,0.0,1.0,137.1,110,37.05,8.29,14.3,2025-11-17
Yes,159.0,Yes,0,0.0,,263.4,97,61.75,10.5,6.0,2023-08-09
yes,168.0,yes,1,3.68,1.0,178.2,103,86.83,12.28,13.5,2023-06-05
false,156.0,yes,0,0.0,3.0,157.0,81,51.15,14.47,6.1,2023-08-29
0,144.0,yes,1,2.28,1.0,200.3,103,79.59,13.69,8.4,2023-11-23
No,71.0,Yes,0,0.0,2.0,116.7,79,32.16,7.51,10.7,2025-04-14
No,178.0,yes,1,3.29,1.0,274.3,141,92.79,7.66,12.3,2023-03-28
false,116.0,YES,0,,2.0,191.8,98,45.9,5.76,9.3,2024-06-01
No,72.0,yes,0,0.0,1.0,110.3,113,36.6,8.41,9.2,2025-04-06
no,2.0,yes,0,0.0,1.0,186.0,103,56.37,12.51,11.0,2026-08-12
NO,78.0,yes ,0,0.0,0.0,252.7,80,50.63,4.53,10.7,2025-02-24
False,102.0,yes,0,0.0,,198.7,106,47.64,7.67,7.7,2024-09-09
No,62.0,yes,0,0.0,1.0,143.1,104,43.04,10.5,11.5,2025-06-20
no,14.0,yes,0,0.0,1.0,180.3,122,48.14,9.76,10.2,2026-05-21
0,98.0,yes ,0,0.0,2.0,206.3,98,52.98,10.62,9.8,2024-10-10
Si,174.0,yes,0,0.0,3.0,253.1,92,66.37,13.32,8.7,2023-04-25
no,189.0,yes,0,0.0,1.0,229.6,107,,10.65,13.1,2023-01-12
0,15.0,Yes,0,0.0,0.0,180.2,79,50.4,11.52,14.6,2026-05-11
False,146.0,yess,0,,0.0,217.0,86,53.46,9.58,11.0,2023-11-04
No,158.0,yes,0,0.0,0.0,208.8,115,53.72,10.53,9.6,2023-08-14
false,196.0,yes,1,3.08,2.0,111.3,89,67.88,10.35,11.2,2022-11-22
No,38.0,yes,0,0.0,5.0,200.9,107,53.34,9.8,16.5,2025-12-02
No,104.0,yess,0,0.0,2.0,142.3,75,37.78,6.18,12.8,2024-08-30
false,178.0,yes ,1,3.09,1.0,174.3,106,80.83,12.22,11.5,2023-03-26
si,114.0,No,0,0.0,3.0,157.2,70,45.25,10.31,10.0,2024-06-17
no,72.0,yes ,0,0.0,0.0,156.1,56,32.52,2.8,8.9,2025-04-05
NO,121.0,yess,1,2.31,0.0,193.3,91,75.5,10.73,8.8,2024-04-29
false,138.0,No,0,0.0,2.0,215.3,116,46.98,5.86,9.8,2024-01-05
NO,45.0,YES,1,3.96,3.0,219.7,79,95.36,10.88,14.7,2025-10-14
no,156.0,yes,0,0.0,1.0,202.2,126,48.53,8.14,10.2,2023-09-01
YES,73.0,Yes,0,0.0,0.0,249.6,87,63.58,12.72,7.5,2025-04-03
False,167.0,yes,0,0.0,1.0,151.6,110,40.7,8.86,5.4,2023-06-12
no,54.0,yes,0,0.0,4.0,256.1,132,57.76,6.36,9.6,2025-08-14
0,17.0,yes,0,0.0,3.0,251.4,83,54.94,7.57,7.9,2026-04-27
false,147.0,yes ,0,0.0,2.0,181.7,112,47.19,7.47,10.0,2023-10-28
SI,59.0,yes,0,0.0,4.0,243.8,138,64.51,12.03,4.1,2025-07-09
false,116.0,yess,1,2.64,3.0,164.5,78,65.52,5.66,10.0,
0,135.0,yes,0,0.0,2.0,106.0,120,33.79,7.42,6.5,2024-01-25
Yes,98.0,yes,0,0.0,1.0,138.1,119,45.02,11.21,10.1,2024-10-06
NO,74.0,YES,0,0.0,1.0,19.4,92,28.81,12.86,14.8,2025-03-27
false,173.0,YES,1,2.11,3.0,164.3,95,68.91,11.07,7.4,2023-04-29
yes,200.0,No,0,0.0,0.0,188.1,116,,7.94,9.7,2022-10-26
NO,20.0,yes,1,1.74,4.0,167.5,124,70.83,13.66,6.6,2026-04-08
No,63.0,yes,1,1.8,3.0,208.0,76,,12.66,6.5,2025-06-09
No,93.0,yes,1,2.83,0.0,154.7,108,,11.07,10.4,2024-11-13
0,36.0,Yes,0,0.0,1.0,150.5,64,45.98,11.41,10.7,2025-12-19
No,119.0,yes ,0,0.0,1.0,176.9,73,43.34,7.45,5.4,2024-05-11
no,117.0,YES,1,2.53,1.0,140.2,124,65.67,9.15,9.7,2024-05-29
No ,207.0,YES,1,3.12,0.0,178.9,54,87.28,14.67,11.4,2022-09-08
No,15.0,yes ,0,,2.0,195.4,80,49.11,9.34,16.4,2026-05-11
Si,71.0,yes,0,0.0,0.0,279.9,112,64.99,10.18,10.4,2025-04-17
No,109.0,Yes,0,0.0,0.0,124.6,68,39.85,10.33,14.8,2024-07-22
Si,113.0,yes,0,0.0,2.0,234.6,93,57.74,9.87,11.4,2024-06-25
No,140.0,no ,0,0.0,0.0,249.7,105,60.95,10.68,9.4,2023-12-18
no,123.0,yes ,0,0.0,2.0,222.0,92,56.73,9.25,12.2,2024-04-17
yes,52.0,yes,0,0.0,6.0,83.3,122,32.23,10.53,11.3,2025-08-26
Yes,134.0,yes,1,1.58,3.0,196.4,128,,3.78,5.8,2024-02-02
No,58.0,yess,0,0.0,2.0,181.4,109,55.93,14.42,14.1,2025-07-16
No,128.0,yes,0,0.0,1.0,181.1,113,54.19,12.9,10.8,2024-03-11
NO,103.0,yes ,0,,1.0,95.9,105,34.68,10.41,5.7,2024-09-02
Si,11.0,No,1,3.61,0.0,219.6,92,94.18,11.72,13.0,2026-06-06
no,50.0,yes,0,0.0,1.0,195.7,96,53.97,11.74,10.9,2025-09-11
NO,183.0,Yes,0,0.0,1.0,62.9,90,29.72,9.67,11.5,2023-02-22
No,187.0,yes,0,0.0,0.0,235.4,96,58.96,10.94,9.5,2023-01-26
true,55.0,yess,0,0.0,0.0,246.0,90,59.05,9.13,15.4,2025-08-04
true,68.0,NO,0,0.0,1.0,239.9,85,65.54,14.01,11.5,2025-05-09
No,3.0,yes,0,0.0,2.0,219.0,84,53.51,9.34,4.8,2026-08-07
0,110.0,yes ,1,4.1,1.0,268.9,99,108.73,12.27,15.4,2024-07-16
YES,60.0,no ,1,5.48,0.0,196.5,88,109.68,12.69,19.9,2025-07-01
No,105.0,yess,1,3.24,1.0,282.1,70,93.39,7.53,12.1,2024-08-22
No,25.0,yes,0,0.0,1.0,130.7,119,,5.96,8.5,2026-03-04
0,54.0,yes,1,2.65,1.0,211.6,94,,12.11,9.7,2025-08-14
No,69.0,yes,0,0.0,3.0,208.3,115,54.85,11.19,8.2,2025-04-29
No ,131.0,YES,0,0.0,3.0,97.3,96,30.01,7.3,9.9,2024-02-18
No,175.0,yes,0,0.0,1.0,142.9,116,38.09,7.68,8.7,2023-04-17
yes,44.0,yes,0,,1.0,251.3,108,60.87,10.81,13.2,2025-10-18
No ,21.0,yes ,0,0.0,3.0,195.3,93,49.13,9.38,10.9,2026-04-02
No,178.0,n0,0,0.0,3.0,119.0,86,40.06,11.6,10.0,2023-03-30
YES,38.0,Yes,0,0.0,5.0,92.8,95,,7.94,11.3,2025-12-04
NO,202.0,yes,1,1.22,0.0,164.2,104,51.32,6.65,4.4,2022-10-10
0,163.0,yes,1,1.23,3.0,82.1,97,51.3,14.39,4.8,2023-07-12
No,174.0,yes,0,0.0,2.0,245.1,107,60.63,10.73,12.6,2023-04-28
no,164.0,yes,0,0.0,1.0,234.2,64,58.71,10.57,9.2,2023-07-06
False,196.0,yess,0,0.0,0.0,234.8,106,53.33,7.1,12.4,2022-11-24
no,168.0,yes,0,0.0,0.0,176.7,147,43.6,8.24,9.2,2023-06-06
no,100.0,no,1,2.79,1.0,95.0,116,58.0,7.95,10.3,2024-09-23
NO,98.0,n0,0,0.0,1.0,250.3,84,58.57,9.38,7.9,2024-10-10
False,179.0,yes,1,2.59,4.0,220.1,96,87.76,14.39,9.6,2023-03-20
No ,188.0,yes ,0,0.0,1.0,209.8,68,47.42,4.57,8.0,2023-01-20
Yes,130.0,YES,0,0.0,,329.1,73,74.34,10.43,10.8,2024-02-25
False,134.0,YES,1,2.42,2.0,204.5,102,69.14,5.98,9.2,2024-01-31
false,109.0,Yes,0,0.0,1.0,219.1,116,51.5,7.84,10.5,2024-07-26
NO,174.0,yess,0,0.0,0.0,109.5,116,37.41,10.94,12.8,2023-04-24
NO,141.0,Yes,1,2.27,0.0,275.6,121,87.11,10.21,8.3,2023-12-13
si,169.0,Yes,0,0.0,0.0,301.3,125,70.8,11.44,13.7,2023-06-01
No,12.0,yes,0,0.0,3.0,101.0,99,29.4,6.86,15.9,2026-05-30
No ,44.0,NO,0,0.0,1.0,189.4,100,46.73,8.14,13.0,2025-10-20
No ,,no ,1,2.11,1.0,235.0,75,83.82,13.13,7.9,2023-07-23
false,101.0,yes,0,0.0,2.0,230.2,87,49.4,5.17,11.3,2024-09-20
NO,33.0,yes ,0,0.0,1.0,247.4,83,57.21,8.08,7.6,2026-01-06
No,114.0,yes,1,4.22,2.0,148.3,90,82.62,8.77,15.6,2024-06-18
No ,21.0,yes,0,0.0,1.0,181.3,120,50.61,10.97,8.5,2026-04-03
false,121.0,yes,1,3.41,3.0,178.8,96,81.6,9.45,12.7,2024-04-28
NO,64.0,yes,1,2.69,1.0,213.9,93,82.0,10.55,9.9,2025-05-31
False,154.0,yes,1,4.17,2.0,197.2,104,82.8,4.01,15.6,2023-09-15
True,25.0,yes,0,0.0,1.0,265.2,124,,12.17,14.7,2026-03-05
No,114.0,yes,0,0.0,2.0,182.6,63,43.51,7.01,11.6,2024-06-17
No,88.0,Yes,1,4.29,,156.5,114,81.65,6.84,15.9,2024-12-15
No,,yess,0,0.0,2.0,194.3,122,57.04,12.15,9.8,
0,196.0,yes,0,0.0,2.0,105.5,112,38.26,9.84,8.0,2022-11-21
NO,197.0,Yes,0,0.0,1.0,175.2,143,49.89,11.0,9.9,2022-11-16
False,75.0,yes ,0,0.0,0.0,135.3,125,36.78,8.08,12.5,2025-03-19
No,145.0,yes,0,0.0,2.0,115.7,89,39.42,9.9,11.5,2023-11-16
SI,24.0,YES,0,0.0,5.0,175.0,109,52.34,10.58,9.2,2026-03-11
false,20.0,yes,0,0.0,2.0,112.9,80,31.52,7.55,10.9,2026-04-05
False,145.0,YES,0,0.0,1.0,183.3,107,54.85,12.75,11.6,2023-11-12
No,14.0,yes,1,3.33,2.0,231.1,55,91.51,10.57,12.3,2026-05-17
No,42.0,yes,0,0.0,0.0,183.2,83,46.42,7.72,12.1,
No,58.0,yes,0,0.0,0.0,231.5,132,50.28,5.79,16.2,2025-07-15
True,150.0,NO,0,,0.0,242.0,102,72.59,17.4,11.2,2023-10-08
false,72.0,yes,0,0.0,1.0,231.6,75,56.15,7.73,10.4,2025-04-11
1,16.0,yes ,0,0.0,1.0,213.2,61,52.13,8.83,9.0,2026-05-02
NO,107.0,Yes,0,0.0,1.0,60.9,91,28.45,9.69,11.4,2024-08-07
NO,83.0,yes,0,0.0,0.0,106.1,151,34.34,9.47,12.5,2025-01-21
NO,148.0,yes,1,3.21,1.0,128.4,77,78.38,14.47,11.5,2023-10-25
No ,34.0,yes ,0,0.0,1.0,203.6,92,,7.4,14.5,2025-12-30
No,193.0,Yes,1,2.11,1.0,139.0,115,60.52,8.34,7.9,2022-12-12
Yes,126.0,yess,0,0.0,2.0,82.1,74,35.91,12.69,8.8,2024-03-24
no,139.0,yes,0,0.0,3.0,74.9,116,23.75,5.72,9.3,2023-12-27
No,133.0,YES,1,1.34,1.0,185.2,105,63.07,10.26,5.1,2024-02-05
False,165.0,YES,0,0.0,2.0,127.2,85,39.1,10.26,14.1,2023-06-29
No,48.0,yes,1,3.1,1.0,96.4,89,64.9,10.91,11.4,2025-09-20
no,51.0,yes,0,,1.0,200.2,92,55.06,12.14,8.7,2025-08-30
true,197.0,yess,0,0.0,1.0,245.7,108,60.88,11.0,13.2,2022-11-17
false,159.0,yes,0,0.0,1.0,133.1,88,36.11,7.19,15.5,2023-08-07
SI,24.0,yes ,0,0.0,1.0,197.1,116,51.83,10.59,8.3,2026-03-09
No,66.0,no,0,0.0,0.0,265.6,90,58.7,8.01,9.3,2025-05-20
No ,90.0,yes,1,2.89,1.0,91.3,107,67.04,12.6,11.0,2024-12-06
NO,39.0,yes,0,0.0,1.0,186.5,114,53.97,12.89,10.9,2025-11-26
true,192.0,no,0,0.0,4.0,148.2,96,44.42,10.95,9.0,2022-12-23
No,177.0,yes,0,0.0,3.0,225.2,67,,12.28,12.3,2023-04-07
No,205.0,yes,0,0.0,3.0,223.0,80,53.93,8.89,7.1,2022-09-23
no,111.0,yes,0,0.0,1.0,149.7,119,46.71,11.58,12.4,2024-07-12
No,158.0,yes ,0,0.0,0.0,188.4,127,48.54,8.13,9.0,2023-08-12
NO,56.0,yes,0,0.0,2.0,189.9,92,43.42,4.53,13.5,2025-07-26
No,35.0,yes ,0,0.0,,155.8,102,47.9,11.83,10.7,2025-12-22
YES,130.0,n0,1,3.92,0.0,172.8,83,86.01,10.2,14.7,2024-02-29
no,201.0,Yes,0,0.0,0.0,166.1,110,40.73,6.88,12.1,2022-10-20
No,82.0,yes,1,2.58,2.0,205.4,110,83.21,12.75,9.5,2025-01-26
0,91.0,YES,0,0.0,2.0,142.6,136,37.94,7.63,12.4,2024-11-29
No,173.0,yes,0,0.0,3.0,202.5,106,47.47,7.54,7.6,2023-05-04
false,184.0,yes,0,0.0,1.0,204.3,85,54.77,10.69,7.8,2023-02-17
SI,40.0,yes,1,2.89,4.0,200.1,119,75.15,6.66,10.9,2025-11-16
False,185.0,yes ,1,3.36,1.0,198.3,126,89.23,12.39,12.7,2023-02-05
No ,99.0,yes,0,0.0,4.0,200.3,96,51.75,10.06,7.2,2024-10-04
No,56.0,yes,0,0.0,2.0,149.1,121,39.99,8.77,13.4,2025-07-28
No,56.0,yes,0,0.0,1.0,83.6,95,23.66,5.51,13.2,2025-08-01
No,121.0,Yes,1,2.95,1.0,172.6,74,74.5,8.55,10.9,2024-04-28
NO,58.0,yes,0,0.0,3.0,250.2,82,54.92,7.47,8.2,2025-07-16
no,97.0,yes,0,0.0,1.0,183.5,128,41.54,6.49,8.4,2024-10-13
No,80.0,no,0,0.0,2.0,201.6,117,58.61,14.44,11.2,2025-02-11
False,195.0,yes,0,0.0,2.0,151.2,119,40.74,8.49,12.0,2022-12-02
No ,138.0,yes,1,0.1,1.0,167.4,123,45.74,9.31,0.1,2024-01-05
No ,150.0,yess,1,2.64,,216.4,115,76.73,8.22,9.6,
false,142.0,yess,0,0.0,1.0,210.1,70,53.56,10.73,12.9,2023-12-03
No,189.0,yes,0,0.0,2.0,160.8,115,39.42,6.34,10.0,2023-01-12
0,104.0,yes,0,0.0,3.0,109.9,147,38.44,11.16,15.3,2024-08-24
Yes,109.0,yess,0,0.0,1.0,287.4,108,63.55,8.84,10.6,2024-07-21
No,,yess,1,3.06,1.0,205.4,79,89.61,13.01,11.5,2024-02-21
No,30.0,yes,0,0.0,0.0,148.7,109,48.19,13.37,8.8,2026-01-28
no,196.0,Yes,1,2.16,2.0,118.1,111,62.31,11.51,8.2,2022-11-19
SI,73.0,no ,1,2.28,1.0,270.1,98,90.28,12.63,8.1,2025-04-01
0,63.0,yes,0,0.0,0.0,162.1,94,51.17,13.81,8.6,2025-06-12
0,2.0,YES,1,2.46,1.0,187.3,114,77.94,12.76,8.9,2026-08-11
NO,178.0,YES,0,0.0,1.0,139.5,122,46.32,12.7,6.5,2023-03-26
No,159.0,yes,0,0.0,1.0,96.6,103,28.84,6.85,12.2,
0,66.0,yes,0,0.0,3.0,177.7,70,47.78,9.61,10.5,2025-05-22
NO,47.0,yes,0,0.0,3.0,210.4,83,57.71,11.68,10.7,2025-10-02
NO,,yes ,0,0.0,1.0,260.7,108,52.55,5.02,9.7,
SI,45.0,YES,0,0.0,5.0,148.9,73,40.18,8.28,12.5,2025-10-14
0,102.0,yes,1,2.59,2.0,123.7,92,66.86,11.71,9.6,2024-09-09
no,144.0,yess,0,0.0,0.0,104.6,110,21.75,2.09,13.2,2023-11-22
false,16.0,yes,0,0.0,3.0,76.0,117,33.19,10.11,9.9,2026-05-02
Yes,113.0,yes,0,0.0,6.0,83.7,122,31.4,10.34,11.3,2024-06-23
false,203.0,yes,1,1.05,1.0,146.1,73,56.59,12.3,4.1,2022-10-03
NO,126.0,YES,0,0.0,2.0,263.5,122,64.74,8.82,10.6,2024-03-25
0,77.0,yess,0,0.0,0.0,149.2,90,30.19,2.69,13.7,2025-03-03
No,37.0,no,0,0.0,2.0,254.3,145,55.64,7.62,9.9,2025-12-07
No,98.0,yess,0,,0.0,210.6,105,55.11,11.49,7.7,2024-10-09
NO,206.0,yes ,0,0.0,2.0,133.9,96,38.11,8.36,7.7,2022-09-11
No ,107.0,no ,0,0.0,1.0,218.8,111,51.24,7.73,8.2,2024-08-03
no,152.0,yes,0,0.0,2.0,219.5,92,52.16,7.58,9.1,2023-09-23
yes,55.0,yess,0,0.0,3.0,253.2,43,61.81,10.73,7.8,2025-08-06
0,170.0,Yes,0,0.0,0.0,95.4,82,33.45,9.89,6.6,2023-05-23
No,184.0,yes,1,2.98,1.0,156.1,73,69.63,8.24,10.8,2023-02-17
0,37.0,yes,1,3.77,1.0,170.5,88,79.78,7.21,13.9,2025-12-07
false,43.0,Yes,1,2.87,2.0,155.9,100,75.57,12.43,10.8,2025-10-27
False,189.0,Yes,1,3.02,2.0,114.0,89,68.58,10.38,11.4,2023-01-11
No,192.0,yess,0,0.0,1.0,233.2,86,58.39,11.22,7.1,2022-12-21
0,48.0,YES,0,0.0,1.0,223.0,106,52.1,8.97,7.4,2025-09-26
No ,89.0,yes,0,,0.0,237.4,107,53.3,7.32,12.5,2024-12-08
Yes,139.0,yes,1,1.75,4.0,187.5,123,62.14,7.34,6.3,2023-12-26
True,46.0,Yes,0,0.0,0.0,203.2,100,50.49,9.49,8.9,2025-10-10
1,59.0,no ,1,3.8,9.0,236.0,120,100.06,12.84,14.2,2025-07-07
False,157.0,yes,1,2.68,1.0,283.0,96,92.75,9.71,10.0,2023.08.24
No,38.0,YES,0,0.0,1.0,131.4,93,46.0,13.68,7.3,2025-11-30
No,47.0,yes,0,0.0,3.0,214.9,111,55.73,10.5,9.3,2025-09-30
1,46.0,yes,0,0.0,5.0,168.4,95,44.39,9.53,10.8,2025-10-09
NO,67.0,Yes,1,2.13,1.0,259.5,135,80.44,7.3,8.2,2025-05-13
No,118.0,yes ,0,0.0,3.0,128.2,98,45.12,11.81,10.3,2024-05-18
0,148.0,yes,1,2.65,1.0,176.4,109,76.61,10.71,9.8,2023-10-23
False,155.0,no,1,3.36,2.0,135.6,60,74.77,10.14,12.2,2023-09-07
No,153.0,yes ,0,0.0,2.0,123.6,83,45.51,13.97,9.8,2023-09-17
False,173.0,yes ,1,2.56,0.0,122.0,100,65.91,11.43,9.6,2023-05-01
NO,154.0,YES,1,2.34,1.0,211.1,119,77.9,10.1,8.9,2023-09-11
0,109.0,no,0,0.0,3.0,209.7,100,,10.62,12.4,2024-07-20
Si,70.0,yes ,0,0.0,0.0,262.7,68,65.44,12.27,14.8,2025-04-23
No,10.0,yess,0,0.0,0.0,202.7,116,56.3,10.32,10.8,2026-06-13
No,,Yes,0,0.0,3.0,98.6,96,30.02,7.27,10.0,2023-03-16
No,60.0,yes,0,0.0,3.0,191.4,83,54.35,10.84,7.1,2025-07-02
No ,96.0,yes,0,0.0,3.0,100.9,99,29.03,6.67,15.6,2024-10-21
false,24.0,yes ,0,0.0,0.0,210.2,120,54.52,11.24,11.1,2026-03-13
0,149.0,Yes,0,0.0,2.0,127.8,77,41.16,10.89,14.3,2023-10-19
No,14.0,Yes,0,0.0,1.0,127.3,158,44.5,13.47,11.0,2026-05-18
NO,3.0,yes,0,0.0,1.0,168.2,121,44.16,10.08,9.8,2026-08-05
false,108.0,Yes,1,2.68,2.0,234.7,88,85.92,10.54,10.0,2024-08-01
False,72.0,yes,0,0.0,1.0,275.3,104,59.14,6.54,8.2,2025-04-06
1,187.0,yes ,0,0.0,1.0,229.0,129,68.1,16.81,9.5,2023-01-26
true,204.0,yes,0,0.0,,157.4,110,38.03,6.63,7.0,2022-09-27
false,179.0,YES,0,0.0,1.0,210.8,112,55.89,10.99,8.3,2023-03-21
no,158.0,yes,0,0.0,0.0,158.2,103,40.77,6.93,9.7,2023-08-13
No ,148.0,yes,0,0.0,2.0,99.3,88,32.59,9.09,9.3,2023-10-23
no,156.0,yes,1,3.49,1.0,157.6,106,75.57,7.45,13.0,2023-08-28
NO,3.0,yes,0,0.0,1.0,241.2,70,66.52,12.57,10.8,2026-08-01
Yes,59.0,yes,0,0.0,1.0,190.0,104,54.87,12.27,10.4,2025-07-06
NO,36.0,yes ,0,0.0,1.0,180.0,121,50.5,11.02,8.4,2025-12-15
False,131.0,yes ,1,3.49,0.0,90.3,104,68.33,10.06,13.2,2024-02-18
no,16.0,yes,1,1.95,1.0,264.2,100,77.05,7.83,7.4,2026-05-06
False,177.0,yes,0,0.0,1.0,229.3,109,55.52,9.35,9.2,2023-04-07
No,93.0,yes,0,0.0,1.0,163.3,113,56.76,14.54,7.2,2024-11-13
false,197.0,Yes,1,3.64,3.0,228.9,102,96.65,11.7,13.4,2022-11-15
Yes,121.0,yes ,0,0.0,0.0,221.9,112,64.53,13.98,7.1,2024-05-02
true,11.0,yes,0,0.0,1.0,168.0,91,48.45,11.47,10.5,2026-06-09
No,174.0,Yes,0,0.0,2.0,192.8,122,42.58,5.32,10.7,2023-04-24
0,29.0,yes,0,0.0,0.0,187.8,93,,12.38,10.6,2026-01-31
No,69.0,No,0,0.0,2.0,216.2,104,50.37,7.99,5.0,
NO,102.0,yes,1,4.02,1.0,163.2,121,92.26,13.18,15.3,2024-09-12
True,194.0,yes,0,0.0,6.0,158.6,77,42.74,8.98,9.7,2022-12-04
No,176.0,yes,1,2.29,1.0,162.9,85,64.04,7.56,8.6,2023-04-10
No,77.0,yes,0,0.0,3.0,124.6,90,36.18,8.6,7.4,2025-03-06
false,42.0,yes,0,0.0,1.0,143.5,103,46.97,11.29,10.0,2025-11-03
False,137.0,Yes,1,2.44,2.0,235.5,107,88.81,14.47,9.1,2024-01-08
0,35.0,yes,0,0.0,0.0,177.6,120,39.16,4.92,10.6,2025-12-23
No,25.0,Yes,0,0.0,1.0,145.8,133,45.57,10.0,13.2,2026-03-06
No,187.0,yess,0,0.0,1.0,202.1,84,44.13,4.43,11.8,2023-01-25
0,107.0,yes,0,0.0,,144.9,132,45.88,10.19,13.1,2024-08-07
No,23.0,Yes,0,0.0,2.0,185.2,96,60.27,16.14,7.5,2026-03-16
NO,114.0,YES,0,0.0,1.0,174.6,124,41.59,6.67,11.7,2024-06-16
0,180.0,Yes,0,0.0,1.0,259.0,113,60.29,8.79,15.5,2023-03-16
NO,170.0,no,0,0.0,1.0,156.7,77,46.71,10.41,7.8,2023-05-25
No,12.0,yes,0,0.0,3.0,146.9,94,35.66,5.65,11.4,2026-06-05
No,181.0,yess,0,0.0,3.0,151.9,74,52.45,13.64,6.6,2023-03-08
No,125.0,yes,0,0.0,2.0,161.5,92,45.99,10.14,14.9,2024-04-01
No,164.0,Yes,1,4.09,2.0,244.6,148,93.62,5.94,15.2,2023-07-01
NO,135.0,no,1,2.72,0.0,183.0,132,73.08,8.42,9.9,2024-01-20
No,85.0,Yes,0,0.0,2.0,263.8,122,65.37,8.98,10.6,2025-01-08
No,81.0,yes ,0,0.0,2.0,165.9,92,48.16,9.37,14.4,2025-02-06
No,194.0,no,1,2.84,1.0,203.2,71,78.79,10.09,10.4,2022-12-03
si,200.0,n0,0,0.0,3.0,254.0,119,61.69,10.16,12.1,2022-10-23
No,37.0,YES,1,2.44,0.0,162.1,113,70.82,10.3,9.2,2025-12-07
No,57.0,YES,0,0.0,1.0,103.2,94,34.19,9.49,14.3,2025-07-22
No,65.0,yes,0,0.0,2.0,178.7,114,54.55,13.5,16.4,2025-05-30
Si,45.0,yes,0,0.0,,243.9,87,63.87,12.69,7.3,2025-10-16
no,75.0,no,1,2.72,0.0,182.3,131,73.49,8.38,10.1,2025-03-18
si,174.0,n0,0,0.0,2.0,247.6,110,58.08,9.08,12.2,2023-04-26
True,142.0,yes,1,2.58,5.0,170.4,114,71.67,9.88,9.6,2023-12-07
0,41.0,yes,1,2.68,0.0,134.5,112,67.52,10.36,9.7,2025-11-09
0,56.0,Yes,0,0.0,4.0,227.5,113,63.12,11.08,10.8,2025-07-28
No,156.0,yes ,0,0.0,2.0,162.5,92,46.05,10.32,15.1,2023-09-01
False,34.0,yes,0,0.0,1.0,171.5,106,48.5,10.96,13.6,2025-12-27
false,100.0,no,1,2.49,1.0,225.8,77,79.44,9.63,9.2,2024-09-23
NO,149.0,yes,0,0.0,0.0,35.6,132,29.65,13.86,11.5,2023-10-18
1,168.0,Yes,0,0.0,1.0,293.6,103,71.13,11.7,8.9,2023-06-03
NO,165.0,yes,1,3.21,0.0,161.0,82,87.67,16.19,12.0,2023-06-28
No,153.0,yes ,0,0.0,4.0,187.0,60,49.87,10.8,8.4,2023-09-16
No,187.0,Yes,1,2.77,2.0,128.1,104,63.61,7.92,10.2,2023-01-21
0,44.0,No,1,1.46,0.0,138.7,114,50.99,7.04,5.6,2025-10-18
true,176.0,yes,0,0.0,4.0,137.3,112,42.02,10.62,12.2,2023-04-14
false,57.0,yes,0,0.0,2.0,154.7,113,49.09,12.93,12.2,2025-07-21
No,58.0,No,1,3.49,1.0,285.6,114,101.47,10.09,13.0,2025-07-15
False,136.0,yes,0,0.0,0.0,129.4,109,38.03,9.26,8.3,2024-01-17
True,106.0,no,0,0.0,2.0,136.3,93,34.51,6.71,12.3,2024-08-15
No,134.0,YES,1,3.41,,69.5,81,63.25,9.12,13.1,2024-01-27
No ,129.0,yes ,1,3.57,1.0,142.5,108,79.03,11.3,13.2,2024-03-06
false,88.0,yes ,0,0.0,0.0,215.2,78,57.96,12.55,13.9,2024-12-18
0,189.0,yes,0,0.0,2.0,242.7,77,60.61,11.61,5.3,2023-01-08
no,120.0,Yes,0,0.0,3.0,118.0,86,40.87,10.76,10.4,2024-05-06
No ,182.0,YES,1,3.18,2.0,115.5,117,70.87,11.11,11.9,2023-02-28
No,176.0,yes,0,0.0,1.0,99.9,103,28.48,6.73,12.2,2023-04-11
No,130.0,yes,1,2.3,0.0,194.0,85,75.52,11.09,8.4,2024-02-27
No,140.0,yes,0,0.0,0.0,217.1,133,56.21,9.47,8.3,2023-12-16
No,191.0,yess,1,2.12,2.0,177.0,133,67.94,8.98,7.9,2022-12-27
No,153.0,yes,0,0.0,0.0,218.1,85,54.17,9.54,10.9,2023-09-20
No,49.0,yess,1,1.28,3.0,231.6,121,,7.77,4.7,2025-09-18
No,9.0,yes,0,0.0,1.0,191.5,109,47.32,8.13,14.3,2026-06-21
No ,150.0,yess,0,0.0,1.0,171.4,92,47.85,8.13,8.6,2023-10-10
0,18.0,yes,0,0.0,2.0,225.2,93,57.58,11.44,12.7,2026-04-24
No,53.0,yess,0,0.0,1.0,136.9,110,41.89,10.58,10.9,2025-08-19
No,12.0,Yes,1,2.69,2.0,116.4,111,66.83,11.89,9.9,2026-06-04
NO,,yess,0,0.0,,113.8,118,38.71,10.91,6.5,
false,78.0,yes,0,0.0,0.0,185.9,133,53.72,11.69,16.9,2025-02-26
Yes,156.0,yes,0,0.0,0.0,235.5,94,65.09,15.08,13.1,2023-08-30
false,60.0,yes ,1,3.22,1.0,129.8,106,76.14,12.41,11.8,2025-07-04
No,22.0,yes,0,0.0,1.0,217.5,111,49.21,7.68,12.7,2026-03-22
No ,7.0,yes,0,0.0,3.0,215.9,139,50.4,7.41,7.2,2026-07-10
No,26.0,yes,1,2.58,2.0,208.6,111,83.45,12.73,9.5,2026-02-23
No,16.0,yes,0,0.0,,199.5,127,49.51,8.29,10.4,2026-05-04
0,204.0,YES,0,0.0,,78.2,70,33.75,12.01,12.1,2022-09-29
si,184.0,no,0,0.0,2.0,120.2,109,,11.08,10.8,2023-02-15
No ,173.0,Yes,0,0.0,0.0,197.2,88,49.62,9.57,16.1,2023-05-05
False,170.0,YES,0,0.0,1.0,149.1,104,45.51,12.27,6.8,2023-05-21
No,50.0,yes,1,3.02,1.0,174.4,106,82.81,12.36,11.5,2025-09-12
No,172.0,yes,0,0.0,1.0,169.4,121,42.82,8.44,12.4,2023-05-09
no,14.0,Yes,1,3.11,1.0,172.5,107,82.18,12.28,11.5,2026-05-16
no,84.0,yes,1,2.59,5.0,261.9,70,95.7,14.04,9.7,2025-01-17
Si,62.0,n0,0,0.0,0.0,274.1,123,63.55,7.75,9.4,2025-06-17
0,124.0,yes,0,0.0,,170.6,93,47.64,8.75,11.3,2024-04-11
No,106.0,yes,0,0.0,2.0,183.7,108,47.71,9.94,9.3,2024-08-12
No,,yes,1,3.72,1.0,196.6,139,95.18,13.96,13.9,2026-06-06
1,123.0,Yes,0,0.0,0.0,239.9,84,52.65,6.72,9.3,2024-04-16
No,141.0,yes,0,,,206.7,92,51.18,8.78,12.6,2023-12-09
false,161.0,yes,1,,1.0,221.0,109,79.68,6.4,11.3,2023-07-23
no,72.0,yess,0,0.0,2.0,165.2,67,46.0,10.55,7.9,2025-04-06
false,198.0,yes,1,2.35,1.0,211.2,120,77.91,10.28,8.9,2022-11-08
No,2.0,yess,1,3.9,2.0,72.8,106,66.88,8.8,14.4,2026-08-09
Yes,83.0,no,0,0.0,4.0,228.8,133,61.01,12.59,10.1,2025-01-22
0,110.0,yes,0,0.0,1.0,156.9,78,40.16,8.28,12.1,2024-07-17
0,189.0,yes,0,0.0,6.0,177.4,85,52.49,12.59,5.9,2023-01-09
Si,22.0,No,0,0.0,2.0,133.8,94,34.72,6.84,12.5,2026-03-21
No,145.0,yes ,0,,1.0,112.9,85,35.74,9.38,9.6,2023-11-13
No,205.0,yes ,0,0.0,2.0,214.5,96,46.54,5.9,11.8,2022-09-19
No ,34.0,yess,1,1.98,2.0,175.2,70,67.77,10.54,7.2,2025-12-27
False,169.0,YES,1,2.69,,277.4,99,92.24,11.1,9.8,2023-05-28
false,99.0,YES,0,0.0,1.0,241.4,122,56.31,9.09,7.7,2024-10-04
No,159.0,YES,0,0.0,1.0,168.9,106,45.48,10.0,10.6,2023-08-05
True,114.0,yes ,1,1.65,2.0,248.0,104,78.57,11.32,6.1,2024-06-19
False,144.0,yes,0,0.0,0.0,191.7,115,51.21,10.63,12.7,2023-11-19
false,125.0,yes,1,3.21,1.0,127.5,104,65.7,7.23,11.4,2024-04-02
No,92.0,yess,0,0.0,2.0,216.6,72,53.93,8.32,8.2,2024-11-16
No,118.0,yes,0,0.0,1.0,134.3,105,35.55,7.65,9.6,2024-05-20
No,11.0,yes,0,0.0,2.0,257.1,135,59.03,9.01,6.3,2026-06-11
No,172.0,yes,0,0.0,1.0,230.3,87,58.95,11.21,7.1,2023-05-08
no,71.0,Yes,0,0.0,0.0,205.0,116,55.98,10.19,10.8,2025-04-14
NO,184.0,yes,0,0.0,4.0,223.7,126,57.99,10.22,7.0,2023-02-13
False,19.0,yess,0,0.0,0.0,134.8,115,43.31,12.08,8.6,2026-04-13
si,189.0,no,0,0.0,3.0,125.9,83,34.52,5.91,13.6,2023-01-09
No ,133.0,YES,1,2.08,1.0,139.3,115,60.7,8.39,7.9,2024-02-08
No,22.0,yes,0,0.0,1.0,205.3,50,55.5,11.27,13.2,2026-03-23
No ,123.0,yes ,0,0.0,1.0,142.6,101,47.19,11.34,10.0,2024-04-13
No,58.0,yes,0,0.0,1.0,145.9,108,43.03,8.61,5.3,2025-07-18
no,51.0,yes,1,3.99,1.0,175.2,88,83.34,8.18,14.6,2025-09-04
No,20.0,yes ,0,0.0,2.0,84.8,83,36.07,11.92,12.4,2026-04-08
1,102.0,yes,0,0.0,4.0,156.0,103,40.89,7.75,7.9,
False,7.0,YES,1,2.83,2.0,224.6,103,85.95,11.77,10.6,2026-07-06
yes,125.0,yes,0,,4.0,156.7,134,46.28,9.41,8.7,2024-04-01
No,,yes,0,0.0,1.0,190.5,134,55.23,13.11,9.8,
NO,93.0,yes,1,2.4,1.0,214.1,127,75.45,8.71,9.1,2024-11-15
False,5.0,YES,0,0.0,1.0,169.3,99,46.4,8.76,7.9,2026-07-23
0,80.0,n0,0,0.0,1.0,272.0,86,67.68,10.76,11.7,2025-02-10
Si,41.0,yes,0,0.0,4.0,143.1,119,43.72,11.49,7.8,2025-11-12
No,60.0,no,1,2.94,1.0,198.9,109,89.15,14.57,10.9,2025-06-28
SI,23.0,YES,0,0.0,4.0,155.8,109,37.61,6.7,7.2,2026-03-16
si,143.0,yes,0,0.0,1.0,353.5,74,78.88,10.86,10.0,2023-11-30
No ,56.0,yess,0,0.0,2.0,188.3,94,44.79,7.41,10.9,2025-07-31
Yes,146.0,no,0,0.0,1.0,240.7,119,,11.47,10.0,2023-11-09
No ,14.0,Yes,1,3.01,1.0,238.5,79,81.51,5.94,11.2,2026-05-19
no,23.0,yess,0,0.0,1.0,177.6,128,42.22,6.54,8.5,2026-03-20
0,98.0,Yes,0,0.0,2.0,126.5,116,35.08,8.43,9.8,2024-10-05
False,149.0,yes,0,0.0,1.0,174.0,89,48.58,8.77,9.6,2023-10-14
No,51.0,yes,0,,2.0,153.7,72,50.44,11.67,12.2,2025-09-03
No,126.0,yes,0,0.0,3.0,211.4,113,57.99,11.4,9.0,2024-03-26
No,174.0,YES,1,2.49,99.0,201.1,88,,13.26,9.2,2023-04-28
YES,203.0,yes,0,0.0,4.0,169.0,72,47.01,10.61,10.6,2022-10-04
Yes,73.0,yes,0,0.0,5.0,265.5,64,66.72,12.68,8.3,2025-03-29
False,204.0,YES,0,0.0,0.0,190.9,111,50.63,10.39,9.1,2022-09-29
SI,56.0,yes ,0,0.0,1.0,296.4,71,66.33,9.64,13.4,2025-07-30
NO,129.0,YES,0,0.0,1.0,81.4,121,35.22,12.0,6.6,2024-03-06
yes,44.0,yes,0,0.0,2.0,247.0,115,67.51,15.24,9.3,2025-10-21
No,18.0,yes,0,0.0,0.0,255.6,79,50.76,4.52,10.6,2026-04-23
false,87.0,yes,0,0.0,1.0,191.0,143,45.98,7.35,13.3,2024-12-22
No ,178.0,yes,1,3.13,1.0,142.9,98,69.32,8.45,11.6,03-27-2023
No,142.0,Yes,1,,2.0,192.6,96,65.61,6.87,8.0,2023-12-07
true,163.0,yess,0,0.0,5.0,147.5,119,38.21,7.91,9.0,2023-07-11
True,79.0,no ,1,3.8,1.0,172.0,119,,11.21,14.0,2025-02-21
0,98.0,yes,0,0.0,5.0,192.9,83,50.51,9.54,9.1,2024-10-05
0,68.0,yess,1,1.53,1.0,147.3,108,63.91,13.23,5.9,2025-05-06
No,141.0,yess,0,0.0,1.0,109.8,113,36.81,8.4,9.2,2023-12-15
Yes,10.0,yes,0,0.0,1.0,304.0,105,72.14,11.53,5.9,2026-06-19
no,167.0,yes ,1,1.76,5.0,240.0,107,81.23,12.7,6.7,2023-06-14
No,81.0,yes,0,0.0,2.0,190.9,118,,11.66,9.8,2025-02-07
No,183.0,YES,0,0.0,1.0,198.4,73,48.08,8.63,12.4,2023-02-18
False,95.0,yes,0,0.0,3.0,211.9,95,53.24,7.55,7.7,2024-10-26
no,203.0,yess,0,0.0,2.0,167.4,96,44.37,8.77,13.3,2022-10-06
No,12.0,yes,0,0.0,1.0,210.3,48,58.79,11.89,9.8,2026-06-03
No,171.0,yes,0,0.0,3.0,195.3,114,52.35,11.59,3.8,2023-05-15
No,12.0,yes,0,0.0,3.0,222.1,99,54.36,8.78,11.0,2026-05-31
No,169.0,yes,0,0.0,2.0,240.0,107,57.01,9.23,11.9,2023-05-29
No,174.0,yes,0,0.0,0.0,151.2,88,44.63,9.29,10.9,2023-04-26
no,141.0,yes,0,0.0,1.0,205.5,122,53.68,10.77,6.7,2023-12-13
no,112.0,yes ,1,2.64,2.0,114.4,116,60.79,7.87,9.8,2024-07-05
0,,yes ,0,0.0,1.0,231.9,108,56.38,9.44,9.0,2025-07-27
No,178.0,yes,0,0.0,,115.8,76,38.21,10.78,10.7,2023-03-29
false,110.0,yes,0,0.0,0.0,196.1,98,59.06,13.44,15.9,2024-07-19
false,152.0,yess,0,0.0,,177.4,102,49.63,10.14,8.6,2023-09-25
NO,139.0,yes,1,3.1,0.0,184.1,54,87.65,14.7,11.5,2023-12-29
No,54.0,yess,0,0.0,1.0,213.8,99,57.12,10.25,9.5,2025-08-13
NO,58.0,no ,1,3.48,2.0,196.0,75,88.81,11.31,12.8,2025-07-14
False,171.0,yes,0,0.0,1.0,197.7,91,60.5,15.26,6.7,2023-05-19
NO,,YES,0,0.0,1.0,187.8,103,57.03,12.46,10.8,2022-12-22
True,,Yes,0,0.0,4.0,198.8,66,46.32,6.73,10.8,
No,28.0,no,0,0.0,2.0,271.9,104,63.02,9.16,11.0,2026-02-07
False,125.0,yes,1,2.38,1.0,149.3,110,72.14,12.04,9.1,2024-03-30
no,203.0,yess,0,0.0,0.0,153.4,95,39.38,6.11,9.8,2022-10-02
NO,151.0,yess,0,0.0,1.0,173.4,99,44.27,7.73,11.5,2023-10-05
0,27.0,Yes,0,0.0,1.0,202.9,91,49.17,8.11,9.0,2026-02-16
No,135.0,YES,0,0.0,0.0,165.6,102,50.47,13.13,13.2,2024-01-21
0,202.0,yes,0,0.0,2.0,241.4,105,63.44,11.66,7.8,2022-10-11
False,60.0,yes,1,2.43,7.0,254.3,84,87.08,11.37,9.1,2025-06-29
true,123.0,yess,0,0.0,4.0,74.3,86,26.81,8.03,8.2,2024-04-19
no,185.0,yes,1,2.52,1.0,242.6,86,79.8,7.04,9.3,2023-02-10
0,139.0,yess,0,0.0,1.0,135.9,109,41.17,10.21,11.7,2023-12-25
No,64.0,yes,0,0.0,4.0,225.1,89,57.98,10.99,13.0,2025-06-06
no,127.0,no,0,0.0,2.0,206.6,141,56.17,10.22,7.8,2024-03-18
False,73.0,yes,0,0.0,3.0,72.2,107,28.85,9.29,10.5,2025-04-03
no,65.0,yes,0,0.0,0.0,202.3,99,60.28,14.75,10.5,2025-05-25
1,103.0,yes,1,2.55,1.0,180.4,144,74.93,10.92,9.3,2024-09-01
No,83.0,YES,1,2.78,1.0,285.3,98,91.26,9.56,10.0,2025-01-23
NO,3.0,Yes,0,0.0,1.0,182.4,87,51.73,10.6,6.8,2026-08-05
False,114.0,yess,0,0.0,1.0,109.4,103,27.61,4.97,7.9,2024-06-20
0,,YES,0,0.0,1.0,202.8,69,54.3,11.46,14.3,
No ,158.0,yess,0,0.0,0.0,221.6,95,52.92,8.95,11.5,2023-08-12
No,60.0,no,0,0.0,1.0,187.6,99,46.63,8.1,13.1,2025-06-30
False,3.0,yes,1,3.85,1.0,173.7,82,90.84,12.98,13.9,2026-08-03
SI,181.0,no,0,0.0,5.0,125.2,111,31.88,6.55,10.2,2023-03-07
No,80.0,yes,1,2.42,1.0,28.8,112,44.78,9.37,8.5,2025-02-13
Si,12.0,NO,0,0.0,1.0,90.4,94,44.46,16.95,7.8,2026-06-03
no,176.0,yess,0,0.0,0.0,205.7,62,54.04,10.36,9.8,2023-04-10
No,125.0,yes,0,0.0,0.0,171.3,65,47.44,9.94,10.7,2024-04-02
false,36.0,yess,0,0.0,0.0,83.1,113,34.48,11.42,15.5,2025-12-19
No,75.0,yes,0,0.0,2.0,142.2,121,45.31,11.59,11.2,2025-03-19
False,52.0,n0,1,2.81,3.0,202.3,105,80.47,9.44,10.5,2025-08-27
no,119.0,Yes,0,0.0,3.0,96.0,112,40.04,13.29,13.3,2024-05-11
False,26.0,no ,0,0.0,2.0,218.2,99,58.51,12.21,10.1,2026-02-25
0,161.0,yes,0,0.0,2.0,161.2,65,43.6,9.36,6.1,2023-07-22
No ,198.0,yes,1,2.26,1.0,173.8,109,63.91,6.93,8.5,2022-11-07
No ,99.0,YES,1,3.13,0.0,181.0,53,86.98,14.61,11.4,2024-10-04
no,86.0,Yes,1,2.64,1.0,155.5,91,,7.93,9.9,2024-12-29
Yes,159.0,yes,0,0.0,1.0,293.1,103,70.11,11.75,8.8,2023-08-09
0,26.0,Yes,0,0.0,3.0,186.1,126,40.58,4.57,15.1,2026-02-23
yes,162.0,YES,0,0.0,1.0,265.4,106,69.72,13.32,5.8,2023-07-19
NO,103.0,YES,0,0.0,1.0,157.8,105,43.45,9.26,11.8,2024-09-01
No ,65.0,YES,1,4.18,0.0,235.7,73,101.85,11.36,15.3,2025-05-29
No ,60.0,yes,0,0.0,0.0,213.0,80,60.85,11.83,12.2,2025-07-01
True,46.0,yes,0,0.0,5.0,228.5,117,52.13,5.96,4.8,2025-10-09
0,85.0,yes ,1,2.37,0.0,190.1,100,78.6,13.11,8.9,2025-01-09
no,122.0,yes,0,0.0,1.0,211.1,131,56.92,10.58,7.3,2024-04-20
NO,190.0,YES,1,3.78,4.0,166.2,126,83.88,10.87,14.1,2023-01-03
No,65.0,yes,0,0.0,2.0,159.4,69,35.06,5.14,9.1,
No,141.0,Yes,1,3.2,1.0,282.8,70,93.63,7.57,12.1,2023-12-09
false,168.0,NO,0,0.0,1.0,171.0,140,50.28,11.95,9.0,2023-06-07
False,,yess,0,0.0,4.0,187.4,126,53.63,13.22,11.5,2026-02-05
Si,157.0,yes,0,0.0,4.0,124.4,103,37.63,9.52,12.9,2023-08-22
False,68.0,yes ,0,0.0,0.0,209.6,66,59.47,13.78,12.8,2025-05-09
no,195.0,yes,0,0.0,1.0,184.0,103,57.04,12.55,11.0,2022-11-29
no,156.0,yes ,1,3.23,2.0,169.2,98,77.23,9.71,12.0,2023-08-27
No,196.0,yess,1,2.91,1.0,155.9,131,76.29,12.2,10.6,2022-11-22
No,104.0,yes,1,2.69,1.0,106.4,108,56.03,5.35,10.1,
No,196.0,Yes,1,3.46,2.0,185.9,117,91.16,14.44,13.0,2022-11-22
No,118.0,yes,1,3.27,1.0,210.8,115,83.24,8.11,12.1,2024-05-21
NO,176.0,yes,0,0.0,0.0,159.6,104,40.6,6.93,9.7,2023-04-11
No,195.0,yes,1,2.05,1.0,199.3,70,77.5,13.74,7.7,2022-11-29
No ,,YES,0,0.0,1.0,213.5,118,54.71,10.4,12.1,
NO,174.0,yess,0,0.0,1.0,187.0,97,49.4,8.78,12.1,2023-04-28
No,60.0,yes,0,0.0,1.0,261.6,128,64.03,10.99,9.6,2025-06-28
True,52.0,yes,0,0.0,2.0,270.9,108,66.27,11.91,9.9,2025-08-23
True,78.0,no,1,1.14,1.0,145.8,126,61.75,14.36,4.3,2025-02-24
0,155.0,yes ,0,0.0,1.0,115.6,86,29.0,5.57,7.0,2023-09-04
Si,172.0,yes ,0,0.0,4.0,246.3,138,62.17,12.05,4.2,2023-05-08
No ,132.0,yes,0,0.0,2.0,197.0,123,59.87,13.24,8.0,2024-02-10
1,53.0,no ,1,3.73,0.0,265.6,112,102.22,10.77,14.0,2025-08-19
false,130.0,yes,0,0.0,1.0,194.4,109,46.86,8.18,14.0,2024-02-27
true,77.0,no,0,0.0,1.0,131.3,77,42.52,10.97,11.1,2025-03-01
No,161.0,yes,1,4.09,0.0,168.9,90,91.52,12.64,15.1,2023-07-22
No ,79.0,Yes,0,0.0,0.0,181.3,111,39.08,3.68,9.5,2025-02-16
No,199.0,yes ,0,0.0,2.0,107.1,96,31.34,7.67,9.7,2022-11-04
no,143.0,YES,0,0.0,2.0,165.0,115,45.75,9.6,10.0,2023-11-30
No,169.0,Yes,0,0.0,1.0,303.3,82,68.77,8.36,10.5,2023-06-02
Si,186.0,yes,0,0.0,2.0,267.9,101,67.87,12.87,12.0,2023-02-01
NO,130.0,yess,0,0.0,3.0,62.2,78,33.47,13.17,8.8,2024-03-01
NO,137.0,yes,0,0.0,1.0,163.4,83,43.64,8.28,11.7,2024-01-07
NO,164.0,yes,1,1.9,1.0,127.0,94,60.73,11.52,7.2,2023-07-05
NO,189.0,yes ,0,0.0,1.0,205.4,83,57.3,12.86,9.0,2023-01-07
No ,87.0,Yes,0,0.0,3.0,150.2,101,49.29,14.22,14.0,2024-12-27
NO,194.0,yes,0,0.0,0.0,121.3,82,,8.94,11.4,2022-12-09
No,85.0,yes,0,0.0,2.0,141.8,110,44.04,9.97,13.2,2025-01-07
no,98.0,yes,0,0.0,2.0,165.0,67,46.65,10.43,7.8,2024-10-07
No ,151.0,yes,1,2.92,,145.0,105,61.38,4.44,10.8,2023-10-03
Yes,110.0,Yes,0,0.0,5.0,261.8,66,66.9,12.5,8.3,2024-07-16
yes,40.0,No,1,3.8,0.0,264.7,112,101.88,10.86,14.0,2025-11-17
NO,20.0,yes,0,0.0,1.0,115.5,115,40.54,10.12,12.2,2026-04-08
0,26.0,YES,0,0.0,1.0,242.2,126,54.71,7.65,11.8,2026-02-21
No,192.0,yes,1,2.26,0.0,277.2,120,87.62,10.41,8.3,2022-12-21
No,152.0,YES,0,0.0,2.0,254.1,74,61.72,8.34,10.7,2023-09-23
No,182.0,yes,0,0.0,1.0,114.8,65,39.3,10.73,8.8,2023-02-27
false,165.0,yess,0,0.0,2.0,109.4,132,31.35,7.16,10.7,2023-06-25
No,158.0,yes,0,0.0,1.0,168.3,109,50.91,11.82,9.3,2023-08-18
false,14.0,yes,1,2.07,1.0,126.5,104,62.85,12.5,7.8,2026-05-21
No,,yes ,0,0.0,6.0,173.6,85,52.17,12.72,5.7,2024-09-03
No,23.0,no ,0,0.0,2.0,199.9,117,58.76,14.61,11.2,2026-03-17
No,206.0,yes ,0,0.0,0.0,207.5,115,53.81,10.53,9.8,2022-09-14
NO,,yes ,0,0.0,1.0,179.0,62,54.62,12.67,8.5,2024-04-19
SI,13.0,NO,0,0.0,2.0,192.6,108,58.94,12.87,9.6,2026-05-23
No,168.0,yess,0,0.0,1.0,237.9,121,52.27,7.11,9.5,
NO,66.0,yes,0,0.0,3.0,130.6,95,36.15,8.55,14.6,2025-05-22
false,57.0,yes,0,0.0,1.0,192.6,111,51.69,8.32,10.8,2025-07-20
NO,127.0,yes,0,0.0,1.0,190.8,103,48.46,9.07,13.1,2024-03-19
0,,yes,1,3.24,3.0,144.4,76,74.18,10.54,12.0,2023-02-09
False,79.0,yes,0,0.0,3.0,175.3,121,56.25,14.79,7.7,2025-02-18
No ,190.0,yes,0,0.0,2.0,140.0,116,46.34,11.12,12.8,2023-01-02
SI,48.0,yes ,0,0.0,7.0,137.4,106,42.4,10.47,8.9,2025-09-24
Yes,33.0,NO,0,0.0,2.0,247.7,109,58.26,9.28,12.0,2026-01-07
False,138.0,YES,1,2.21,0.0,205.5,56,75.14,10.37,8.2,2024-01-03
No,11.0,YES,0,0.0,1.0,214.2,114,54.33,9.89,9.8,2026-06-08
No,85.0,yess,0,0.0,0.0,95.4,135,40.19,14.12,9.8,2025-01-06
No,191.0,yess,0,0.0,1.0,239.7,87,52.21,7.04,7.1,2022-12-28
No,54.0,Yes,0,0.0,0.0,237.3,107,53.03,7.08,12.4,
false,139.0,yes,0,0.0,1.0,207.7,109,49.93,8.48,2.6,2023-12-29
No ,136.0,YES,0,0.0,3.0,264.7,119,57.23,6.61,13.2,2024-01-19
False,135.0,no ,0,0.0,0.0,134.7,79,37.01,8.22,10.5,2024-01-25
No,12.0,yes,1,2.91,1.0,107.2,131,66.78,11.67,10.7,2026-05-30
false,196.0,YES,0,0.0,1.0,96.3,97,36.77,11.5,10.7,2022-11-20
No,156.0,yess,0,0.0,2.0,123.3,105,37.3,9.09,12.7,2023-09-01
False,178.0,yes,1,3.06,2.0,115.4,81,64.52,7.97,11.1,2023-03-27
No,69.0,yes,0,0.0,0.0,115.7,125,26.45,4.01,11.9,2025-04-26
No,76.0,Yes,0,0.0,,104.5,120,33.86,7.48,6.6,2025-03-09
No,23.0,YES,1,2.04,,245.6,71,79.38,10.13,7.6,2026-03-19
No,55.0,YES,0,0.0,,167.3,85,48.18,12.14,9.9,2025-08-07
0,97.0,yes,0,,0.0,148.6,103,48.8,13.58,9.2,2024-10-13
NO,43.0,yes,1,3.1,2.0,90.9,88,64.13,9.76,11.7,2025-10-31
No,93.0,yes,1,2.54,3.0,80.8,113,60.21,11.3,9.5,2024-11-12
Yes,0.0,Yes,0,0.0,4.0,130.8,119,41.48,10.67,11.1,2026-08-24
No,63.0,YES,0,0.0,3.0,160.1,103,45.33,10.56,10.2,2025-06-07
No ,119.0,Yes,0,0.0,0.0,172.5,130,43.96,7.96,11.5,2024-05-11
False,19.0,YES,0,0.0,1.0,127.0,79,42.96,12.06,12.8,2026-04-11
No,93.0,YES,0,0.0,1.0,157.6,92,43.28,9.68,13.2,2024-11-14
No,165.0,YES,0,0.0,3.0,209.1,85,56.32,12.35,7.6,2023-06-25
0,160.0,yes ,0,0.0,2.0,250.3,80,60.18,9.74,8.4,2023-08-04
No,52.0,yes,0,0.0,2.0,154.8,67,44.25,10.23,9.8,2025-08-28
No,166.0,yes ,0,0.0,1.0,221.9,126,63.97,15.23,9.8,2023-06-18
NO,143.0,yes,0,0.0,0.0,105.6,109,21.86,2.06,13.1,2023-11-27
False,121.0,yess,0,0.0,1.0,203.7,107,42.9,5.09,13.6,2024-05-03
No ,46.0,Yes,0,0.0,0.0,106.7,150,,12.64,15.0,2025-10-08
false,92.0,yes,0,0.0,1.0,174.2,107,48.64,11.14,13.6,2024-11-21
false,116.0,yes,0,0.0,,93.8,85,31.05,8.93,14.3,2024-06-07
no,136.0,yes,0,0.0,1.0,137.1,110,36.66,7.73,11.2,2024-01-16
Si,11.0,NO,0,0.0,2.0,115.7,113,41.87,10.77,13.8,2026-06-08
No,183.0,YES,1,4.12,1.0,166.6,121,91.08,13.11,15.1,2023-02-20
False,176.0,yess,0,0.0,2.0,272.6,70,67.42,11.56,10.8,2023-04-14
No,197.0,yess,0,0.0,0.0,193.0,87,47.65,8.79,0.1,2022-11-12
NO,83.0,yess,0,0.0,0.0,171.1,136,49.48,12.01,15.5,2025-01-21
False,32.0,yes,0,0.0,1.0,97.8,98,37.55,11.49,10.5,2026-01-13
No ,164.0,yes ,0,0.0,1.0,134.2,108,39.99,10.29,11.7,2023-07-02
true,86.0,Yes,0,0.0,6.0,176.1,150,,7.43,15.8,2024-12-30
No ,182.0,yes ,0,,2.0,151.8,147,49.49,13.13,9.9,2023-02-25
0,35.0,yes,0,0.0,1.0,118.1,91,38.18,8.93,12.0,2025-12-23
No,135.0,Yes,0,0.0,1.0,204.8,85,44.36,4.46,11.6,2024-01-26
No,69.0,YES,0,0.0,2.0,42.1,124,25.8,8.36,10.5,2025-04-27
no,15.0,yes,1,2.35,1.0,215.1,96,72.27,6.93,8.6,2026-05-11
true,126.0,yes,1,2.79,2.0,105.5,78,60.62,9.11,10.1,2024-03-24
Yes,37.0,YES,0,0.0,0.0,320.4,114,74.2,11.03,6.8,2025-12-07
No,32.0,yes,0,0.0,2.0,140.4,116,46.58,11.26,12.7,2026-01-15
True,188.0,yes,0,0.0,1.0,246.1,116,68.02,14.34,9.1,2023-01-19
no,119.0,yes,0,0.0,3.0,129.4,80,34.32,7.22,12.2,2024-05-14
No,88.0,YES,0,0.0,1.0,130.6,78,42.91,12.08,12.8,2024-12-14
No,8.0,yes,0,0.0,0.0,218.5,110,57.99,12.05,12.0,2026-06-27
no,197.0,Yes,1,2.53,2.0,208.2,111,82.65,12.68,9.7,2022-11-18
NO,54.0,yes,1,1.78,1.0,126.8,85,55.57,9.37,6.8,2025-08-09
NO,111.0,yes ,0,0.0,1.0,176.2,119,51.55,11.72,10.5,2024-07-06
False,205.0,Yes,0,0.0,1.0,136.8,79,45.99,11.09,14.8,2022-09-23
No,158.0,yes ,0,0.0,1.0,228.9,103,55.19,8.89,12.0,2023-08-17
false,50.0,YES,0,0.0,1.0,254.1,88,57.79,8.81,5.3,2025-09-07
No ,187.0,yess,0,0.0,1.0,207.3,100,52.89,10.54,10.1,2023-01-21
Yes,58.0,No,0,0.0,1.0,279.3,122,63.86,9.83,7.3,2025-07-18
0,10.0,No,0,0.0,0.0,262.6,91,58.31,8.14,9.3,2026-06-17
False,67.0,YES,0,0.0,3.0,196.8,125,45.35,6.66,7.4,2025-05-15
NO,170.0,YES,1,3.17,1.0,78.4,109,63.91,10.47,11.8,2023-05-26
0,104.0,yes,0,0.0,3.0,277.2,96,62.34,8.39,2.2,2024-08-29
0,44.0,yes,1,1.8,,208.7,77,67.93,7.93,6.7,2025-10-24
SI,20.0,no,0,0.0,0.0,234.3,106,,7.91,7.1,2026-04-04
No,11.0,yes,0,0.0,2.0,217.9,91,57.84,10.79,11.2,2026-06-12
0,97.0,yes,1,2.69,1.0,213.5,109,78.95,8.56,10.1,2024-10-12
No,167.0,yes,0,0.0,1.0,211.9,71,58.68,11.29,7.0,2023-06-14
NO,75.0,yes ,0,0.0,1.0,140.2,72,37.81,7.63,8.3,2025-03-15
false,102.0,yes,1,4.11,0.0,170.6,91,92.08,12.61,15.0,2024-09-13
no,94.0,yess,0,,1.0,176.5,98,58.47,14.14,11.5,2024-11-04
No ,19.0,YES,0,0.0,1.0,190.4,72,51.54,10.48,9.0,2026-04-12
si,164.0,yess,0,0.0,,110.6,104,35.33,9.65,4.1,2023-07-06
False,14.0,yes,1,2.59,,114.6,111,66.8,11.87,9.9,2026-05-19
Yes,191.0,no,0,0.0,1.0,90.1,94,44.93,17.09,8.0,2022-12-24
No,8.0,yes,1,2.67,0.0,135.1,111,67.21,10.28,9.8,2026-07-03
no,2.0,yes ,0,0.0,3.0,152.6,102,50.02,11.76,9.9,2026-08-14
No,191.0,No,0,0.0,1.0,127.2,107,40.5,10.62,5.4,
Si,141.0,n0,0,0.0,3.0,166.1,93,36.8,4.78,13.4,2023-12-11
1,141.0,no,0,0.0,1.0,222.8,133,47.01,5.44,17.4,2023-12-09
True,129.0,no,1,3.89,1.0,268.1,111,103.05,10.78,14.5,2024-03-06
No,17.0,Yes,1,3.04,0.0,191.5,64,,13.28,11.1,2026-04-25
False,27.0,yes,0,0.0,3.0,146.4,111,38.02,7.23,10.0,2026-02-15
No,17.0,yes,1,3.01,0.0,196.6,65,86.19,13.23,11.1,2026-05-01
No ,156.0,yes,0,0.0,2.0,208.7,117,56.09,11.45,6.5,2023-08-28
No,197.0,Yes,0,0.0,1.0,177.9,122,50.44,11.27,11.4,2022-11-17
No ,123.0,yes,0,0.0,1.0,146.4,73,38.89,7.45,11.4,2024-04-13
NO,146.0,Yes,0,0.0,1.0,196.4,75,52.05,10.71,7.9,2023-11-07
false,,yes,1,2.61,0.0,181.7,95,79.38,12.52,9.7,2023-03-07
False,68.0,yes,0,0.0,0.0,136.8,96,40.72,8.64,7.1,2025-05-07
False,207.0,yes,0,0.0,150.0,249.5,117,51.03,4.66,13.7,2022-09-03
yes,166.0,YES,0,0.0,2.0,328.0,67,74.4,8.79,10.6,
No,1.0,yes ,0,0.0,2.0,141.2,97,35.08,6.17,14.9,2026-08-16
No,38.0,yes,0,0.0,,137.9,103,40.53,8.2,8.3,2025-12-05
No,70.0,yes,1,2.58,0.0,239.7,103,91.78,14.38,9.5,2025-04-25
No,58.0,yes,0,0.0,1.0,143.9,92,43.05,10.41,11.9,2025-07-14
0,77.0,yes,0,0.0,,106.5,150,35.16,9.46,12.5,2025-03-05
False,162.0,yes,0,0.0,1.0,183.2,129,41.8,6.61,8.5,2023-07-17
No,73.0,yess,0,0.0,0.0,125.9,71,45.01,13.49,3.5,2025-04-04
No,204.0,yess,0,0.0,1.0,150.5,91,37.08,6.1,9.1,2022-09-28
NO,109.0,yess,1,1.09,1.0,139.3,58,53.33,11.14,3.8,2024-07-23
No,80.0,yess,0,0.0,1.0,183.4,89,52.63,10.58,6.8,2025-02-09
No,122.0,yes,0,0.0,0.0,235.5,109,54.71,7.94,12.1,2024-04-21
NO,152.0,yess,1,3.14,1.0,172.5,115,83.18,13.38,12.0,2023-09-27
si,111.0,no,0,0.0,0.0,160.6,85,43.9,9.86,13.9,2024-07-08
False,105.0,yes,1,2.65,0.0,212.0,99,81.12,11.22,9.6,2024-08-18
yes,91.0,yes ,0,0.0,0.0,223.7,98,54.0,8.48,4.6,2024-11-28
No,101.0,Yes,0,0.0,1.0,174.2,90,51.93,12.21,7.2,2024-09-15
No,66.0,yes,1,2.24,0.0,217.8,85,75.38,9.95,8.1,2025-05-18
False,133.0,Yes,0,0.0,3.0,205.6,106,52.5,10.57,11.9,2024-02-06
0,139.0,yes ,0,0.0,2.0,157.1,53,44.61,9.38,9.9,2023-12-28
YES,122.0,yes,0,,1.0,285.1,73,67.74,11.07,11.5,2024-04-22
No,21.0,yes,0,0.0,1.0,227.4,89,56.22,8.2,11.7,2026-03-31
No ,28.0,yes ,0,0.0,1.0,56.2,91,24.89,8.55,7.7,2026-02-07
NO,30.0,yes ,0,0.0,1.0,239.7,109,61.07,11.53,12.7,2026-01-26
No,4.0,Yes,0,0.0,2.0,143.7,107,40.65,9.09,16.9,2026-07-29
1,150.0,YES,0,0.0,1.0,328.4,106,71.54,7.63,8.6,2023-10-12
NO,58.0,yes,0,0.0,2.0,178.0,58,54.94,14.2,5.7,
no,63.0,yes,0,0.0,1.0,210.0,112,56.44,12.77,9.9,2025-06-10
No ,68.0,yess,1,1.58,1.0,156.3,98,54.35,7.22,5.9,2025-05-05
No ,108.0,YES,0,0.0,1.0,81.3,105,32.03,10.14,9.1,2024-07-29
No,139.0,yes,0,0.0,4.0,218.2,101,61.53,14.11,12.7,2023-12-29
yes,175.0,no,0,0.0,2.0,281.5,89,69.75,12.32,8.4,2023-04-15
No,37.0,yes,0,0.0,1.0,110.1,51,38.34,11.0,4.4,2025-12-11
True,169.0,YES,0,0.0,1.0,210.8,150,66.39,17.37,7.4,2023-06-02
0,49.0,YES,0,0.0,1.0,118.6,88,32.85,7.28,8.2,2025-09-17
False,97.0,yes,1,3.37,3.0,195.9,86,85.87,10.4,12.5,2024-10-16
No,43.0,No,0,0.0,1.0,189.3,100,47.22,8.09,13.0,2025-10-26
false,116.0,yess,1,4.31,0.0,232.6,87,92.16,5.57,16.1,2024-06-07
YES,38.0,yes,0,0.0,3.0,255.3,44,61.77,10.69,8.0,2025-12-02
False,32.0,Yes,0,0.0,3.0,187.0,94,49.1,10.35,8.8,2026-01-14
No,69.0,yes,1,2.75,1.0,160.7,103,72.21,9.59,10.1,2025-04-28
0,26.0,Yes,0,0.0,1.0,209.9,112,49.43,8.68,12.2,2026-02-26
NO,22.0,yes ,0,0.0,2.0,92.7,109,32.94,10.0,12.9,2026-03-25
No,64.0,yes,1,2.63,0.0,227.1,120,90.06,14.72,9.8,2025-06-01
no,197.0,n0,0,0.0,2.0,213.0,105,50.71,7.97,5.1,2022-11-16
no,110.0,yes,1,2.03,0.0,182.0,106,63.42,6.34,7.6,2024-07-16
No,127.0,yes ,1,2.44,0.0,126.8,110,56.05,5.21,9.3,2024-03-20
No,66.0,yes ,0,0.0,3.0,179.9,111,46.48,8.31,11.3,05-20-2025
NO,33.0,yes,0,0.0,,207.3,71,53.98,10.74,13.1,2026-01-04
no,67.0,yes ,0,0.0,2.0,157.2,92,42.69,8.69,7.9,2025-05-16
True,57.0,yes,0,0.0,2.0,267.4,97,65.84,10.75,14.3,2025-07-24
No,10.0,yes,0,0.0,2.0,119.0,129,39.09,10.74,16.2,2026-06-19
True,156.0,no,1,2.07,0.0,149.5,102,59.65,7.98,7.8,2023-09-01
false,25.0,Yes,0,0.0,0.0,204.1,88,49.51,6.9,9.9,2026-03-01
NO,101.0,yes,0,0.0,1.0,191.3,90,49.65,9.79,8.5,2024-09-17
No ,31.0,yess,1,2.25,1.0,29.1,113,,9.45,8.7,2026-01-17
Si,35.0,YES,0,0.0,5.0,166.1,95,44.43,9.48,10.9,2025-12-21
NO,200.0,yes,0,0.0,2.0,268.5,70,68.66,11.38,10.9,
YES,196.0,yes,0,0.0,4.0,120.2,88,35.96,8.38,12.2,2022-11-19
No,31.0,yes,0,0.0,3.0,35.3,78,19.22,7.69,14.2,2026-01-18
No,178.0,yes,0,0.0,1.0,141.1,111,50.67,15.44,9.8,2023-03-25
1,19.0,no,1,2.81,5.0,137.1,91,67.93,10.1,10.3,2026-04-14
yes,107.0,yes,0,0.0,4.0,155.5,84,42.03,8.92,5.9,2024-08-08
No,186.0,yess,0,0.0,0.0,59.5,97,28.04,10.14,10.4,2023-01-30
NO,32.0,yes,0,0.0,1.0,237.7,107,51.94,6.44,11.3,2026-01-11
NO,56.0,yess,1,2.47,1.0,154.1,127,72.35,12.18,9.1,2025-08-01
No ,12.0,yes,0,0.0,3.0,132.0,117,47.12,14.52,14.2,2026-05-31
No,48.0,YES,0,0.0,0.0,219.5,96,,8.82,11.5,2025-09-24
No,167.0,yes,0,0.0,1.0,185.0,117,51.34,11.25,11.5,2023-06-16
No,138.0,yes,1,2.9,1.0,183.1,122,80.3,10.65,10.9,2023-12-30
No ,67.0,yes ,0,0.0,7.0,168.7,60,46.83,10.95,8.3,2025-05-15
false,20.0,yes,1,2.86,3.0,186.7,98,81.11,12.02,10.5,2026-04-08
Yes,174.0,YES,1,2.38,5.0,155.5,82,64.97,8.07,8.6,2023-04-25
true,10.0,n0,1,3.75,1.0,170.5,120,86.22,11.23,13.7,2026-06-16
No,,no,0,0.0,2.0,160.3,122,,8.8,9.9,2024-07-09
No,81.0,YES,0,0.0,0.0,98.2,112,,11.42,9.7,2025-02-05
si,43.0,yes,0,0.0,4.0,191.0,112,41.44,3.5,13.5,2025-10-28
No,164.0,yess,1,2.44,1.0,154.9,69,66.59,8.91,9.0,2023-07-07
no,133.0,yes,0,0.0,3.0,183.2,80,45.44,8.58,13.7,2024-02-07
no,206.0,no,0,,1.0,214.6,76,57.0,12.17,10.0,2022-09-10
0,52.0,YES,0,0.0,1.0,153.9,105,48.2,12.81,9.4,2025-08-27
No,3.0,yes,1,2.73,3.0,223.9,76,80.94,9.15,10.2,2026-08-07
false,96.0,yes,1,4.5,2.0,206.7,110,90.78,5.8,16.4,2024-10-21
no,111.0,yes,0,0.0,3.0,99.4,111,39.93,13.51,8.9,2024-07-08
0,121.0,yes ,1,2.61,0.0,183.5,94,78.59,12.57,9.6,2024-04-29
False,74.0,yes ,0,0.0,3.0,168.5,104,43.33,8.36,9.9,2025-03-28
False,120.0,YES,0,0.0,2.0,189.0,152,45.68,7.46,15.2,2024-05-07
False,12.0,yes ,0,0.0,1.0,55.3,91,24.58,8.76,7.4,"Jun 04, 2026"
no,124.0,Yes,0,0.0,3.0,124.7,114,33.5,6.61,10.7,2024-04-08
No,34.0,yess,0,0.0,2.0,90.8,109,35.33,10.97,12.9,2025-12-28
false,208.0,YES,0,0.0,5.0,204.9,107,46.69,6.75,10.5,2022-09-01
No,118.0,yes,0,0.0,3.0,186.5,85,52.25,11.87,8.9,2024-05-21
No,175.0,yes,0,0.0,2.0,155.8,108,45.16,8.5,8.7,2023-04-19
no,134.0,yes,0,,1.0,279.2,104,59.45,6.64,8.2,2024-01-28
0,60.0,yes ,0,0.0,0.0,106.0,150,35.09,9.5,12.8,2025-07-02
No,108.0,yes,1,2.86,1.0,235.9,85,87.74,10.61,10.8,2024-08-02
No ,58.0,Yes,1,2.66,2.0,151.5,95,77.66,13.81,9.9,2025-07-16
False,99.0,yes ,1,1.51,1.0,160.3,46,62.46,11.19,5.6,2024-10-04
true,,yes,0,0.0,1.0,287.5,110,63.68,9.0,10.8,2026-07-28
NO,136.0,yes,1,3.2,2.0,122.0,117,71.01,11.07,11.8,2024-01-17
0,113.0,yes,0,0.0,1.0,207.8,109,54.64,10.82,8.1,2024-06-23
No ,75.0,yes,0,0.0,,155.9,88,43.74,8.97,12.9,2025-03-21
No,65.0,yes,1,2.87,,220.2,136,90.11,13.06,10.9,2025-05-26
no,167.0,yes,0,0.0,1.0,191.2,106,54.34,10.32,12.6,2023-06-11
No,129.0,yes,0,0.0,1.0,133.1,70,41.18,10.65,11.2,2024-03-02
No,107.0,yes,0,0.0,4.0,222.5,101,61.45,14.12,12.8,
Si,172.0,no,1,2.91,3.0,212.1,117,92.15,15.63,10.8,2023-05-06
NO,159.0,YES,0,0.0,2.0,165.1,117,47.43,10.46,8.6,2023-08-09
0,99.0,yes ,0,0.0,3.0,97.1,116,35.05,8.8,9.5,2024-10-01
NO,141.0,yes,0,0.0,3.0,251.6,85,61.26,10.75,11.1,2023-12-14
No,183.0,YES,0,0.0,1.0,209.4,151,46.5,7.38,6.2,2023-02-22
0,74.0,YES,0,0.0,3.0,117.4,97,30.82,4.77,10.6,2025-03-27
NO,141.0,yes,0,0.0,1.0,170.1,120,42.13,8.5,12.2,2023-12-14
Si,73.0,yes,1,3.53,2.0,199.0,99,90.29,12.31,12.8,2025-04-02
0,83.0,yes,0,0.0,3.0,158.5,120,52.07,14.39,6.9,2025-01-23
False,13.0,yes,0,0.0,2.0,143.3,93,42.86,10.36,7.7,2026-05-29
False,130.0,no,0,0.0,3.0,144.2,82,40.86,7.2,12.6,2024-02-28
No,159.0,YES,0,0.0,0.0,153.8,71,47.81,12.24,12.7,2023-08-05
No,150.0,Yes,1,1.87,1.0,130.4,86,56.76,9.44,6.8,2023-10-10
False,70.0,Yes,0,0.0,1.0,200.7,81,58.51,11.33,10.4,2025-04-25
true,16.0,yess,0,0.0,4.0,160.3,98,43.32,7.49,14.8,2026-05-04
No,144.0,yes,0,0.0,3.0,218.8,91,61.42,13.79,9.6,2023-11-20
No,69.0,no,1,1.02,1.0,199.4,81,71.0,16.16,3.7,2025-04-26
false,58.0,no,0,0.0,,249.3,86,58.25,9.48,7.8,2025-07-15
0,18.0,yes,0,0.0,0.0,205.3,44,47.67,7.16,8.5,2026-04-21
False,203.0,yes,1,3.02,1.0,220.1,110,79.44,6.47,11.4,2022-10-07
No,204.0,yes,0,,1.0,161.1,123,46.56,11.0,9.4,2022-09-27
false,132.0,Yes,0,0.0,0.0,206.2,66,55.02,12.04,11.7,2024-02-13
False,56.0,Yes,0,0.0,1.0,111.4,118,37.43,11.05,6.6,2025-07-28
Yes,109.0,yes,0,0.0,4.0,122.2,95,35.2,8.45,12.1,2024-07-22
false,182.0,YES,0,0.0,3.0,213.1,86,50.81,8.42,6.5,2023-02-26
1,172.0,yes,0,0.0,4.0,272.1,129,70.79,11.87,8.7,2023-05-08
NO,167.0,No,0,0.0,0.0,182.2,123,48.8,9.72,8.5,2023-06-14
no,174.0,Yes,0,0.0,2.0,161.7,68,34.94,5.13,9.1,2023-04-27
No,33.0,yes,1,3.49,0.0,223.6,98,88.6,9.0,12.9,2026-01-05
NO,120.0,yes,1,3.1,1.0,165.6,106,86.37,15.55,11.6,2024-05-07
No,139.0,yess,0,0.0,2.0,175.9,85,41.83,4.6,9.5,2023-12-26
NO,76.0,yess,0,0.0,,35.3,80,19.58,7.83,14.3,2025-03-12
No ,206.0,no,0,0.0,1.0,62.5,92,34.11,13.79,10.6,2022-09-16
No ,132.0,YES,1,2.4,2.0,198.0,108,69.26,6.98,8.8,2024-02-15
NO,128.0,yess,0,0.0,1.0,115.5,82,40.86,9.52,11.5,2024-03-09
No,32.0,yes,1,2.83,2.0,221.7,104,86.67,11.95,10.6,2026-01-16
1,175.0,yess,0,0.0,,276.5,94,67.84,11.97,11.4,2023-04-17
No,204.0,yes,0,0.0,3.0,226.5,123,57.31,8.59,5.5,2022-09-26
No,,yes,0,0.0,0.0,146.5,91,42.59,9.43,12.2,2024-07-20
no,175.0,yes,0,0.0,2.0,124.3,132,34.84,7.84,8.7,2023-04-20
No,148.0,yes,0,0.0,0.0,203.5,101,48.87,8.06,9.5,2023-10-21
No ,1.0,yes,0,0.0,,173.3,130,51.4,12.47,12.3,2026-08-17
False,37.0,yes,0,,1.0,207.7,69,53.02,9.91,12.4,2025-12-07
Yes,35.0,yess,0,0.0,2.0,326.7,67,74.31,8.83,10.7,2025-12-26
0,,yes,0,0.0,3.0,246.1,72,62.66,12.02,8.9,
true,131.0,yes,0,0.0,1.0,274.0,101,69.7,11.76,8.3,2024-02-22
False,201.0,yes,0,0.0,3.0,218.0,90,60.68,13.71,9.8,2022-10-19
si,199.0,n0,1,3.05,4.0,155.9,123,74.68,10.45,11.2,2022-11-03
Yes,25.0,Yes,0,0.0,0.0,261.0,118,69.24,12.58,9.8,2026-03-04
No,130.0,yes,0,0.0,2.0,157.5,115,44.07,9.84,8.4,2024-03-01
0,205.0,yes,0,0.0,0.0,192.5,88,48.02,8.73,0.0,2022-09-23
False,108.0,yes,0,0.0,3.0,131.8,95,36.1,8.55,14.5,2024-07-27
true,78.0,yes,0,0.0,1.0,267.9,99,69.52,11.81,8.4,2025-02-26
No ,124.0,yes,0,0.0,4.0,197.5,88,51.0,10.36,8.7,2024-04-06
No,181.0,yess,1,2.52,1.0,156.6,84,66.91,8.04,9.2,2023-03-07
1,54.0,no,1,3.8,1.0,227.8,116,86.53,5.99,14.1,2025-08-10
False,62.0,yes,1,2.4,0.0,287.4,100,90.28,10.21,8.6,2025-06-17
no,207.0,yes,0,0.0,1.0,148.0,104,,9.96,9.2,NULL
Yes,-11.0,NO,0,0.0,4.0,143.3,59,40.15,8.94,6.1,2026-11-11
No,140.0,Yes,0,0.0,1.0,171.0,85,37.4,2.93,7.5,2023-12-21
False,77.0,yes,1,0.1,2.0,64.0,97,26.92,8.83,0.0,2025-03-05
False,14.0,yes ,1,2.01,2.0,167.4,79,71.96,13.6,7.4,2026-05-18
No ,154.0,Yes,0,0.0,1.0,224.6,106,53.43,9.02,7.3,2023-09-13
False,208.0,yes,0,0.0,1.0,181.4,108,47.45,9.6,10.2,2022-09-01
No,151.0,yess,0,0.0,3.0,232.1,120,52.81,7.58,11.6,2023-10-02
NO,72.0,yes ,0,0.0,1.0,103.6,48,30.63,8.22,12.1,2025-04-05
Yes,7.0,yes,0,0.0,3.0,245.2,107,63.7,13.05,10.7,2026-07-05
No,17.0,Yes,0,0.0,1.0,198.5,138,49.21,8.41,5.5,2026-05-01
false,117.0,yess,1,,4.0,169.8,124,70.33,13.56,6.7,2024-05-31
False,121.0,yes,0,0.0,2.0,166.2,99,38.2,5.73,12.9,2024-04-27
No,73.0,yes,0,0.0,2.0,232.8,100,56.57,10.07,13.3,2025-04-03
0,163.0,yes,0,0.0,2.0,197.7,111,58.36,12.01,10.9,2023-07-11
SI,111.0,yes,0,0.0,4.0,143.0,119,43.58,11.45,7.9,2024-07-11
No,165.0,yes,0,0.0,2.0,162.4,111,47.73,10.93,6.6,2023-06-29
No ,11.0,yes,0,0.0,3.0,111.9,109,35.54,9.51,14.2,2026-06-11
No ,84.0,yes,1,4.21,0.0,128.3,98,84.87,12.3,15.6,2025-01-15
No,157.0,yes,0,0.0,2.0,165.9,95,51.73,12.02,10.1,2023-08-23
no,50.0,yes,0,0.0,1.0,206.7,100,52.49,10.59,10.1,2025-09-06
NO,186.0,Yes,0,0.0,1.0,147.6,82,47.31,12.81,8.1,2023-01-30
no,105.0,yes ,0,0.0,4.0,211.3,85,67.85,16.34,9.3,2024-08-22
False,36.0,Yes,0,0.0,1.0,145.9,115,47.66,11.49,8.9,2025-12-17
No,182.0,YES,0,0.0,0.0,122.9,112,41.66,11.79,3.6,2023-02-28
0,95.0,yes,0,0.0,,196.7,105,58.59,14.63,5.4,2024-10-28
NO,175.0,no ,1,3.5,1.0,287.1,113,102.17,10.13,13.0,2023-04-20
no,21.0,yess,0,0.0,1.0,242.4,111,,8.9,9.8,2026-04-03
No,130.0,yess,0,0.0,3.0,155.6,106,41.62,8.32,8.8,2024-02-26
no,137.0,yes ,0,0.0,0.0,209.5,109,45.82,6.25,5.7,2024-01-08
No,200.0,yes,0,0.0,3.0,211.5,112,59.03,12.06,9.2,2022-10-23
No,28.0,no,0,0.0,1.0,164.0,139,45.32,10.09,10.8,2026-02-08
0,48.0,yes,0,0.0,0.0,188.0,119,46.0,7.92,13.9,2025-09-26
false,115.0,no,0,0.0,0.0,259.6,125,55.55,7.27,11.8,2024-06-10
NO,180.0,yes,0,0.0,0.0,242.0,82,64.54,11.77,9.6,2023-03-17
No,55.0,yes,0,0.0,2.0,182.5,113,47.45,9.61,10.3,2025-08-06
No,99.0,yes,0,0.0,1.0,174.8,82,44.93,9.23,10.2,2024-09-28
No,46.0,Yes,0,0.0,3.0,136.2,115,45.12,11.65,9.6,2025-10-05
yes,161.0,yes,0,,2.0,289.1,101,72.23,12.78,11.5,2023-07-28
False,199.0,yes,1,2.95,1.0,144.3,97,66.56,7.01,11.0,
False,94.0,yes,1,3.97,1.0,176.7,116,92.88,14.1,14.6,2024-11-04
No,20.0,yes,0,0.0,1.0,167.9,122,48.46,10.89,12.6,2026-04-10
No,91.0,yess,0,0.0,1.0,189.1,96,50.53,8.91,12.2,2024-11-24
Yes,,yess,0,0.0,1.0,227.1,109,65.33,14.89,11.2,2025-07-26
False,18.0,yes,0,0.0,1.0,179.1,123,48.04,9.84,10.2,2026-04-24
No,124.0,yes,0,0.0,2.0,145.6,131,48.79,14.56,9.6,2024-04-08
NO,10.0,yes,1,2.61,4.0,249.3,69,87.2,10.46,9.8,2026-06-17
Yes,187.0,NO,0,0.0,1.0,176.4,110,45.41,8.3,7.6,2023-01-21
No,171.0,yes ,0,,2.0,217.7,94,51.51,6.84,9.9,2023-05-15
NO,69.0,yes,0,0.0,0.0,198.9,146,52.87,10.75,13.2,2025-04-29
No ,109.0,Yes,1,3.42,1.0,169.2,144,84.05,11.79,12.7,2024-07-24
No,85.0,Yes,0,0.0,1.0,110.3,121,41.09,11.78,13.2,2025-01-09
No,191.0,yes,1,2.13,2.0,217.1,92,77.4,11.08,8.1,2022-12-25
No,163.0,yes ,0,0.0,0.0,110.4,100,39.35,11.11,10.9,2023-07-13
False,67.0,yes,0,0.0,2.0,139.0,105,37.23,7.8,12.4,2025-05-10
True,185.0,Yes,0,0.0,1.0,271.9,111,68.9,13.43,8.6,2023-02-06
No,92.0,yes,1,3.67,6.0,170.2,105,85.8,10.85,13.5,2024-11-21
no,149.0,Yes,0,0.0,1.0,127.4,56,52.08,17.74,10.9,2023-10-16
No,132.0,yes,0,0.0,2.0,150.0,51,49.85,12.3,7.0,2024-02-13
no,29.0,no,0,0.0,0.0,158.9,78,35.75,5.07,7.1,2026-02-04
No,206.0,yes,0,0.0,2.0,183.8,100,51.34,10.55,9.3,2022-09-12
No ,13.0,yes ,0,0.0,3.0,148.7,110,37.89,7.38,10.0,2026-05-29
No,91.0,yes,1,3.89,2.0,185.3,104,87.82,9.95,14.5,2024-11-26
false,123.0,Yes,1,2.99,4.0,212.7,121,86.67,11.49,11.1,2024-04-16
False,59.0,Yes,0,0.0,3.0,222.7,130,58.29,11.5,11.1,2025-07-11
0,90.0,YES,0,0.0,3.0,109.3,140,38.09,9.28,9.9,2024-12-03
True,44.0,No,0,0.0,0.0,298.9,77,,13.39,12.3,2025-10-20
SI,205.0,yes,0,0.0,1.0,260.8,123,62.72,10.54,9.0,2022-09-19
true,205.0,yes,0,0.0,2.0,172.1,95,50.55,12.6,8.3,2022-09-17
false,197.0,yes,0,,3.0,129.1,79,45.21,12.26,9.4,2022-11-12
False,127.0,yes,0,0.0,1.0,156.7,105,43.46,9.16,11.8,2024-03-19
0,34.0,yes,1,4.56,0.0,182.5,78,93.41,9.88,16.9,2025-12-27
No,114.0,yess,0,0.0,0.0,127.1,70,26.2,2.44,8.9,2024-06-19
No ,141.0,yes,1,3.11,1.0,172.7,108,82.13,12.27,11.5,2023-12-10
NO,22.0,YES,1,1.79,3.0,212.0,76,,12.55,6.7,2026-03-24
no,22.0,yes ,0,0.0,1.0,170.8,103,50.24,10.18,11.7,2026-03-23
no,34.0,yes ,0,0.0,2.0,218.6,114,56.18,10.46,12.1,2025-12-30
No,185.0,no,0,0.0,0.0,164.7,95,54.14,14.57,11.4,05/02/2023
false,40.0,yess,1,2.81,,125.6,101,66.45,9.75,10.2,2025-11-17
false,97.0,yes ,0,0.0,0.0,55.8,64,30.91,12.24,11.2,2024-10-16
YES,17.0,yes,0,0.0,1.0,276.3,105,69.32,12.24,10.3,2026-04-25
true,121.0,no ,0,0.0,1.0,63.0,110,26.42,9.07,10.4,2024-04-27
no,28.0,Yes,1,3.23,1.0,214.4,115,82.46,8.04,12.1,2026-02-07
False,88.0,yes,0,0.0,0.0,67.8,86,28.98,9.75,10.4,2024-12-19
1,170.0,yess,0,0.0,2.0,274.9,103,63.01,9.52,7.3,2023-05-20
No,80.0,yes,0,0.0,1.0,139.0,94,48.16,13.64,11.1,2025-02-12
YES,166.0,yes,0,0.0,2.0,184.6,60,54.33,13.13,12.2,2023-06-21
0,162.0,no,0,0.0,1.0,146.2,116,,10.96,11.5,2023-07-19
yes,139.0,yes,0,0.0,2.0,313.3,103,71.81,10.96,12.8,2023-12-29
False,189.0,no,0,0.0,1.0,108.0,96,25.63,4.34,9.6,2023-01-13
0,48.0,yes,0,0.0,0.0,115.4,125,26.79,4.17,12.1,2025-09-24
0,203.0,yes,1,1.68,1.0,192.3,114,61.27,6.44,6.4,2022-10-02
No ,73.0,yes,0,0.0,4.0,159.6,108,50.13,11.59,7.8,2025-03-31
No,124.0,yess,0,0.0,0.0,152.6,87,36.29,6.55,11.8,2024-04-06
No,149.0,yes,0,0.0,1.0,209.9,99,53.98,9.92,6.5,2023-10-20
No,100.0,yes,0,0.0,1.0,184.9,101,49.44,9.92,12.6,2024-09-26
false,111.0,yes,0,0.0,4.0,155.3,107,49.9,11.56,7.7,2024-07-08
false,17.0,yes,1,2.93,3.0,270.9,52,93.86,10.13,11.0,2026-04-26
False,150.0,yes,0,0.0,0.0,157.6,136,47.8,12.09,6.4,2023-10-09
No,70.0,yess,0,0.0,2.0,195.1,89,49.94,9.26,5.2,2025-04-25
0,143.0,Yes,0,0.0,0.0,195.0,58,51.34,9.89,15.0,2023-11-29
No,197.0,yess,1,4.11,1.0,191.4,97,93.68,11.78,15.1,2022-11-15
no,8.0,yess,0,0.0,0.0,190.6,103,54.12,12.17,11.9,2026-06-27
Yes,200.0,yes ,0,0.0,1.0,233.0,140,62.67,13.32,8.9,2022-10-24
yes,172.0,YES,0,0.0,3.0,315.5,87,73.38,11.2,12.4,2023-05-07
No,21.0,yess,0,0.0,,85.6,102,38.93,13.83,10.6,"Mar 31, 2026"
No,122.0,Yes,0,0.0,1.0,145.5,92,42.8,10.48,10.8,2024-04-24
no,26.0,YES,1,3.52,4.0,208.5,90,,12.16,13.1,2026-02-27
No,149.0,yes,0,0.0,0.0,162.6,88,51.67,14.08,8.7,2023-10-16
NO,38.0,yes,0,0.0,1.0,210.3,89,50.35,8.61,8.8,2025-12-04
SI,118.0,yes,0,0.0,2.0,229.4,120,66.51,13.78,9.9,2024-05-20
NO,103.0,n0,0,0.0,1.0,153.1,115,34.7,5.15,12.3,2024-09-05
false,102.0,YES,0,0.0,0.0,69.5,113,31.98,11.58,6.6,2024-09-07
NO,127.0,Yes,0,0.0,2.0,107.0,110,39.2,10.04,7.9,2024-03-21
No,30.0,yes ,1,4.17,0.0,199.1,106,92.84,9.42,15.5,2026-01-30
0,69.0,yes ,1,1.16,0.0,93.8,103,40.12,6.83,4.5,2025-04-27
No ,77.0,yes ,0,0.0,0.0,161.8,79,34.97,3.63,6.5,2025-03-02
No ,148.0,YES,0,,2.0,139.4,96,35.15,6.4,15.0,2023-10-26
0,40.0,Yes,0,0.0,1.0,145.7,107,34.77,5.67,13.7,2025-11-19
NO,22.0,yes,0,0.0,2.0,142.8,74,38.02,6.2,13.0,2026-03-27
No ,130.0,yes,0,0.0,3.0,153.8,111,43.46,8.54,10.8,2024-02-24
False,186.0,Yes,0,0.0,0.0,204.1,105,53.73,11.33,12.2,2023-02-02
No,112.0,yes,1,1.74,3.0,125.2,92,50.83,7.07,6.2,2024-07-01
false,94.0,Yes,1,3.01,0.0,61.3,101,49.57,5.18,11.0,2024-11-03
No,,yes,0,0.0,0.0,149.2,108,47.67,13.29,8.8,2025-10-07
No,143.0,yess,0,0.0,0.0,103.4,121,40.21,13.17,7.5,2023-11-25
false,189.0,NO,1,2.24,0.0,127.4,95,69.94,14.53,8.4,2023-01-12
No,8.0,yess,0,0.0,2.0,157.4,108,44.47,8.6,8.6,2026-06-30
SI,159.0,yes,0,0.0,2.0,128.6,100,41.28,11.4,9.2,2023-08-07
0,25.0,yes,0,0.0,1.0,241.1,104,53.84,7.12,6.5,2026-03-05
No,143.0,yes,1,2.73,1.0,159.5,91,68.1,7.94,9.8,
No,34.0,n0,0,0.0,1.0,270.9,80,60.27,8.66,11.8,2026-01-01
0,100.0,yes,0,0.0,3.0,205.9,85,55.57,12.28,7.7,2024-09-21
No,41.0,yes,0,0.0,2.0,158.3,84,,8.88,7.5,2025-11-10
False,203.0,yes,0,0.0,2.0,262.4,55,,9.88,8.4,2022-10-05
No,177.0,yes ,0,0.0,0.0,190.9,109,46.81,5.72,12.2,2023-04-01
NO,96.0,YES,0,0.0,1.0,134.0,113,34.31,6.28,5.9,2024-10-24
False,88.0,yes,1,2.33,3.0,254.4,112,81.6,8.9,8.5,2024-12-16
SI,41.0,NO,0,0.0,1.0,279.7,122,64.73,9.6,7.1,2025-11-10
No,112.0,NO,1,,2.0,234.0,101,71.56,9.05,5.6,
No ,78.0,no,0,0.0,1.0,267.1,120,60.61,9.1,10.5,2025-02-22
0,112.0,yes,1,2.18,1.0,173.4,109,65.19,6.78,8.4,2024-07-04
false,206.0,YES,0,0.0,1.0,126.0,96,34.2,7.14,7.7,2022-09-13
false,7.0,yes ,1,2.94,1.0,143.9,105,61.79,4.24,10.8,2026-07-07
No,105.0,yes,0,0.0,1.0,167.1,95,42.16,6.93,13.0,2024-08-21
true,11.0,Yes,0,0.0,4.0,155.2,84,41.95,9.0,6.0,2026-06-09
No ,97.0,yes,0,0.0,2.0,241.0,105,64.17,11.52,7.8,2024-10-15
False,17.0,yes,1,1.82,1.0,110.9,84,58.05,12.02,6.9,2026-04-28
No,140.0,yes ,1,2.19,1.0,216.3,110,75.67,10.18,8.1,2023-12-21
NO,105.0,yess,0,0.0,1.0,171.3,85,37.96,3.03,7.3,2024-08-19
NO,121.0,yes ,0,0.0,3.0,148.9,109,38.1,7.29,9.9,2024-04-29
false,0.0,YES,1,4.11,1.0,269.7,99,107.54,12.28,15.3,2026-08-23
Yes,57.0,no,0,0.0,1.0,348.2,55,81.77,12.42,13.1,2025-07-20
True,68.0,n0,0,,4.0,147.0,103,50.31,14.69,10.9,2025-05-07
no,113.0,yess,0,0.0,5.0,198.1,105,54.16,9.68,16.5,
no,114.0,yess,0,0.0,1.0,230.0,109,57.02,9.49,9.2,2024-06-21
no,145.0,Yes,0,0.0,1.0,153.3,97,44.8,10.45,5.0,2023-11-14
No,58.0,yes,0,0.0,3.0,190.4,93,49.92,10.14,11.6,2025-07-14
0,199.0,yes,0,,0.0,202.7,84,48.72,8.45,6.1,2022-10-30
No ,92.0,YES,1,3.59,0.0,98.5,86,75.21,13.11,13.5,2024-11-16
No,0.0,yes ,0,0.0,0.0,152.2,120,43.77,10.09,14.4,2026-08-26
0,52.0,yes,0,0.0,3.0,125.8,101,38.93,8.3,9.3,2025-08-27
yes,84.0,yes ,0,0.0,2.0,273.5,85,65.44,10.61,13.1,2025-01-13
no,52.0,Yes,0,,0.0,225.4,88,,7.02,6.5,2025-08-26
No,180.0,yes ,0,0.0,2.0,192.4,120,49.49,8.77,7.1,2023-03-14
Yes,166.0,no ,0,0.0,0.0,235.3,107,57.01,7.85,7.2,2023-06-21
No,82.0,YES,0,0.0,1.0,188.4,126,52.51,9.73,5.1,2025-01-28
False,16.0,yes,0,0.0,3.0,223.7,108,54.18,6.52,14.6,2026-05-07
no,23.0,yes,0,0.0,0.0,255.0,104,54.05,5.91,14.1,2026-03-15
Si,178.0,yes,0,0.0,4.0,142.5,104,38.16,8.01,4.0,2023-03-30
No,27.0,yes,0,0.0,2.0,166.1,118,48.78,10.59,8.4,2026-02-17
NO,63.0,yes,0,0.0,1.0,133.8,109,41.71,10.27,11.6,2025-06-08
YES,33.0,yes,0,0.0,1.0,287.4,43,,8.45,8.7,2026-01-03
NO,55.0,yess,1,2.69,3.0,186.4,84,77.8,11.05,10.2,2025-08-02
Si,1.0,no,0,0.0,1.0,243.9,120,63.9,11.58,9.9,2026-08-17
No,142.0,yess,0,0.0,2.0,170.9,101,37.98,4.94,7.7,2023-12-02
False,188.0,YES,0,0.0,0.0,135.8,106,43.2,11.4,9.7,2023-01-16
false,175.0,YES,0,0.0,0.0,208.6,88,46.57,6.66,14.2,2023-04-17
No,20.0,yes,0,0.0,3.0,139.3,108,44.48,11.8,14.1,2026-04-08
No,9.0,yes,0,0.0,1.0,155.1,103,34.7,4.41,7.3,2026-06-25
0,175.0,YES,1,2.38,3.0,271.1,104,90.83,12.72,8.7,2023-04-15
false,12.0,yes,0,0.0,0.0,209.0,119,55.52,11.36,11.1,2026-05-31
false,73.0,Yes,0,0.0,2.0,214.6,99,52.26,9.36,13.2,2025-04-04
No,72.0,yes,0,0.0,0.0,153.2,116,41.92,8.66,8.0,2025-04-11
0,103.0,yes,0,0.0,4.0,225.8,87,57.95,11.02,13.1,2024-09-04
0,7.0,yes,0,0.0,0.0,143.3,96,42.9,8.76,6.5,2026-07-04
No,157.0,yes,0,0.0,0.0,177.4,115,56.84,14.71,9.9,2023-08-22
No,178.0,Yes,0,0.0,,141.9,91,43.2,10.53,11.7,2023-03-30
0,152.0,yes,0,0.0,3.0,137.0,126,34.23,6.03,12.5,2023-09-28
No,186.0,YES,0,0.0,0.0,125.3,66,43.77,12.91,13.4,2023-01-29
false,69.0,yes,1,3.57,5.0,238.8,104,94.78,10.51,13.3,2025-04-30
No,11.0,Yes,1,3.47,2.0,199.0,93,87.16,12.21,12.9,2026-06-10
0,67.0,yes,0,0.0,1.0,171.9,123,40.53,6.54,11.6,2025-05-11
No,2.0,Yes,1,2.57,3.0,160.3,101,67.37,8.37,9.5,2026-08-12
NO,128.0,yes ,0,0.0,0.0,231.9,146,58.06,9.38,9.2,2024-03-10
no,170.0,yes,1,2.62,2.0,213.4,72,85.01,12.94,9.8,2023-05-25
No,91.0,yes,0,0.0,0.0,127.9,83,33.86,6.61,11.5,2024-11-28
yes,123.0,yes,0,0.0,1.0,266.7,103,60.47,9.08,17.2,2024-04-17
0,90.0,n0,1,,3.0,252.3,126,83.12,8.98,8.7,2024-12-06
No,91.0,yess,0,0.0,1.0,121.8,92,38.7,8.93,12.1,2024-11-24
No ,64.0,yes,0,0.0,0.0,156.8,92,49.1,13.19,12.4,2025-06-04
false,148.0,Yes,1,1.86,1.0,169.8,118,66.42,10.12,6.6,2023-10-27
false,151.0,yes ,1,2.17,1.0,210.2,115,73.05,9.29,8.2,2023-10-03
NO,33.0,yes ,1,2.91,1.0,212.7,139,81.73,10.02,10.8,2026-01-05
False,112.0,Yes,1,2.92,1.0,94.3,105,68.0,12.6,10.9,2024-07-03
NO,108.0,Yes,0,0.0,1.0,138.6,106,48.18,13.26,10.1,2024-07-27
No,199.0,Yes,1,2.95,2.0,213.0,61,86.93,12.55,10.8,2022-10-31
NO,63.0,YES,1,2.72,4.0,251.6,69,88.82,10.41,9.8,2025-06-11
No,141.0,yes ,0,0.0,3.0,253.8,85,61.0,10.75,11.2,2023-12-14
No,29.0,yes,0,0.0,1.0,160.2,83,40.65,7.81,8.3,2026-01-31
0,42.0,yes,1,3.04,1.0,193.0,109,79.49,9.61,11.3,2025-11-07
No,94.0,yes,0,0.0,0.0,181.7,120,40.93,6.06,10.8,2024-11-05
si,93.0,Yes,0,0.0,4.0,173.7,57,44.71,9.12,7.8,2024-11-09
False,93.0,yes,0,0.0,,207.9,92,50.59,8.82,12.4,2024-11-09
No,168.0,yes ,1,2.09,1.0,206.7,92,75.51,12.1,7.9,2023-06-05
No ,44.0,yes ,1,3.95,1.0,175.6,88,83.15,8.28,14.6,2025-10-22
NO,52.0,yes,0,0.0,2.0,238.0,96,55.14,8.16,10.7,2025-08-29
false,75.0,Yes,1,,1.0,208.0,94,93.15,11.73,13.4,2025-03-17
No,42.0,yess,0,0.0,1.0,140.5,81,47.72,11.25,13.5,2025-11-06
false,29.0,yes,1,2.28,3.0,254.3,112,81.21,9.07,8.4,2026-02-04
true,145.0,yess,0,0.0,4.0,322.8,105,79.14,13.4,11.5,2023-11-13
No,175.0,YES,1,2.71,1.0,221.5,101,84.62,11.16,10.0,2023-04-17
False,48.0,YES,0,0.0,1.0,93.7,103,38.02,12.19,9.6,2025-09-20
False,181.0,yes,0,0.0,0.0,58.9,108,30.67,11.05,5.1,2023-03-10
No,61.0,Yes,1,3.64,1.0,155.8,133,68.74,3.63,13.3,2025-06-26
false,92.0,yes,0,0.0,0.0,204.4,63,55.02,10.36,9.8,2024-11-20
false,153.0,yes,1,3.79,2.0,242.4,126,102.14,13.62,14.2,2023-09-20
No,203.0,yes,0,0.0,2.0,176.4,88,53.85,13.66,13.9,2022-10-07
False,68.0,YES,1,2.81,0.0,199.7,68,82.08,11.11,10.5,2025-05-09
false,150.0,yes ,0,0.0,2.0,122.0,130,38.77,10.68,16.2,2023-10-07
NO,193.0,Yes,1,3.36,3.0,112.6,101,69.79,9.52,12.6,2022-12-11
False,195.0,yes,1,4.41,1.0,219.4,78,100.2,11.11,16.1,2022-12-02
No,6.0,yes,0,0.0,1.0,229.8,116,56.9,10.24,14.4,2026-07-11
0,107.0,yes,1,2.35,1.0,150.9,91,62.5,8.1,8.6,2024-08-05
No,88.0,yes,0,0.0,0.0,130.6,125,32.78,5.9,10.8,2024-12-16
No ,100.0,yes,0,0.0,1.0,152.0,98,41.41,9.6,11.2,2024-09-21
Yes,135.0,yes ,0,0.0,1.0,260.2,140,63.16,10.76,7.8,2024-01-24
False,113.0,yes ,1,0.1,1.0,148.1,94,39.42,7.48,0.0,2024-06-28
True,83.0,yess,1,3.97,4.0,167.4,91,84.84,10.15,14.5,2025-01-21
0,23.0,yes,0,0.0,2.0,169.7,97,48.48,8.9,13.0,2026-03-18
No,151.0,yes ,1,2.8,3.0,253.3,124,82.51,7.0,10.2,2023-09-30
0,207.0,yess,1,1.79,5.0,182.0,93,72.9,13.44,6.7,2022-09-05
0,159.0,no,0,0.0,2.0,160.9,123,43.46,8.76,9.9,2023-08-05
NO,192.0,yes,0,0.0,1.0,227.5,111,59.93,12.44,6.9,2022-12-19
No ,154.0,yes,0,0.0,0.0,234.5,96,,10.98,9.5,2023-09-12
si,125.0,yes,0,0.0,1.0,116.5,74,33.3,8.37,6.9,2024-03-30
0,46.0,Yes,1,3.23,1.0,282.0,69,93.3,7.71,12.1,2025-10-09
No,202.0,yes,0,0.0,3.0,128.2,79,46.51,12.26,9.5,2022-10-11
False,157.0,yes,1,2.93,3.0,164.1,122,70.24,6.68,11.1,2023-08-19
si,154.0,yes,0,0.0,1.0,229.1,130,64.75,15.03,5.5,2023-09-09
No,108.0,yes,1,1.14,,146.2,72,57.51,12.32,4.1,2024-08-01
No ,56.0,yes,0,0.0,4.0,220.1,99,61.93,14.33,12.7,2025-07-31
No,70.0,YES,1,2.08,1.0,216.1,123,86.35,16.5,7.9,2025-04-24
false,53.0,yes,1,1.94,1.0,192.6,101,83.25,18.19,7.1,2025-08-19
No,52.0,yes ,0,0.0,0.0,105.8,69,36.52,10.64,7.8,2025-08-23
no,138.0,YES,0,0.0,3.0,178.7,72,51.5,12.55,8.6,2024-01-04
False,139.0,yess,0,0.0,3.0,147.0,93,35.26,5.76,11.3,2023-12-23
true,83.0,yess,0,0.0,5.0,137.1,114,35.69,7.89,10.3,2025-01-22
0,10.0,yes,1,3.01,0.0,194.6,66,86.53,13.11,11.1,2026-06-13
No,192.0,yess,1,3.7,0.0,200.4,93,84.88,7.75,13.8,2022-12-18
No,34.0,yess,1,3.0,1.0,108.7,86,68.38,11.43,11.0,2026-01-01
0,19.0,Yes,1,1.36,3.0,84.4,97,52.5,14.51,4.9,2026-04-15
Yes,63.0,no,0,0.0,4.0,45.9,103,22.63,9.16,9.5,2025-06-07
0,175.0,yess,0,0.0,0.0,212.5,81,53.23,9.71,11.2,2023-04-19
No ,128.0,yes,1,2.24,1.0,174.3,108,65.21,6.85,8.4,2024-03-13
False,178.0,yes,1,3.22,2.0,117.3,103,66.22,8.45,11.7,2023-03-31
YES,8.0,yes,0,0.0,1.0,235.2,102,65.57,14.0,2.0,2026-06-30
No,196.0,yes,1,2.7,0.0,183.5,112,81.22,13.74,9.9,2022-11-25
True,21.0,no,0,0.0,1.0,127.0,102,39.22,10.33,14.2,2026-03-30
No,32.0,Yes,0,0.0,3.0,199.1,161,47.12,7.86,9.3,2026-01-13
no,21.0,yes,1,3.92,1.0,143.1,144,79.53,8.33,14.5,2026-03-29
NO,23.0,YES,1,3.52,2.0,117.1,95,69.26,7.97,12.9,2026-03-18
False,11.0,YES,0,0.0,1.0,216.2,116,53.15,9.65,7.9,2026-06-06
No,5.0,yes,1,2.83,0.0,136.3,95,65.9,9.2,10.3,2026-07-23
no,98.0,YES,1,4.27,2.0,150.6,90,83.76,8.78,15.6,2024-10-11
No,84.0,yes,0,0.0,2.0,262.7,54,60.65,9.74,8.2,2025-01-11
No,164.0,yess,0,0.0,3.0,260.9,113,61.98,9.99,6.7,2023-07-03
0,57.0,yess,0,0.0,1.0,194.9,102,41.45,4.36,10.2,2025-07-22
0,160.0,yes,0,0.0,1.0,238.7,83,52.76,7.64,11.2,2023-07-31
No,100.0,yes,0,0.0,1.0,198.5,107,58.0,14.53,11.3,2024-09-25
No ,70.0,yes,0,0.0,1.0,161.3,118,48.27,12.55,9.1,2025-04-20
No,166.0,yes ,0,0.0,2.0,170.0,100,50.68,12.16,11.5,2023-06-20
NO,2.0,yes,1,3.45,2.0,183.5,99,71.98,3.88,12.7,2026-08-14
No,159.0,yess,0,0.0,0.0,188.2,76,46.44,7.85,7.2,2023-08-08
False,,YES,0,0.0,0.0,189.5,118,46.36,7.85,14.0,2025-06-04
no,81.0,yes,1,2.04,1.0,201.9,80,65.68,6.45,7.6,2025-02-02
No,119.0,YES,1,2.2,,76.2,101,49.91,8.73,8.2,2024-05-12
no,172.0,Yes,0,0.0,3.0,125.5,102,38.89,8.33,9.5,2023-05-12
1,43.0,yes,0,0.0,0.0,232.1,95,66.25,15.04,12.9,
no,175.0,no,0,0.0,0.0,125.0,93,39.11,10.36,8.3,2023-04-16
true,18.0,no,1,2.23,1.0,267.8,103,90.37,13.25,8.3,2026-04-22
No ,96.0,yes,0,0.0,1.0,163.1,80,45.78,8.32,6.2,"Oct 21, 2024"
No,32.0,yes,1,2.11,1.0,142.8,130,61.37,9.29,7.7,2026-01-15
No,25.0,yess,1,2.13,0.0,19.8,148,36.58,7.08,7.8,2026-02-28
No,163.0,yes,0,0.0,3.0,127.5,101,42.78,12.32,5.1,2023-07-12
No,122.0,YES,1,3.45,2.0,133.5,62,76.62,11.36,12.8,2024-04-25
Si,171.0,yes ,0,0.0,,250.8,76,69.54,13.5,9.4,2023-05-14
No ,44.0,Yes,0,0.0,6.0,152.2,90,50.27,13.49,10.8,2025-10-19
false,174.0,yes ,0,0.0,0.0,161.0,87,52.19,14.17,8.6,2023-04-27
No,105.0,yess,0,0.0,1.0,234.6,122,59.3,11.07,11.8,2024-08-21
No,116.0,yes,0,0.0,2.0,254.0,96,62.35,11.04,12.5,2024-06-03
false,122.0,yes,0,0.0,2.0,184.7,105,48.86,10.26,9.9,2024-04-23
Yes,161.0,no,1,3.17,3.0,164.0,92,83.43,14.0,11.7,2023-07-25
false,24.0,yes ,1,3.38,1.0,198.1,126,89.49,12.26,12.5,2026-03-13
No,39.0,YES,0,0.0,,147.5,51,50.05,12.29,6.9,2025-11-23
No ,44.0,yes ,0,0.0,0.0,205.8,124,53.37,10.04,8.6,2025-10-20
0,155.0,yes,1,3.66,6.0,171.4,106,84.33,10.71,13.6,2023-09-05
NO,172.0,yes,1,1.64,2.0,121.3,104,61.07,13.97,6.0,2023-05-08
True,50.0,yes,0,0.0,2.0,233.8,93,58.2,9.99,11.5,2025-09-08
False,45.0,yes,0,0.0,1.0,221.9,125,,15.26,9.7,2025-10-12
false,54.0,yes,0,0.0,2.0,192.4,115,51.79,10.34,9.2,2025-08-11
yes,125.0,YES,0,0.0,1.0,264.6,69,70.5,15.38,9.5,2024-03-30
false,122.0,yes,0,0.0,1.0,150.8,97,46.67,10.59,11.9,2024-04-20
SI,180.0,YES,0,0.0,2.0,99.4,92,32.23,7.1,10.9,2023-03-15
True,35.0,yes,0,0.0,2.0,267.8,90,63.33,10.44,14.0,2025-12-25
0,47.0,yes ,0,0.0,0.0,8.7,99,15.55,6.72,12.0,2025-09-30
No,197.0,yes,0,0.0,3.0,210.9,97,53.19,9.54,8.3,2022-11-14
false,130.0,No,1,,0.0,186.8,131,72.99,8.37,10.0,2024-02-25
Si,13.0,Yes,0,0.0,2.0,295.0,140,70.37,11.26,12.9,2026-05-29
False,202.0,yes,0,0.0,1.0,103.6,70,40.96,13.77,11.3,2022-10-14
No,23.0,yes ,0,0.0,0.0,225.0,116,54.97,9.68,10.5,2026-03-14
No,56.0,yes,0,0.0,0.0,206.7,124,53.13,9.96,8.6,2025-07-27
false,151.0,YES,0,0.0,0.0,131.0,76,33.75,6.54,12.9,2023-10-01
false,181.0,yes,0,0.0,1.0,152.2,123,41.62,9.39,5.3,2023-03-09
No,60.0,yes ,0,0.0,1.0,224.1,110,54.34,9.38,9.3,2025-06-30
false,76.0,Yes,0,0.0,2.0,152.1,92,43.03,8.92,13.2,2025-03-14
False,187.0,yes,1,2.73,1.0,96.4,83,59.44,8.95,10.3,2023-01-21
No,125.0,yes,0,0.0,1.0,147.8,108,42.75,8.49,5.2,2024-04-05
0,56.0,Yes,1,3.79,0.0,221.3,105,90.41,8.04,14.1,2025-07-30
False,143.0,YES,0,0.0,0.0,174.7,104,47.97,8.47,8.3,2023-11-29
No,92.0,yes,0,0.0,2.0,165.0,91,48.62,11.57,11.8,2024-11-20
false,121.0,Yes,1,3.21,1.0,236.2,94,95.59,13.14,12.2,2024-04-28
0,28.0,Yes,0,0.0,2.0,183.1,104,49.86,10.49,10.2,2026-02-11
1,110.0,yess,0,0.0,1.0,223.1,89,64.49,15.64,15.9,2024-07-19
No ,161.0,yes,0,0.0,0.0,228.1,88,54.94,9.13,12.6,2023-07-23
No,131.0,yes,0,0.0,1.0,166.1,128,46.8,10.53,9.8,2024-02-21
NO,44.0,Yes,0,0.0,0.0,150.6,101,37.59,6.56,9.8,2025-10-22
false,164.0,yes ,0,0.0,1.0,161.5,113,48.98,12.09,11.4,2023-07-03
No,74.0,yes ,0,0.0,,148.0,133,46.11,10.38,13.1,2025-03-25
No,41.0,yess,0,0.0,0.0,183.7,117,47.93,8.04,9.6,2025-11-10
No ,105.0,NO,0,0.0,0.0,263.3,90,59.03,8.0,9.3,2024-08-20
No,49.0,Yes,0,0.0,1.0,114.7,86,35.89,9.21,9.6,2025-09-13
No,72.0,yes,0,0.0,0.0,74.6,90,37.71,15.18,8.7,2025-04-06
False,131.0,Yes,1,3.12,1.0,143.4,99,70.25,8.54,11.7,2024-02-19
0,60.0,yes,0,0.0,3.0,109.6,148,37.93,11.19,15.3,2025-06-29
NO,90.0,yes,0,0.0,0.0,205.8,97,49.91,7.75,12.3,2024-11-30
No ,118.0,yes,0,0.0,3.0,171.8,94,48.46,9.72,16.3,2024-05-20
No,126.0,Yes,0,0.0,1.0,167.7,124,42.41,7.92,6.1,2024-03-28
no,156.0,YES,1,3.15,1.0,177.8,117,77.62,8.78,11.4,2023-08-31
No,161.0,yes,0,0.0,2.0,253.0,122,61.37,10.12,9.7,2023-07-22
No ,75.0,yes,0,0.0,4.0,200.4,85,51.68,9.77,14.3,2025-03-21
False,,yes,0,0.0,3.0,213.3,113,57.52,11.25,8.9,2023-08-15
yes,52.0,no,1,2.41,5.0,125.9,97,60.28,8.42,8.8,2025-08-23
No ,25.0,YES,1,1.89,1.0,208.9,129,72.87,9.91,7.1,2026-03-04
false,198.0,yes,0,0.0,1.0,105.1,94,31.64,7.87,8.2,2022-11-09
No,13.0,yes ,1,2.06,1.0,187.3,74,71.63,11.51,7.6,2026-05-25
Yes,99.0,YES,1,2.5,4.0,92.2,87,60.89,11.62,9.3,2024-10-03
No,19.0,yes,0,0.0,2.0,140.6,94,39.27,7.11,10.0,2026-04-12
0,134.0,yes,0,0.0,0.0,136.9,118,42.67,10.11,13.3,2024-01-31
no,181.0,yes,0,0.0,3.0,241.8,88,61.05,11.62,6.3,2023-03-06
No,133.0,yes,0,0.0,3.0,211.6,92,56.74,10.96,9.7,2024-02-03
0,26.0,yess,0,0.0,3.0,192.9,157,50.83,8.74,11.3,
No ,193.0,yes ,0,0.0,0.0,211.7,69,59.61,12.58,12.4,2022-12-14
No ,179.0,yes,0,0.0,,52.7,108,25.19,8.08,10.1,2023-03-19
no,156.0,YES,0,0.0,0.0,122.8,101,41.68,10.4,6.2,2023-08-30
no,144.0,yes,0,0.0,2.0,145.0,115,50.83,13.05,7.3,2023-11-20
0,166.0,yes,0,0.0,,208.6,83,68.02,16.51,9.4,2023-06-17
No,152.0,Yes,0,0.0,2.0,101.2,118,26.74,5.67,11.3,2023-09-28
False,147.0,yess,0,0.0,1.0,206.3,111,50.73,8.95,11.0,2023-10-31
false,137.0,no ,0,0.0,2.0,218.6,99,58.2,12.13,10.1,2024-01-12
False,106.0,YES,0,0.0,1.0,133.5,87,36.14,7.14,15.6,2024-08-12
NO,69.0,yes,1,3.76,0.0,195.5,97,83.62,8.7,13.5,2025-04-30
0,102.0,yes,1,3.36,1.0,211.4,114,82.47,7.95,12.3,2024-09-08
No ,12.0,yes,0,0.0,1.0,195.7,106,,14.74,7.1,2026-06-04
no,33.0,yess,0,0.0,0.0,124.4,83,36.5,8.89,11.2,2026-01-08
0,117.0,Yes,1,3.31,1.0,273.3,141,93.68,7.69,12.3,2024-05-27
NO,143.0,yes,0,0.0,4.0,199.8,64,45.26,6.8,13.0,2023-11-28
0,21.0,yes ,0,0.0,1.0,181.4,74,47.52,8.85,10.4,2026-04-01
True,166.0,no,0,0.0,0.0,251.8,117,58.95,9.85,11.1,2023-06-21
no,207.0,yes,1,3.02,0.0,220.2,129,91.04,13.46,11.2,2022-09-05
False,170.0,yes,0,0.0,0.0,174.1,103,48.88,8.61,8.5,2023-05-21
NO,58.0,yes,1,2.74,0.0,199.1,68,81.11,10.94,10.5,2025-07-17
NO,197.0,yes,0,0.0,3.0,184.9,100,46.01,8.24,6.4,2022-11-18
No,158.0,yes,0,0.0,1.0,106.8,95,47.51,16.64,6.6,2023-08-15
No,170.0,yes,0,0.0,0.0,235.9,131,50.5,5.67,16.1,2023-05-26
No ,145.0,Yes,0,0.0,1.0,146.2,102,47.95,11.42,11.6,
False,90.0,yes,1,3.37,2.0,142.7,73,76.71,10.53,12.4,2024-12-04
0,166.0,yes ,0,0.0,4.0,177.7,72,47.9,10.67,10.3,2023-06-21
Si,93.0,yes,0,0.0,3.0,254.9,123,62.31,11.27,8.6,2024-11-09
No,75.0,yes ,0,0.0,0.0,103.4,109,,6.32,10.5,2025-03-19
No ,35.0,yes,0,0.0,2.0,219.5,90,,10.74,11.2,2025-12-20
0,53.0,YES,1,4.38,,236.7,87,93.64,5.71,16.0,2025-08-18
True,81.0,Yes,1,2.69,6.0,151.3,114,70.27,9.26,10.0,2025-02-05
No ,,yes ,0,,1.0,170.3,81,45.39,9.37,10.3,2025-08-03
false,156.0,yes,0,0.0,1.0,228.5,102,53.83,8.39,11.8,2023-08-31
0,,yes ,0,0.0,0.0,102.1,121,,12.26,6.4,
No ,85.0,Yes,0,,2.0,150.1,79,47.13,13.13,12.6,2025-01-10
False,28.0,yess,0,0.0,1.0,221.4,122,55.44,8.22,11.2,2026-02-11
0,202.0,yes,0,0.0,1.0,113.0,91,33.34,8.01,6.1,2022-10-12
0,3.0,yes,0,0.0,0.0,171.2,88,45.34,9.32,4.4,2026-08-03
yes,8.0,no,0,0.0,0.0,161.6,87,43.97,9.86,13.9,2026-07-01
NO,98.0,yes,0,0.0,1.0,300.3,82,68.38,8.36,10.6,2024-10-09
SI,202.0,Yes,0,0.0,1.0,212.4,62,51.87,8.81,8.9,2022-10-11
No ,74.0,yes,0,0.0,1.0,178.6,96,46.2,9.25,8.1,2025-03-28
No,18.0,YES,1,2.81,1.0,161.2,104,71.63,9.48,10.4,2026-04-22
No ,88.0,YES,1,2.05,3.0,117.3,66,61.94,12.83,7.6,2024-12-17
No,128.0,no,0,0.0,3.0,116.0,84,40.63,11.47,10.0,2024-03-09
NO,49.0,yess,1,1.96,0.0,170.8,97,62.11,7.76,7.1,2025-09-18
No,56.0,yess,1,2.63,2.0,237.7,87,,10.41,10.1,2025-07-30
No,53.0,Yes,1,3.59,2.0,140.8,106,,15.66,13.4,2025-08-19
No,41.0,yes,0,0.0,0.0,223.1,109,59.44,12.1,10.7,2025-11-10
False,121.0,NO,0,0.0,1.0,237.2,131,59.53,9.67,8.5,2024-04-28
No ,199.0,yess,0,0.0,1.0,153.9,77,46.31,9.8,10.2,2022-10-30
No ,45.0,yes ,0,0.0,1.0,229.8,77,55.98,10.39,11.9,2025-10-15
Yes,52.0,yess,0,0.0,,289.1,111,73.2,12.96,10.2,2025-08-25
false,45.0,Yes,0,0.0,2.0,256.8,135,59.34,9.07,6.1,2025-10-16
No,151.0,No,0,0.0,1.0,275.8,117,69.56,12.02,8.4,2023-10-02
no,194.0,yes,0,0.0,2.0,144.7,127,34.12,5.23,11.1,2022-12-05
False,9.0,yes,1,2.69,2.0,114.9,110,66.78,11.83,9.9,2026-06-20
True,120.0,yes,0,0.0,7.0,141.8,88,40.57,9.54,9.3,2024-05-07
No ,138.0,no,1,3.4,1.0,217.9,80,93.23,12.62,12.7,2024-01-03
No,169.0,yes,0,0.0,0.0,137.7,103,40.99,9.99,7.8,2023-05-28
No ,123.0,yes,0,0.0,1.0,100.7,47,30.57,8.03,12.2,2024-04-13
false,99.0,yes ,0,0.0,2.0,186.4,110,48.83,9.94,10.2,2024-09-30
no,156.0,yes,0,0.0,1.0,204.6,69,52.99,10.01,12.4,2023-08-28
no,69.0,YES,0,0.0,0.0,213.2,94,53.14,9.48,13.5,2025-04-26
NO,88.0,yes ,0,0.0,1.0,138.9,119,41.94,10.1,11.3,2024-12-18
No,197.0,yes,0,0.0,1.0,124.6,96,31.32,4.43,10.2,2022-11-13
NO,78.0,yes,1,2.75,1.0,266.1,110,89.67,9.9,10.0,2025-02-28
no,48.0,yes,1,2.74,2.0,124.0,99,69.06,11.61,10.3,2025-09-22
No,98.0,Yes,1,2.63,1.0,187.3,65,78.0,10.75,10.0,2024-10-08
No,69.0,yes,0,0.0,1.0,152.2,74,43.76,9.71,10.4,2025-04-28
true,148.0,yes ,0,0.0,1.0,265.5,123,66.22,12.18,14.8,2023-10-23
No,70.0,yess,0,0.0,1.0,170.6,76,49.83,12.86,16.2,2025-04-25
No,79.0,Yes,0,0.0,3.0,239.3,115,57.54,9.06,7.9,2025-02-18
false,2.0,yes,1,,1.0,79.5,108,64.06,10.54,11.9,2026-08-11
false,78.0,yes,0,0.0,0.0,201.9,46,46.72,7.1,8.5,2025-02-22
0,49.0,yes,0,0.0,2.0,148.1,92,49.94,14.16,6.7,2025-09-19
No,141.0,yes,0,0.0,1.0,186.5,77,48.21,9.16,6.2,2023-12-09
NO,182.0,yes ,0,0.0,1.0,219.7,114,54.29,9.94,9.9,2023-02-26
True,3.0,yes,0,0.0,2.0,224.9,127,67.57,15.28,12.6,2026-08-03
si,106.0,n0,1,2.29,1.0,269.0,103,90.05,13.22,8.4,2024-08-10
NO,105.0,yes,0,0.0,3.0,191.9,118,40.99,4.29,13.1,2024-08-22
no,134.0,yes ,0,0.0,3.0,202.6,97,49.68,7.73,9.0,2024-01-28
Yes,32.0,yes,0,0.0,3.0,227.8,100,63.38,13.97,12.5,2026-01-15
No,192.0,yes,1,3.1,1.0,206.8,93,80.48,8.26,11.6,2022-12-20
No ,56.0,yes,0,0.0,1.0,118.0,86,36.22,8.82,14.0,2025-08-01
NO,145.0,yes,0,0.0,3.0,89.3,66,30.75,9.06,12.3,2023-11-12
False,187.0,yes,0,0.0,2.0,128.2,103,40.04,10.17,13.0,2023-01-21
no,59.0,yes,1,3.57,1.0,303.4,80,101.5,7.87,13.1,2025-07-06
No,72.0,yes,0,0.0,1.0,146.2,116,38.4,8.47,7.8,2025-04-05
No ,193.0,yes,0,0.0,2.0,169.7,91,49.54,11.42,9.1,2022-12-13
no,0.0,YES,0,0.0,1.0,146.1,102,,11.57,11.5,2026-08-24
false,66.0,yes,1,4.5,0.0,82.2,94,75.17,9.98,16.6,2025-05-23
No,,yess,0,0.0,1.0,132.9,93,45.59,13.64,7.1,2025-10-16
No ,,yes,0,,0.0,224.7,117,54.71,9.56,10.3,
No ,134.0,YES,0,0.0,1.0,276.6,149,63.65,9.38,13.7,2024-01-28
NO,27.0,yes,1,2.69,2.0,151.0,94,77.43,13.7,10.0,2026-02-17
No,39.0,yes ,0,0.0,2.0,181.6,97,60.11,16.46,7.6,11-25-2025
NO,16.0,yes,1,2.56,2.0,209.5,110,81.92,12.7,9.6,2026-05-03
0,69.0,yes,0,0.0,2.0,189.4,98,56.33,12.71,7.2,2025-04-26
No ,,yes,0,0.0,1.0,244.2,81,59.08,8.44,6.5,2024-08-16
NO,5.0,yes,0,0.0,4.0,210.7,98,54.83,8.94,14.6,2026-07-22
False,180.0,yes ,0,0.0,4.0,225.3,89,58.66,11.16,13.1,2023-03-14
false,113.0,yess,1,3.46,3.0,181.7,97,81.5,9.53,12.9,
True,148.0,no,1,3.88,1.0,270.9,110,104.49,10.81,14.4,2023-10-23
Yes,87.0,yes,0,0.0,1.0,272.1,82,67.82,12.56,9.7,2024-12-21
NO,142.0,YES,1,2.16,1.0,212.5,107,65.88,4.88,7.9,2023-12-04
False,50.0,yes,0,0.0,2.0,211.3,84,51.38,9.42,16.3,2025-09-12
false,51.0,Yes,0,0.0,1.0,164.6,86,50.96,12.95,7.2,2025-08-30
No ,135.0,yes,1,3.32,3.0,232.8,97,,9.21,12.2,2024-01-23
No,196.0,yes,0,0.0,1.0,172.7,94,47.43,8.67,11.3,2022-11-19
No,54.0,yes ,0,,2.0,182.4,101,58.55,16.31,11.2,2025-08-14
no,131.0,yess,1,1.18,2.0,52.6,62,37.88,10.13,4.1,2024-02-22
1,184.0,yess,0,0.0,0.0,274.1,82,69.37,9.92,8.9,2023-02-16
Yes,189.0,yes,0,,2.0,85.2,75,36.91,12.61,9.1,2023-01-13
no,73.0,yes,0,,1.0,181.5,128,56.2,15.01,7.8,2025-04-03
No,53.0,yes,0,0.0,0.0,98.8,98,42.55,12.1,10.5,2025-08-22
No,163.0,yes ,1,,0.0,81.2,94,41.41,8.02,5.2,2023-07-14
No ,57.0,yess,0,0.0,3.0,215.9,112,57.35,12.37,15.9,2025-07-24
0,173.0,yes,1,2.47,1.0,200.6,88,81.72,13.26,9.1,2023-05-05
YES,71.0,no,0,0.0,0.0,248.8,109,59.08,10.19,13.1,2025-04-14
yes,21.0,no,0,,0.0,235.1,103,56.54,8.7,14.3,2026-04-03
No,7.0,yes,1,,1.0,218.5,76,66.79,5.64,7.3,2026-07-08
No,5.0,yes,0,0.0,1.0,171.9,54,45.65,9.6,13.2,2026-07-24
No,167.0,yes,0,0.0,2.0,116.3,93,33.5,7.46,9.6,2023-06-11
false,183.0,yes,0,0.0,0.0,126.0,66,43.93,12.88,13.5,2023-02-19
No,114.0,yes,1,4.1,1.0,152.9,116,84.62,9.78,15.4,2024-06-16
No,105.0,yes,0,0.0,1.0,114.6,120,38.31,11.04,6.5,2024-08-21
0,58.0,yes,0,0.0,1.0,111.0,74,28.69,5.61,15.8,2025-07-14
YES,87.0,yess,0,0.0,2.0,291.9,89,76.38,13.59,11.1,2024-12-23
No,202.0,yess,0,0.0,3.0,146.7,63,48.94,13.67,8.9,2022-10-12
Si,71.0,No,1,3.66,3.0,126.9,90,73.03,8.22,13.6,2025-04-16
si,187.0,no,0,0.0,1.0,180.8,72,45.79,8.53,13.8,2023-01-27
0,113.0,yess,0,0.0,3.0,149.8,97,33.5,4.45,11.1,2024-06-26
NO,169.0,yes ,0,0.0,4.0,215.7,92,53.85,9.42,10.5,2023-06-02
No,192.0,yes,0,0.0,3.0,137.8,90,37.56,8.44,13.5,2022-12-21
No,171.0,yess,1,2.83,0.0,106.7,89,59.23,7.03,10.5,2023-05-17
No,0.0,Yes,0,0.0,3.0,148.6,71,44.51,10.67,12.6,2026-08-24
No ,205.0,yes,0,0.0,1.0,168.1,105,54.63,15.08,9.7,2022-09-21
False,25.0,yess,0,0.0,2.0,94.0,96,33.19,9.76,9.6,2026-03-04
0,62.0,yes,0,0.0,1.0,143.7,114,48.4,12.52,13.6,2025-06-17
0,44.0,YES,0,0.0,1.0,116.1,119,30.84,6.3,12.1,2025-10-19
No ,36.0,yes,0,0.0,0.0,160.6,109,51.59,12.68,10.2,2025-12-15
No,2.0,yes ,1,2.4,3.0,227.6,87,84.33,12.32,9.0,2026-08-09
yes,134.0,yes,0,0.0,5.0,158.2,114,46.73,11.62,8.7,2024-02-01
yes,112.0,YES,0,0.0,5.0,192.5,106,44.43,6.4,11.7,2024-07-03
No,55.0,yess,0,0.0,1.0,135.8,111,46.82,13.55,4.4,2025-08-02
si,47.0,YES,0,0.0,1.0,235.0,136,,13.47,13.9,2025-09-28
No,181.0,yes ,0,0.0,1.0,239.1,107,,6.51,11.4,2023-03-07
yes,34.0,yes,0,0.0,0.0,224.2,99,53.02,8.43,4.5,2025-12-30
false,8.0,yes,1,1.18,0.0,225.1,81,63.97,8.44,4.5,2026-06-30
True,70.0,yes,0,,4.0,141.9,120,43.54,11.55,7.7,2025-04-24
false,168.0,yes,0,0.0,0.0,40.1,78,33.2,13.2,10.0,2023-06-08
no,140.0,yess,0,0.0,1.0,35.1,61,22.24,9.03,12.7,2023-12-19
no,158.0,yes ,0,,1.0,133.6,93,46.54,13.66,7.1,2023-08-13
0,199.0,No,0,0.0,1.0,161.3,95,51.46,12.26,7.7,2022-10-31
0,13.0,yess,0,0.0,0.0,256.1,84,59.78,9.17,13.4,2026-05-26
false,128.0,Yes,0,0.0,2.0,177.3,77,48.7,10.62,9.2,2024-03-14
No ,40.0,yes,0,0.0,1.0,155.5,83,45.02,10.81,13.7,2025-11-17
No,130.0,yes,1,,1.0,187.3,112,77.54,8.74,11.0,2024-02-26
No ,86.0,yess,0,0.0,2.0,164.2,116,46.47,9.53,10.2,2025-01-02
no,199.0,YES,0,0.0,1.0,135.8,78,44.7,11.05,15.0,
True,4.0,YES,0,0.0,1.0,153.1,123,37.97,7.08,10.3,2026-07-30
No ,14.0,yess,1,3.16,2.0,250.9,78,86.22,6.95,11.7,2026-05-20
False,62.0,Yes,0,0.0,0.0,113.9,89,36.78,7.79,16.4,2025-06-19
No ,187.0,YES,0,0.0,2.0,187.6,87,54.8,11.34,11.3,2023-01-25
No ,,yess,1,1.95,1.0,261.5,100,77.79,7.91,7.3,2026-07-18
true,92.0,no ,0,0.0,5.0,121.0,112,31.7,6.59,10.4,2024-11-17
no,131.0,yess,0,0.0,3.0,134.7,98,48.56,12.3,14.6,2024-02-23
0,64.0,no,1,3.56,2.0,154.9,114,70.44,5.92,12.9,2025-06-02
No,165.0,yes,0,0.0,3.0,146.0,93,34.97,5.69,11.4,2023-06-30
0,119.0,Yes,0,0.0,1.0,192.0,91,47.59,8.79,13.1,2024-05-15
no,118.0,yes,1,1.58,1.0,153.2,108,64.95,13.28,5.8,2024-05-19
No,176.0,YES,0,0.0,1.0,155.9,111,50.75,14.56,13.9,2023-04-11
No,8.0,YES,0,,3.0,188.8,99,52.77,11.9,10.0,2026-07-03
False,60.0,Yes,1,2.75,1.0,178.8,110,75.68,10.66,9.9,2025-07-04
No ,113.0,yess,1,2.7,2.0,220.4,60,81.15,9.91,9.9,2024-06-24
No,62.0,yes,0,0.0,1.0,196.3,73,51.61,10.71,7.9,2025-06-18
1,176.0,yes,0,0.0,4.0,154.8,132,43.89,9.91,9.5,2023-04-11
No,20.0,yes ,0,0.0,,176.6,121,39.04,5.1,10.6,2026-04-10
No,32.0,yes,0,0.0,0.0,167.2,99,,8.81,10.8,2026-01-14
No,42.0,yes,0,0.0,0.0,196.2,109,52.28,9.01,8.9,2025-11-03
0,80.0,yes,0,0.0,0.0,150.0,113,40.53,6.98,9.9,2025-02-13
Si,111.0,yes ,0,0.0,3.0,224.8,86,62.0,13.64,14.2,2024-07-11
No ,206.0,yess,1,2.02,3.0,220.1,89,88.48,17.34,7.5,2022-09-14
NO,180.0,Yes,0,0.0,1.0,201.6,91,54.11,12.21,8.8,2023-03-12
true,141.0,no,1,1.2,1.0,146.4,127,61.21,14.35,4.3,2023-12-14
NO,137.0,yes,1,3.03,2.0,188.4,105,80.98,10.94,10.9,2024-01-06
Yes,76.0,yess,0,0.0,,320.4,105,73.55,10.22,9.5,2025-03-12
NO,51.0,yes,1,1.65,0.0,97.5,97,51.37,10.29,5.8,2025-09-05
1,51.0,yes,0,0.0,1.0,224.7,88,65.51,15.8,16.2,2025-08-31
No,182.0,yes,1,2.37,2.0,135.0,73,76.78,16.68,8.7,2023-02-26
No ,115.0,yes,0,0.0,0.0,193.7,102,54.62,11.94,11.9,2024-06-08
No ,43.0,yess,0,0.0,3.0,239.1,108,58.5,8.37,14.7,2025-10-29
No,195.0,yes,1,2.83,1.0,212.5,129,91.05,14.51,10.5,2022-11-30
NO,95.0,yes,0,0.0,3.0,193.8,97,50.09,9.68,9.5,2024-10-26
Yes,156.0,YES,0,0.0,1.0,192.7,116,52.1,10.45,8.3,2023-09-01
No ,22.0,yes ,0,0.0,0.0,113.0,99,,11.01,10.8,2026-03-24
No ,180.0,Yes,0,0.0,0.0,182.2,125,51.12,11.71,9.2,2023-03-11
false,199.0,yes,1,1.61,8.0,210.2,116,71.76,11.58,6.0,2022-11-04
No,43.0,yes,0,0.0,1.0,201.6,52,57.95,11.54,12.1,2025-10-30
No,63.0,yess,1,1.28,3.0,232.0,120,65.14,7.66,4.6,2025-06-08
NO,158.0,yess,0,0.0,,229.5,78,57.46,10.34,12.0,2023-08-14
False,67.0,YES,0,0.0,2.0,183.6,106,48.59,10.25,9.8,2025-05-13
No,162.0,yes,1,2.83,1.0,215.1,139,82.89,9.88,10.6,2023-07-16
0,143.0,yes,1,3.86,1.0,308.4,89,108.15,9.99,14.2,2023-11-25
No,172.0,yes,0,,2.0,184.0,109,46.39,7.7,10.2,2023-05-11
no,1.0,yes,0,0.0,0.0,142.1,87,41.41,10.15,9.0,2026-08-17
no,88.0,yes,0,0.0,1.0,241.4,104,53.2,7.37,6.5,2024-12-17
no,6.0,yes ,0,0.0,1.0,159.6,92,45.27,10.73,7.6,2026-07-14
No,61.0,YES,1,0.1,1.0,129.6,115,36.42,8.1,0.0,2025-06-22
True,154.0,yes ,0,0.0,2.0,321.8,106,,10.26,9.4,2023-09-12
False,32.0,yes,0,0.0,,183.8,107,36.56,2.79,8.7,2026-01-11
False,18.0,yes ,0,0.0,0.0,176.0,76,50.34,11.84,8.4,2026-04-19
false,192.0,yes,0,0.0,1.0,208.0,113,57.28,12.72,9.8,2022-12-19
0,93.0,yes,0,0.0,1.0,136.1,112,32.43,6.08,6.0,2024-11-09
YES,37.0,Yes,0,0.0,1.0,284.4,43,63.22,8.37,8.7,2025-12-12
NO,24.0,yes ,0,0.0,0.0,59.8,95,28.07,10.04,10.5,2026-03-11
False,17.0,yes,0,0.0,4.0,166.9,117,51.35,10.95,11.7,2026-04-27
false,192.0,yes,1,1.83,1.0,133.4,114,59.71,11.09,6.8,2022-12-17
false,10.0,yes,1,4.45,0.0,267.9,77,111.71,12.3,16.4,2026-06-16
no,91.0,YES,0,0.0,0.0,159.3,77,52.73,15.16,12.0,2024-11-24
False,115.0,yess,1,,3.0,166.5,54,78.88,12.01,11.2,2024-06-13
0,193.0,Yes,0,0.0,1.0,84.8,120,35.23,12.04,6.9,2022-12-11
No,183.0,yess,1,3.23,1.0,141.8,121,76.29,11.58,12.1,2023-02-19
0,111.0,yess,0,0.0,1.0,156.7,91,40.29,7.8,8.5,2024-07-06
No ,130.0,yes ,0,0.0,1.0,182.2,114,48.76,9.94,18.1,2024-02-26
No,198.0,yes,1,1.45,2.0,198.1,119,57.41,5.39,5.3,2022-11-05
0,199.0,no,0,0.0,0.0,145.2,88,50.99,15.06,9.0,2022-11-02
si,110.0,yes,1,2.51,1.0,182.2,145,75.08,10.95,9.2,2024-07-15
no,51.0,YES,0,0.0,0.0,222.2,85,52.01,8.31,11.2,2025-08-30
NO,44.0,Yes,1,2.21,0.0,161.2,80,64.95,8.83,8.2,2025-10-21
Yes,36.0,Yes,0,0.0,0.0,197.8,98,57.57,13.32,9.3,2025-12-14
No,175.0,YES,1,1.83,0.0,209.0,75,68.58,7.99,6.6,2023-04-20
NO,118.0,yes ,0,0.0,2.0,189.9,98,55.96,12.62,7.2,2024-05-24
0,136.0,yes ,0,0.0,,172.6,64,47.34,9.98,10.5,2024-01-18
No,1.0,yes,0,0.0,0.0,222.4,84,52.31,8.19,11.2,2026-08-19
No,15.0,yess,0,0.0,1.0,153.7,78,46.44,9.83,10.1,2026-05-13
0,87.0,yes,1,3.05,2.0,191.7,42,79.43,8.91,11.5,2024-12-25
NO,33.0,YES,0,0.0,1.0,168.9,124,41.42,6.59,11.6,2026-01-04
No,61.0,yes,1,3.17,1.0,132.4,100,69.51,8.7,11.5,2025-06-26
0,170.0,yess,0,0.0,3.0,185.1,110,48.69,10.13,9.3,2023-05-26
NO,29.0,yes,0,0.0,3.0,193.4,95,54.15,12.48,7.3,2026-02-01
true,130.0,yes,0,0.0,0.0,232.2,94,65.48,15.11,13.0,2024-02-28
0,10.0,YES,0,0.0,3.0,228.6,70,62.23,13.24,10.7,2026-06-15
No,11.0,Yes,0,0.0,3.0,124.7,117,40.76,9.79,6.4,2026-06-08
no,207.0,yes,1,3.59,5.0,236.4,104,94.19,10.56,13.5,2022-09-07
No,57.0,YES,0,0.0,2.0,155.5,141,48.77,12.77,11.9,2025-07-19
No,26.0,YES,1,2.27,1.0,180.3,88,64.33,6.43,8.4,2026-02-26
yes,182.0,yes,0,0.0,0.0,300.4,109,69.45,9.05,11.7,2023-02-26
No,24.0,yess,0,,3.0,148.9,69,,12.18,12.1,2026-03-10
No,118.0,yes,1,3.6,1.0,305.9,81,100.89,7.83,13.1,2024-05-24
No,205.0,yes ,0,0.0,3.0,216.7,93,54.32,8.37,14.4,2022-09-18
NO,85.0,Yes,0,0.0,2.0,114.1,88,39.9,9.84,11.4,2025-01-10
False,95.0,yes,0,0.0,2.0,102.6,118,27.06,5.66,11.4,2024-10-27
no,104.0,yes,0,0.0,3.0,226.8,115,54.45,9.55,11.1,2024-08-26
false,58.0,yes,0,0.0,2.0,172.5,79,,9.84,9.5,2025-07-12
0,145.0,yes,0,0.0,3.0,115.4,130,33.24,6.85,7.2,2023-11-12
NO,147.0,no,0,0.0,0.0,122.5,93,38.91,10.24,8.3,2023-11-02
No,111.0,YES,0,0.0,5.0,284.0,127,65.08,9.04,15.1,2024-07-12
false,87.0,yes,1,2.05,0.0,245.9,95,80.69,10.97,7.5,2024-12-25
No ,60.0,yess,0,0.0,0.0,155.4,72,50.03,12.15,12.6,2025-07-03
No,23.0,yes ,0,0.0,1.0,158.4,123,45.43,10.63,8.7,2026-03-14
No,31.0,yes ,0,,1.0,294.5,127,63.86,6.31,9.6,2026-01-18
0,140.0,Yes,0,0.0,0.0,161.5,88,45.81,10.62,10.9,2023-12-18
false,165.0,yess,1,3.4,2.0,186.9,97,72.21,3.78,12.7,2023-06-30
False,59.0,Yes,0,0.0,1.0,214.6,86,53.55,10.26,5.6,2025-07-08
No,158.0,yes,0,0.0,0.0,142.9,102,48.59,14.33,12.2,2023-08-14
Yes,116.0,YES,0,0.0,2.0,258.2,67,65.94,12.94,13.5,2024-06-03
false,81.0,yes ,1,1.13,1.0,144.0,72,57.28,12.39,4.0,2025-02-05
0,134.0,YES,0,0.0,1.0,176.4,122,47.31,9.83,10.3,2024-01-29
0,9.0,yes,1,3.63,1.0,157.3,133,69.0,3.39,13.5,2026-06-21
No ,96.0,yess,0,0.0,0.0,137.9,115,44.0,12.06,8.6,2024-10-23
false,74.0,No,0,0.0,1.0,152.6,113,34.88,5.22,12.2,2025-03-28
false,53.0,yes,0,0.0,2.0,204.3,128,53.66,11.3,8.4,2025-08-18
si,25.0,yes,0,0.0,1.0,213.6,64,51.49,8.8,9.1,2026-03-02
Si,104.0,no,0,0.0,2.0,115.4,113,42.66,10.56,14.0,2024-08-27
No ,204.0,No,0,0.0,0.0,174.2,85,43.64,7.34,5.6,2022-09-28
No,10.0,Yes,1,2.23,0.0,170.7,87,70.61,11.2,8.2,2026-06-18
no,172.0,yes ,0,0.0,0.0,175.7,143,51.43,12.4,9.6,2023-05-10
false,,YES,0,0.0,1.0,184.8,98,48.12,10.1,6.7,2024-01-20
0,48.0,yes,1,3.02,1.0,184.6,117,72.24,6.27,11.2,2025-09-25
False,36.0,no ,1,2.47,1.0,154.3,123,68.28,10.62,9.2,
0,159.0,yes,0,0.0,1.0,73.3,75,30.9,10.39,9.8,2023-08-10
No,65.0,yes ,0,,1.0,161.4,100,44.7,8.56,5.6,2025-05-26
No ,3.0,yes ,0,0.0,2.0,196.3,80,48.01,8.37,12.7,2026-08-05
0,206.0,yes ,0,0.0,0.0,163.7,73,50.64,12.8,15.6,2022-09-13
No,181.0,YES,0,0.0,1.0,220.5,128,55.91,7.6,12.9,2023-03-05
No,208.0,yes ,0,0.0,2.0,262.8,121,64.42,9.01,10.7,2022-09-02
false,7.0,yes ,0,0.0,6.0,190.5,88,47.17,8.29,15.1,2026-07-05
False,12.0,yes ,0,0.0,,206.1,82,57.51,12.67,9.0,2026-06-04
No,4.0,yes ,0,0.0,1.0,137.8,91,46.69,12.5,10.8,2026-07-26
SI,4.0,Yes,0,0.0,3.0,230.6,75,68.3,16.26,10.9,2026-07-27
No,63.0,yes,0,0.0,1.0,190.7,107,47.18,7.6,7.5,2025-06-11
False,144.0,yes,0,0.0,2.0,238.4,67,53.43,7.68,10.2,2023-11-18
No,78.0,yes,0,0.0,2.0,113.6,79,32.24,7.46,10.9,2025-02-26
No,158.0,yes,0,0.0,1.0,133.4,109,40.5,10.13,11.9,2023-08-12
0,143.0,yes,0,0.0,0.0,115.9,69,43.09,12.53,7.5,2023-11-26
false,24.0,yes,0,,2.0,135.7,106,35.76,7.28,9.7,
No,151.0,yes,0,0.0,3.0,149.0,79,40.22,8.1,11.6,2023-10-05
YES,147.0,no,0,0.0,0.0,149.7,108,47.0,11.71,14.1,2023-11-01
0,183.0,Yes,0,,1.0,150.2,106,42.9,7.78,3.6,2023-02-22
No,33.0,Yes,0,0.0,1.0,222.3,79,50.5,7.33,11.8,2026-01-06
false,6.0,yes,0,0.0,1.0,208.6,150,47.55,7.45,6.1,2026-07-16
NO,99.0,YES,0,0.0,0.0,179.9,78,50.78,11.61,14.8,2024-10-02
SI,37.0,yes,0,0.0,2.0,243.9,116,68.65,15.14,9.3,2025-12-12
false,88.0,yes,0,0.0,3.0,197.4,134,50.47,9.31,9.7,2024-12-17
NO,124.0,YES,0,0.0,1.0,153.6,65,45.8,11.52,10.6,2024-04-09
0,19.0,yess,0,0.0,0.0,174.9,146,43.7,8.14,9.4,2026-04-15
Yes,65.0,yes ,0,0.0,4.0,303.5,135,78.13,12.81,13.4,2025-05-28
No ,13.0,yes,1,2.99,,214.0,120,85.68,11.23,11.0,2026-05-25
0,107.0,yes,1,3.19,0.0,234.9,109,91.46,11.24,12.1,2024-08-03
0,179.0,yess,0,0.0,1.0,146.9,97,41.8,9.68,11.0,2023.03.21
0,25.0,yes,0,0.0,0.0,101.5,92,28.91,6.47,14.2,2026-03-06
NO,47.0,yes,0,0.0,0.0,128.0,121,41.71,11.33,13.3,2025-10-03
False,183.0,Yes,1,2.76,1.0,213.6,108,77.49,8.41,10.0,2023-02-21
1,27.0,yess,0,0.0,1.0,155.6,123,,7.12,10.3,
No,194.0,yes,1,2.25,4.0,224.8,93,78.11,9.57,8.4,2022-12-04
yes,47.0,no,0,0.0,2.0,188.1,121,51.96,11.16,14.1,2025-10-01
No ,43.0,yes,1,3.01,4.0,168.1,83,80.83,13.0,11.2,2025-10-27
No,196.0,yes,0,0.0,2.0,72.3,133,28.4,6.78,12.0,2022-11-24
no,169.0,No,1,2.46,1.0,221.3,77,79.83,9.62,9.2,2023-05-28
NO,28.0,yes,1,1.33,3.0,234.3,120,65.38,7.64,4.7,2026-02-11
No,129.0,yes,0,0.0,1.0,264.5,81,61.25,9.05,8.6,2024-03-03
No,117.0,yes ,0,0.0,3.0,148.3,110,38.04,7.34,9.8,2024-05-29
0,27.0,yess,0,0.0,0.0,132.8,78,34.07,6.52,13.1,2026-02-19
NO,31.0,yes,1,2.98,2.0,176.2,64,75.93,8.7,11.3,2026-01-19
0,203.0,Yes,0,0.0,3.0,156.1,103,45.25,10.46,10.1,2022-10-07
No ,7.0,Yes,0,0.0,0.0,146.6,92,30.42,2.41,14.0,2026-07-07
No ,122.0,YES,1,2.54,1.0,194.5,109,78.61,10.75,9.4,2024-04-20
NO,181.0,yes,0,,2.0,176.2,131,51.29,12.06,9.0,2023-03-07
No,39.0,YES,0,0.0,1.0,137.2,102,46.57,10.55,11.1,2025-11-26
NO,165.0,yes ,0,0.0,1.0,162.1,112,57.09,14.6,7.2,2023-06-29
No ,43.0,NO,1,2.44,2.0,87.2,97,59.18,11.46,9.0,2025-10-29
No,91.0,yes,1,2.37,2.0,181.8,110,75.05,11.44,9.2,2024-11-28
no,27.0,Yes,1,2.7,3.0,184.8,83,78.6,11.06,10.0,2026-02-20
no,194.0,Yes,1,3.41,2.0,92.8,125,,11.05,12.8,2022-12-05
False,151.0,yes,0,0.0,1.0,240.4,83,54.08,7.7,11.3,2023-10-01
No,187.0,yes,0,0.0,1.0,207.9,71,49.36,7.73,12.4,2023-01-26
false,3.0,yess,1,2.73,3.0,223.6,77,80.97,9.19,10.3,2026-08-01
YES,2.0,yes ,0,0.0,3.0,153.2,121,44.69,10.78,12.0,2026-08-10
false,200.0,yess,0,0.0,6.0,153.8,90,49.47,13.49,10.9,2022-10-26
NO,,Yes,0,0.0,3.0,169.9,104,45.02,8.6,9.9,2023-05-15
0,74.0,Yes,0,0.0,3.0,145.7,70,41.36,9.13,12.8,2025-03-25
False,11.0,n0,0,0.0,4.0,161.1,72,52.64,14.61,12.6,2026-06-12
no,85.0,YES,0,0.0,2.0,171.0,115,48.54,9.7,10.2,2025-01-06
NO,86.0,yes,0,0.0,1.0,96.3,103,37.57,12.35,9.6,2024-12-28
No,167.0,yes,0,0.0,1.0,179.7,129,41.69,6.68,8.4,2023-06-12
No ,15.0,yes,0,0.0,1.0,196.4,73,50.72,9.97,5.1,2026-05-14
no,49.0,yes ,1,1.97,2.0,177.9,69,68.09,10.58,7.4,2025-09-16
no,188.0,yes,1,2.83,1.0,161.6,103,71.4,9.47,10.3,2023-01-16
false,175.0,YES,1,3.08,1.0,126.3,77,78.84,14.57,11.4,2023-04-19
No,65.0,yes ,0,0.0,2.0,157.6,71,49.3,11.85,12.1,2025-05-29
0,125.0,yess,0,,3.0,199.7,66,43.96,5.4,11.3,2024-04-01
false,100.0,yess,0,0.0,2.0,149.1,100,47.65,12.83,12.5,2024-09-22
false,186.0,yes ,0,0.0,0.0,83.6,91,32.49,9.56,10.1,2023-02-02
No,162.0,no,0,0.0,3.0,214.1,103,58.71,10.26,12.6,2023-07-16
0,60.0,yes,0,,3.0,55.9,95,33.4,13.3,11.7,2025-06-28
0,6.0,yes,0,0.0,5.0,165.5,120,49.62,10.61,13.1,2026-07-17
false,0.0,yes,0,0.0,2.0,170.9,92,48.87,11.57,8.9,2026-08-25
No,57.0,yes,0,0.0,1.0,149.7,98,42.67,9.7,11.0,2025-07-23
1,7.0,yess,0,0.0,0.0,166.6,67,40.5,7.31,10.4,2026-07-09
No,60.0,yes,0,0.0,7.0,163.2,61,47.22,10.88,8.2,2025-06-30
No ,9.0,yes,0,0.0,0.0,161.8,88,46.54,10.62,10.9,2026-06-23
NO,201.0,Yes,1,2.86,3.0,188.4,98,81.85,12.01,10.4,2022-10-21
false,66.0,yes,0,0.0,0.0,116.7,101,34.26,7.99,11.3,2025-05-20
No,138.0,YES,0,0.0,0.0,134.3,115,38.25,8.14,9.4,2024-01-04
false,112.0,NO,0,0.0,1.0,169.9,113,53.44,13.57,8.7,2024-06-30
Yes,123.0,no,1,5.39,0.0,197.3,89,109.93,12.75,20.1,2024-04-18
NO,20.0,yess,0,0.0,3.0,256.0,96,59.71,8.87,12.0,2026-04-06
false,151.0,no,0,0.0,0.0,223.0,99,,13.28,6.4,2023-09-30
No ,42.0,yes,0,0.0,,169.2,82,44.08,9.38,10.1,2025-11-03
1,32.0,yes,0,0.0,3.0,238.4,88,63.9,12.24,10.8,2026-01-13
No,82.0,yes ,1,4.4,1.0,221.4,78,99.95,11.12,16.2,2025-01-30
No,36.0,NO,1,2.47,2.0,85.4,97,58.98,11.51,8.9,2025-12-14
SI,95.0,no,0,0.0,1.0,135.5,45,39.06,9.43,10.6,2024-10-27
0,176.0,yes,0,0.0,1.0,177.9,123,52.23,12.59,9.7,
1,81.0,yes,0,0.0,1.0,283.3,43,62.92,8.34,8.7,2025-02-01
No,201.0,Yes,1,3.23,3.0,144.1,77,74.72,10.45,12.0,2022-10-17
No,168.0,YES,0,,0.0,228.4,88,50.63,7.01,6.5,2023-06-05
0,58.0,Yes,0,0.0,1.0,115.3,85,29.8,5.61,7.1,2025-07-12
No ,34.0,Yes,0,0.0,3.0,98.3,96,30.32,7.47,10.0,2026-01-01
False,160.0,YES,1,2.24,3.0,85.4,99,64.94,16.21,8.3,2023-08-01
No,,Yes,1,3.0,1.0,157.9,96,,11.06,11.2,2026-02-17
No,51.0,yes,0,0.0,2.0,147.6,92,44.21,8.93,13.1,2025-09-05
SI,50.0,yess,0,0.0,5.0,64.0,89,26.47,8.42,5.6,2025-09-07
0,17.0,yes,0,0.0,3.0,155.1,107,42.08,8.41,8.8,2026-04-28
No,205.0,Yes,1,3.04,3.0,259.0,97,88.24,7.45,11.5,2022-09-22
No,119.0,yes ,0,0.0,7.0,164.0,83,49.21,12.46,9.7,2024-05-16
no,196.0,yes,0,0.0,2.0,210.4,97,58.21,13.9,8.1,2022-11-20
No,136.0,YES,0,0.0,3.0,261.0,113,62.08,10.09,6.6,
false,144.0,Yes,0,0.0,1.0,199.2,52,57.64,11.5,12.0,2023-11-19
false,66.0,No,0,0.0,0.0,216.0,87,55.06,10.33,11.0,2025-05-19
No,0.0,yes,0,0.0,0.0,84.5,115,31.2,9.8,11.0,2026-08-23
No,184.0,yes,1,3.37,0.0,185.6,139,80.67,9.12,12.4,2023-02-16
No,201.0,yes,1,1.3,1.0,38.8,114,31.71,7.1,4.7,2022-10-20
false,14.0,yess,0,0.0,1.0,98.1,99,25.53,5.43,11.5,2026-05-16
No ,37.0,NO,0,0.0,2.0,174.9,122,47.16,8.07,11.5,2025-12-06
NO,68.0,yes,0,0.0,1.0,126.4,97,37.73,9.04,8.1,2025-05-06
No ,195.0,yes,1,0.72,1.0,201.2,95,55.62,8.19,2.3,2022-11-30
No,134.0,yes,1,2.69,1.0,188.3,65,78.27,10.68,10.1,2024-02-02
No ,154.0,Yes,0,0.0,1.0,150.9,103,46.97,12.05,10.7,2023-09-12
0,132.0,yess,0,0.0,0.0,83.7,97,32.8,11.27,14.0,2024-02-12
NO,82.0,yess,0,0.0,4.0,161.1,116,44.07,9.62,12.1,2025-01-25
No,85.0,yes,1,1.8,0.0,206.7,76,68.19,7.89,6.5,2025-01-09
yes,40.0,yes,0,0.0,0.0,240.0,82,64.33,13.41,10.1,2025-11-20
No,-7.0,yes,1,2.06,1.0,182.1,76,71.2,11.56,7.6,2026-10-15
No,116.0,Yes,1,3.43,0.0,102.2,78,0.0,11.13,12.8,2024-06-02
NO,10.0,yes ,0,0.0,0.0,79.6,86,35.81,12.23,10.2,2026-06-13
No,183.0,Yes,0,0.0,1.0,153.9,78,46.25,9.75,10.2,2023-02-24
no,63.0,Yes,1,2.62,3.0,158.5,100,68.46,8.56,9.6,2025-06-08
Si,115.0,YES,0,0.0,6.0,128.9,115,41.86,10.89,6.4,2024-06-14
NO,64.0,YES,0,0.0,1.0,153.2,78,46.18,9.82,10.1,2025-06-03
False,159.0,yess,0,0.0,1.0,149.1,115,48.97,13.75,12.5,2023-08-11
No,162.0,YES,1,2.9,2.0,195.5,85,,4.49,10.5,2023-07-17
No ,134.0,yes,0,0.0,1.0,190.1,91,44.64,6.41,7.5,2024-02-02
No,71.0,Yes,1,2.56,1.0,208.8,65,75.12,7.61,9.7,2025-04-13
false,187.0,yes,0,0.0,1.0,157.4,84,43.73,8.17,11.7,2023-01-25
No,53.0,yess,1,3.55,3.0,145.3,146,,11.07,13.1,2025-08-21
No ,74.0,yes,1,,2.0,131.6,63,77.06,11.39,12.8,2025-03-24
0,154.0,yes,0,0.0,1.0,137.4,122,39.2,8.65,9.9,2023-09-09
SI,17.0,no,0,0.0,2.0,276.9,88,69.22,12.46,8.5,2026-04-25
No,119.0,yes,1,1.35,1.0,37.6,114,32.18,7.27,5.1,2024-05-17
No,156.0,yes ,0,0.0,1.0,140.3,96,39.88,9.35,8.5,2023-08-27
0,82.0,YES,1,2.26,0.0,276.5,120,88.03,10.2,8.4,2025-01-29
0,83.0,yes,0,0.0,1.0,247.1,101,59.12,10.07,9.4,2025-01-20
No ,8.0,yes ,0,0.0,2.0,155.3,80,54.65,14.32,6.4,2026-06-28
No,,no,0,0.0,,217.8,104,49.51,8.12,5.1,2022-09-03
No,81.0,yess,0,0.0,3.0,254.8,111,60.98,9.87,6.9,2025-02-06
no,131.0,yes,0,0.0,3.0,182.9,81,46.13,8.65,13.7,2024-02-23
NO,196.0,yes,0,0.0,1.0,155.2,111,52.95,13.23,10.9,2022-11-19
false,6.0,yes,0,0.0,1.0,188.2,127,53.17,9.91,4.9,2026-07-16
no,,yes,1,,0.0,78.4,95,42.49,8.21,5.0,
No,28.0,yes,0,0.0,2.0,272.7,70,67.95,11.61,10.7,2026-02-13
NO,110.0,yes,0,0.0,0.0,262.1,112,57.47,7.44,13.8,2024-07-14
No,74.0,yess,0,0.0,2.0,234.9,129,58.61,8.78,7.2,2025-03-23
NO,168.0,yes,0,0.0,2.0,220.3,96,50.17,7.06,10.9,2023-06-07
No,64.0,yes,0,0.0,1.0,241.3,70,64.92,12.66,10.9,2025-06-04
False,30.0,YES,0,0.0,1.0,153.3,117,45.36,11.13,3.9,
false,172.0,yes,1,2.25,2.0,134.2,85,65.72,11.45,8.4,2023-05-06
Yes,93.0,yes,0,0.0,0.0,165.9,106,55.46,13.68,8.7,2024-11-09
NO,155.0,yess,0,0.0,2.0,212.0,99,51.37,9.18,13.3,2023-09-07
false,86.0,YES,0,0.0,1.0,216.0,116,,9.47,8.0,2025-01-01
No,69.0,yes ,0,0.0,2.0,195.1,96,49.21,9.31,12.7,2025-04-27
No,142.0,yes ,1,4.12,2.0,116.5,98,74.47,8.23,15.2,2023-12-03
0,142.0,YES,0,0.0,0.0,218.6,109,58.26,12.15,12.0,2023-12-07
False,9.0,yes,0,0.0,1.0,138.1,79,46.01,11.06,15.0,2026-06-25
Yes,155.0,yes,0,0.0,4.0,173.3,123,41.9,7.08,9.1,2023-09-03
0,66.0,yes,1,1.69,4.0,267.0,79,80.19,10.33,6.4,2025-05-17
0,206.0,yes,0,0.0,1.0,193.8,101,44.61,7.38,10.7,2022-09-14
No,121.0,yes,1,3.21,3.0,141.7,77,75.82,10.42,11.8,2024-04-30
NO,126.0,yes,1,1.93,3.0,88.4,103,44.2,5.51,7.0,2024-03-27
1,131.0,No,0,0.0,0.0,47.0,88,31.16,13.2,13.2,2024-02-20
Yes,61.0,Yes,0,0.0,4.0,156.1,109,37.87,6.68,7.0,2025-06-25
false,73.0,yes,0,0.0,2.0,179.2,100,51.37,10.59,9.3,2025-03-31
False,32.0,yes,0,,2.0,235.0,130,58.58,8.9,7.4,2026-01-10
false,131.0,YES,0,0.0,2.0,188.5,104,44.81,7.66,10.3,2024-02-23
0,145.0,yes,0,0.0,2.0,119.1,113,36.1,9.4,12.8,2023-11-11
No,50.0,no,1,2.18,3.0,219.3,118,78.06,10.34,8.0,2025-09-08
No,159.0,yes,0,0.0,0.0,143.2,90,42.42,9.02,12.3,2023-08-06
No,62.0,yes,0,0.0,0.0,102.1,112,37.42,11.47,9.4,2025-06-16
No,197.0,yess,1,3.09,1.0,199.1,108,88.24,14.09,11.1,2022-11-14
No,174.0,YES,1,3.48,2.0,99.0,112,65.97,9.01,12.9,2023-04-28
False,33.0,Yes,0,0.0,3.0,187.2,94,,10.67,11.3,2026-01-06
False,153.0,no,0,0.0,1.0,151.4,78,46.77,10.54,7.7,2023-09-21
No,3.0,no ,0,0.0,1.0,179.7,119,47.46,10.02,12.4,2026-08-05
0,93.0,yes,0,0.0,1.0,245.9,82,56.39,8.0,7.6,2024-11-12
1,77.0,yes,0,0.0,5.0,182.5,104,43.18,6.61,10.1,2025-03-07
Yes,165.0,NO,0,0.0,4.0,187.9,114,48.51,10.0,13.9,2023-06-24
No,9.0,Yes,1,3.41,1.0,199.0,126,,12.4,12.4,2026-06-23
No,5.0,yess,0,0.0,1.0,190.6,122,58.18,15.05,8.1,2026-07-22
YES,139.0,NO,0,0.0,4.0,125.5,105,32.53,6.42,6.4,2023-12-23
0,108.0,yes,0,0.0,,179.7,142,51.52,12.39,9.6,2024-07-30
No ,187.0,YES,1,1.8,1.0,25.0,118,39.55,10.34,6.6,2023-01-26
No,157.0,yes,0,0.0,3.0,59.5,78,33.02,13.11,8.7,2023-08-22
YES,13.0,yes,1,1.67,2.0,248.3,105,78.75,11.4,6.1,2026-05-28
NO,115.0,yes,0,0.0,1.0,131.7,108,38.52,8.8,4.4,2024-06-13
NO,134.0,No,0,0.0,0.0,223.0,100,63.07,13.27,6.4,2024-01-28
NO,118.0,YES,1,2.6,2.0,111.6,111,66.99,11.95,9.8,2024-05-21
No,152.0,yes,0,0.0,,133.6,60,36.91,8.03,10.4,2023-09-24
Si,198.0,yes,0,0.0,1.0,231.4,141,63.58,13.46,8.8,2022-11-08
NO,1.0,yes,1,4.04,0.0,216.2,78,92.08,8.12,15.1,2026-08-21
False,142.0,yes,0,0.0,3.0,186.7,93,50.26,10.41,8.7,2023-12-06
False,184.0,YES,0,,6.0,176.2,83,51.59,12.72,5.9,2023-02-14
No ,44.0,yes,1,2.35,1.0,178.1,91,73.55,11.6,9.1,2025-10-20
NO,93.0,yess,0,0.0,1.0,145.3,54,39.77,8.59,5.9,2024-11-11
No,84.0,YES,0,0.0,1.0,215.5,111,48.96,7.71,12.7,2025-01-17
No,32.0,yes ,0,0.0,1.0,140.2,102,41.39,8.31,8.4,2026-01-12
0,96.0,yes,1,2.54,1.0,143.6,124,65.47,9.29,9.7,2024-10-24
false,130.0,No,0,0.0,3.0,111.1,54,37.77,11.24,10.0,2024-02-28
no,117.0,yes ,0,0.0,0.0,205.3,65,55.52,12.03,11.7,2024-05-30
No,21.0,yess,0,0.0,4.0,210.8,98,55.47,8.77,14.6,2026-04-02
No,118.0,yess,0,0.0,2.0,141.7,130,49.13,14.36,9.8,2024-05-18
0,92.0,yess,0,0.0,2.0,185.6,111,48.27,9.59,11.3,2024-11-16
no,151.0,yes ,0,0.0,1.0,102.2,144,39.08,12.52,7.2,2023-10-02
0,79.0,yes,0,0.0,3.0,136.6,98,48.28,12.38,14.8,2025-02-18
No,90.0,yess,0,0.0,4.0,175.8,115,44.16,7.88,9.3,2024-12-02
No,154.0,yess,0,0.0,2.0,164.6,116,46.57,9.72,10.0,2023-09-10
no,155.0,yes ,0,0.0,1.0,138.9,96,39.43,9.46,8.8,2023-09-06
No,136.0,YES,1,2.83,3.0,271.8,52,93.12,10.14,11.0,2024-01-18
No,49.0,yes,1,,1.0,159.7,108,68.48,10.25,8.9,2025-09-19
False,117.0,yess,1,2.35,3.0,173.7,87,62.8,5.55,8.6,2024-05-29
No,59.0,yes ,0,0.0,2.0,216.9,84,53.22,9.19,4.9,2025-07-08
0,49.0,YES,0,0.0,2.0,197.8,80,50.36,9.32,16.7,2025-09-16
No ,157.0,YES,0,0.0,2.0,72.0,120,4999.99,13.51,11.9,2023-08-25
No,21.0,YES,0,0.0,2.0,189.9,73,52.59,10.74,10.1,2026-03-29
true,38.0,yess,0,0.0,4.0,153.3,109,36.82,6.69,7.0,2025-11-29
No ,4.0,yes ,0,0.0,2.0,200.0,90,57.97,13.36,9.2,2026-07-30
0,24.0,yes,0,0.0,2.0,180.0,95,49.06,10.33,14.7,2026-03-08
0,156.0,yes,0,0.0,1.0,187.7,126,52.69,9.71,5.2,2023-08-28
no,86.0,yes,0,0.0,1.0,120.8,87,42.94,12.56,10.7,2024-12-28
yes,82.0,YES,0,0.0,2.0,269.8,120,71.99,15.17,5.9,2025-01-27
0,38.0,yes,0,0.0,3.0,184.7,85,52.98,11.94,9.0,2025-11-29
No,127.0,yes,1,1.06,0.0,196.1,117,65.4,12.53,4.0,2024-03-20
NO,95.0,yes,0,0.0,1.0,146.9,77,41.89,8.16,10.5,2024-10-29
No ,49.0,YES,1,2.28,3.0,193.0,83,79.41,13.38,8.3,2025-09-15
No ,163.0,no,1,3.34,2.0,138.6,61,75.25,9.96,12.2,2023-07-08
False,149.0,yes ,0,0.0,2.0,253.6,81,60.78,9.76,8.4,2023-10-16
No,44.0,Yes,0,0.0,1.0,159.3,104,48.23,9.77,13.9,2025-10-21
No,160.0,yes,0,0.0,1.0,226.7,93,51.42,6.78,8.9,2023-07-31
NO,13.0,yes,0,0.0,0.0,109.2,107,42.72,12.21,7.0,
No ,76.0,yes,0,0.0,1.0,207.1,108,49.62,8.43,2.5,2025-03-10
0,202.0,yes,0,0.0,0.0,187.9,100,44.81,5.88,17.2,2022-10-11
false,70.0,yes,0,0.0,2.0,93.6,92,29.99,8.13,6.6,2025-04-24
No,,yes,0,0.0,1.0,163.8,81,45.52,8.31,6.2,
No,101.0,YES,0,0.0,0.0,151.8,92,29.33,2.45,14.0,2024-09-16
SI,198.0,YES,1,2.24,4.0,109.7,107,62.55,12.55,8.4,2022-11-10
false,102.0,yes,0,0.0,2.0,187.3,109,45.46,7.72,10.3,2024-09-10
Yes,34.0,no,0,0.0,3.0,121.7,83,33.81,5.94,13.8,2026-01-02
0,14.0,yes,0,0.0,2.0,181.1,113,54.32,11.99,5.5,2026-05-17
no,176.0,yes ,0,0.0,2.0,108.0,134,31.62,7.1,10.9,2023-04-08
NO,35.0,yes,0,0.0,0.0,209.7,93,51.62,9.72,13.1,2025-12-20
False,183.0,yes,0,0.0,0.0,190.4,102,43.97,5.92,9.1,2023-02-24
No ,156.0,yes,1,1.27,3.0,82.6,97,52.05,14.46,4.7,2023-08-26
True,116.0,yes,0,0.0,0.0,226.9,105,54.96,9.1,11.7,2024-06-07
No ,141.0,yes ,0,0.0,,55.0,92,25.15,8.62,7.4,2023-12-09
No,28.0,Yes,1,1.43,5.0,177.0,97,63.31,10.9,5.2,2026-02-10
No ,145.0,yess,0,0.0,1.0,198.3,73,50.14,10.13,5.1,2023-11-11
False,188.0,YES,0,0.0,1.0,169.2,107,47.65,10.42,11.4,2023-01-18
no,138.0,yes,1,2.54,1.0,103.8,63,63.1,10.93,9.6,2024-01-01
0,21.0,Yes,0,0.0,3.0,106.8,111,24.89,4.15,15.8,2026-04-01
NO,122.0,yes,0,0.0,2.0,122.8,130,38.5,10.78,15.9,2024-04-24
Yes,15.0,yes,0,0.0,6.0,133.3,115,40.82,10.77,6.3,2026-05-14
no,54.0,Yes,0,0.0,1.0,184.8,126,50.43,10.47,15.1,2025-08-10
No,108.0,yes,0,0.0,2.0,122.8,107,48.34,15.88,7.3,2024-07-29
0,21.0,yes,0,,3.0,191.2,115,51.78,9.09,10.0,2026-04-02
No,162.0,yes,0,0.0,2.0,144.3,80,35.96,6.61,15.4,2023-07-17
1,117.0,YES,0,0.0,2.0,327.5,67,73.5,9.03,10.7,2024-05-26
false,36.0,yess,0,0.0,2.0,141.9,92,39.52,9.31,9.4,2025-12-16
No,189.0,yes,1,3.15,1.0,257.3,119,97.46,12.81,11.7,2023-01-10
False,122.0,yes,0,,1.0,183.7,90,45.48,7.53,7.7,2024-04-22
No,62.0,yes,0,0.0,3.0,253.0,119,50.88,4.54,13.8,2025-06-17
No ,179.0,yes ,0,0.0,1.0,242.3,146,54.35,8.19,10.6,2023-03-19
0,121.0,YES,1,2.39,0.0,274.3,89,93.09,12.69,8.7,2024-04-29
false,123.0,yess,0,0.0,1.0,148.9,104,45.73,12.17,6.9,2024-04-16
NO,112.0,yes,1,2.06,2.0,174.3,137,65.47,7.99,7.7,
No,17.0,yes,0,0.0,0.0,107.6,150,35.19,9.49,12.7,2026-05-01
false,63.0,yes ,0,0.0,1.0,225.9,81,50.61,6.81,3.4,2025-06-09
no,197.0,yess,0,0.0,0.0,213.6,70,60.27,12.63,12.3,2022-11-12
Yes,86.0,yes,0,0.0,4.0,190.5,113,41.44,3.56,13.4,2024-12-30
0,92.0,yes ,1,3.26,0.0,174.3,109,76.72,7.93,12.2,2024-11-16
No,73.0,yes,0,0.0,0.0,183.6,111,37.82,3.7,9.6,2025-03-31
false,61.0,no ,0,0.0,1.0,172.5,140,50.19,12.08,9.0,2025.06.22
No,111.0,yes,0,0.0,2.0,159.9,113,49.24,12.8,12.1,2024-07-10
False,205.0,yes,0,0.0,1.0,168.6,85,,12.13,9.8,2022-09-21
False,142.0,yes ,1,2.1,2.0,175.0,139,63.66,7.61,8.0,12-06-2023
No,158.0,yes,1,2.51,7.0,255.4,83,87.36,11.39,9.3,2023-08-16
False,92.0,yess,0,0.0,3.0,230.4,99,57.35,10.5,12.4,2024-11-22
SI,191.0,YES,0,0.0,2.0,249.4,100,64.99,13.04,13.4,2022-12-24
1,155.0,No,1,2.2,1.0,272.7,99,90.68,12.66,8.3,2023-09-06
0,205.0,yes,0,0.0,2.0,124.9,144,45.24,13.61,7.9,2022-09-17
Si,167.0,yes,0,0.0,1.0,285.7,125,66.75,10.37,6.9,2023-06-16
No,14.0,yes,1,2.95,2.0,213.1,60,87.03,12.73,10.8,2026-05-17
No,202.0,YES,1,2.94,6.0,210.8,116,82.19,9.69,10.7,2022-10-12
si,175.0,yes,0,0.0,1.0,177.8,146,49.26,10.57,13.6,2023-04-17
No ,97.0,YES,0,0.0,0.0,144.3,95,45.39,10.98,10.2,2024-10-15
no,43.0,yes ,0,0.0,2.0,181.5,103,50.65,10.77,8.6,2025-10-30
0,138.0,Yes,0,0.0,1.0,215.8,77,,10.44,5.5,2023-12-31
No,120.0,yes,0,,2.0,162.7,91,37.11,6.19,10.6,2024-05-10
NO,188.0,yes ,0,0.0,1.0,166.8,85,48.34,12.27,9.9,2023-01-17
no,187.0,yes,0,0.0,1.0,95.4,108,34.01,10.54,13.1,
Yes,152.0,yes ,0,0.0,2.0,96.4,91,31.77,7.01,10.9,2023-09-23
NO,27.0,yess,0,0.0,4.0,178.5,112,53.36,13.2,0.0,2026-02-14
No,23.0,Yes,0,0.0,3.0,213.0,112,58.21,11.38,9.1,2026-03-16
No,21.0,yes,0,,2.0,141.3,87,41.02,9.79,7.8,2026-04-03
No,6.0,yes,0,0.0,3.0,117.4,89,37.38,10.21,10.4,2026-07-13
No ,171.0,NO,1,2.42,1.0,140.4,96,72.28,13.47,8.9,2023-05-13
False,23.0,yes,0,0.0,2.0,175.0,90,53.64,11.51,9.1,2026-03-19
false,82.0,yess,0,0.0,1.0,130.8,92,46.31,13.55,6.9,2025-01-30
false,193.0,yes ,0,0.0,3.0,264.4,119,56.64,6.62,13.0,2022-12-13
No ,63.0,yes,0,0.0,3.0,202.7,84,57.48,12.16,7.6,2025-06-10
False,201.0,yes,1,3.37,2.0,190.7,95,75.93,5.9,12.6,2022-10-19
no,165.0,yes,1,2.86,1.0,208.0,79,79.45,8.68,10.9,2023-06-25
No,159.0,yes,0,0.0,1.0,111.4,90,33.35,7.98,6.3,2023-08-08
No ,163.0,Yes,0,0.0,2.0,251.3,121,61.41,10.0,9.5,2023-07-09
false,87.0,yes,1,3.27,,145.3,76,74.4,10.39,12.0,2024-12-26
No ,70.0,yes ,1,3.61,1.0,207.6,95,92.81,11.65,13.4,2025-04-21
No ,82.0,yes,0,0.0,0.0,242.7,98,63.45,12.28,7.3,2025-01-29
no,28.0,yes,0,0.0,0.0,139.0,102,41.05,9.95,7.7,2026-02-09
False,110.0,yes,1,2.77,2.0,131.8,97,69.11,11.53,9.9,2024-07-16
0,18.0,Yes,0,0.0,1.0,127.0,108,38.32,8.86,4.2,2026-04-20
NO,162.0,yes,0,0.0,0.0,157.8,103,49.01,13.03,13.9,2023-07-16
no,131.0,yes,1,2.5,0.0,69.3,121,46.26,5.12,9.1,2024-02-17
false,156.0,Yes,0,0.0,0.0,197.7,130,53.49,10.73,12.5,2023-09-01
No,165.0,no,0,0.0,1.0,138.6,139,43.85,11.43,10.8,2023-06-28
0,80.0,yes,0,0.0,3.0,224.4,93,51.64,7.54,9.3,2025-02-14
no,61.0,yes,0,0.0,,154.6,89,47.38,11.7,11.5,2025-06-23
false,26.0,yes,0,0.0,1.0,134.6,102,41.04,10.24,11.2,2026-02-22
False,,yes ,0,0.0,3.0,201.7,118,59.01,13.03,9.2,2024-10-28
No,24.0,Yes,0,0.0,1.0,219.4,124,49.76,7.3,9.7,2026-03-11
No,138.0,Yes,1,2.29,0.0,195.2,90,75.52,10.88,8.7,2023-12-31
Yes,177.0,yes,0,,1.0,294.0,126,69.77,11.78,11.6,2023-04-07
No,130.0,yes ,0,0.0,1.0,248.2,117,54.72,6.45,7.0,2024-03-01
No,100.0,yes,0,0.0,1.0,151.7,92,45.41,10.2,12.5,2024-09-21
No,119.0,yess,0,0.0,0.0,220.2,110,57.75,12.3,12.0,2024-05-16
No,15.0,Yes,0,0.0,1.0,180.3,142,52.54,12.41,8.8,2026-05-15
No,91.0,yes,0,0.0,1.0,169.9,106,45.4,9.92,10.7,2024-11-29
No,192.0,YES,0,0.0,2.0,167.8,95,43.61,8.71,13.2,2022-12-22
NO,175.0,yes,0,0.0,1.0,154.7,56,51.65,13.27,15.5,2023-04-18
No,72.0,yes,0,0.0,1.0,74.9,88,32.49,10.13,6.7,2025-04-05
False,101.0,yes,0,0.0,0.0,259.0,117,58.93,8.95,10.1,2024-09-18
No,152.0,YES,0,,0.0,260.4,106,59.81,7.74,10.1,2023-09-29
NO,29.0,yes,0,0.0,2.0,90.7,90,34.29,8.94,11.8,2026-01-31
No,72.0,yes ,1,2.76,0.0,201.3,75,83.15,12.7,10.1,2025-04-06
false,8.0,yes,0,0.0,2.0,107.9,113,37.52,10.92,9.9,2026-07-01
yes,41.0,Yes,0,0.0,2.0,112.9,106,37.08,8.37,9.4,2025-11-13
no,21.0,Yes,0,0.0,0.0,103.8,110,22.29,2.29,13.2,2026-03-30
No,76.0,yes,0,0.0,0.0,38.4,77,33.02,13.34,10.0,2025-03-14
false,51.0,YES,1,,0.0,107.0,79,72.25,11.15,12.9,2025-09-02
0,166.0,yes,0,0.0,1.0,167.1,104,36.64,4.06,12.7,2023-06-23
yes,47.0,yes,0,0.0,5.0,120.1,126,45.95,12.41,13.7,2025-10-02
No,114.0,no,0,0.0,1.0,172.5,140,50.76,11.9,9.1,2024-06-15
No,107.0,yes,1,,4.0,248.0,69,86.98,10.33,9.8,2024-08-03
No,79.0,YES,0,0.0,1.0,272.4,79,64.67,8.64,10.3,2025-02-19
No,115.0,YES,1,4.47,0.0,230.1,87,93.69,5.7,16.1,2024-06-12
True,112.0,Yes,0,0.0,1.0,281.4,114,68.39,10.96,9.5,2024-07-02
No,43.0,yes,0,0.0,0.0,147.8,93,42.17,9.78,7.0,2025-10-26
No ,113.0,yes,0,,5.0,176.2,82,54.17,13.99,10.5,2024-06-27
false,90.0,yess,0,0.0,2.0,235.4,101,56.95,9.7,8.4,2024-12-06
No,13.0,yes,0,0.0,1.0,186.6,97,50.77,8.82,12.1,2026-05-26
0,63.0,yes,1,3.54,0.0,61.2,114,,8.41,13.2,2025-06-12
No,80.0,Yes,1,2.54,,194.0,108,78.1,10.75,9.5,2025-02-10
No,142.0,yes ,0,0.0,3.0,145.6,71,,9.19,13.0,2023-12-07
No ,137.0,Yes,1,2.61,0.0,209.6,82,75.3,7.97,9.6,2024-01-11
No,3.0,yes,0,0.0,1.0,136.2,101,40.74,10.19,10.9,2026-08-07
false,75.0,yess,0,0.0,4.0,209.6,126,56.67,12.27,14.4,2025-03-15
Yes,5.0,yes ,0,0.0,1.0,236.4,103,65.55,13.85,2.0,2026-07-19
SI,201.0,no,1,3.85,3.0,125.8,92,,13.79,14.3,2022-10-20
No,,yes,0,0.0,1.0,175.7,88,53.83,11.28,7.5,2024-12-24
No,25.0,YES,0,0.0,3.0,151.0,64,48.81,13.68,8.9,2026-03-01
yes,133.0,No,0,0.0,0.0,49.8,89,30.46,13.1,13.2,2024-02-03
false,159.0,yess,0,0.0,0.0,234.3,95,59.39,11.07,9.3,2023-08-10
No,29.0,Yes,0,0.0,2.0,140.2,65,41.57,10.35,9.2,2026-02-04
NO,178.0,yes,1,2.39,1.0,153.0,69,67.08,8.86,9.0,2023-03-30
No,131.0,yes,0,0.0,1.0,144.6,84,47.4,12.81,8.0,2024-02-23
false,201.0,yes,1,2.1,1.0,143.1,94,59.52,8.58,7.8,2022-10-21
NO,164.0,yes,0,0.0,1.0,237.1,106,59.99,11.11,13.1,2023-07-06
No ,38.0,yes,0,0.0,4.0,232.2,74,56.3,9.09,10.4,2025-12-05
No,144.0,yes,0,0.0,1.0,190.2,72,51.63,10.44,8.8,2023-11-22
No,17.0,yes,0,0.0,0.0,168.0,88,50.0,12.31,11.9,2026-05-01
no,66.0,yes ,0,0.0,1.0,134.5,79,45.48,11.1,15.1,2025-05-23
No ,48.0,yes,0,0.0,3.0,151.9,99,41.31,6.77,3.8,2025-09-24
No,154.0,yes,0,0.0,0.0,126.0,137,45.81,12.41,13.5,2023-09-12
no,95.0,yes ,1,2.7,2.0,113.5,116,59.67,7.83,9.9,2024-10-28
false,29.0,yes,0,0.0,0.0,156.7,105,42.95,9.52,10.8,2026-02-03
no,94.0,yes,0,0.0,1.0,172.2,143,49.62,10.84,10.0,2024-11-04
NO,99.0,yess,1,2.74,0.0,134.4,95,66.22,9.15,10.1,2024-10-03
False,202.0,yes,0,0.0,2.0,137.1,105,36.69,7.02,9.6,2022-10-08
1,36.0,YES,1,2.73,2.0,106.6,78,61.27,9.17,10.3,2025-12-19
No,116.0,yes,1,3.1,1.0,254.3,118,97.69,12.92,11.8,2024-06-07
NO,156.0,Yes,1,,3.0,234.2,105,77.37,9.64,7.0,2023-08-31
No,119.0,yes ,0,0.0,1.0,75.9,97,29.28,9.09,12.4,2024-05-15
No,137.0,yes,1,3.29,0.0,175.6,108,76.88,8.0,12.1,2024-01-12
False,82.0,yes,0,0.0,,55.6,131,32.32,12.88,11.1,2025-01-27
0,69.0,yes ,0,0.0,1.0,169.4,106,47.5,10.57,11.5,2025-05-01
No ,29.0,yes,0,0.0,,222.9,98,50.59,7.23,8.8,2026-02-02
True,70.0,yes,0,0.0,1.0,296.9,90,76.25,14.8,10.9,2025-04-21
No,160.0,yes,1,2.47,0.0,188.8,99,79.13,13.09,9.0,2023-08-04
No ,110.0,yes,1,3.35,2.0,138.7,113,71.73,8.91,12.6,2024-07-19
false,113.0,Yes,0,0.0,1.0,202.5,94,50.12,8.41,7.8,
False,16.0,yess,0,0.0,3.0,213.0,121,38.51,1.49,12.6,2026-05-04
False,202.0,Yes,0,0.0,2.0,248.8,109,61.06,10.86,12.8,2022-10-12
no,174.0,yes,0,0.0,2.0,167.7,92,47.99,9.41,14.4,2023-04-23
false,,YES,0,0.0,,265.1,107,56.54,6.56,10.6,2023-01-21
Yes,132.0,yes,0,0.0,3.0,268.4,103,65.74,9.83,9.0,2024-02-14
SI,89.0,yes,0,0.0,0.0,166.4,104,54.79,13.76,8.6,2024-12-11
No,181.0,YES,0,0.0,2.0,186.6,87,49.57,9.67,11.8,2023-03-04
True,150.0,no,0,0.0,,162.7,130,41.73,8.44,11.4,2023-10-07
Yes,15.0,no ,0,0.0,,160.5,94,43.11,8.97,11.5,2026-05-10
No ,204.0,yes,0,0.0,2.0,152.1,94,48.31,12.78,13.2,2022-09-28
NO,106.0,yes,0,0.0,1.0,230.2,90,56.28,8.22,11.7,2024-08-11
NO,169.0,yes ,0,0.0,2.0,187.5,94,44.52,7.51,11.0,2023-05-28
False,25.0,yess,1,2.42,2.0,221.4,107,75.17,7.53,8.9,2026-02-28
1,26.0,yes ,0,0.0,1.0,269.7,111,70.79,13.55,8.5,2026-02-25
false,9.0,yes ,0,0.0,2.0,100.9,88,32.99,8.97,9.3,2026-06-25
no,166.0,yes ,0,0.0,0.0,153.2,93,39.81,6.16,9.6,2023-06-21
False,90.0,yes,0,0.0,3.0,189.1,98,63.42,15.59,7.9,2024-12-04
False,10.0,yess,0,0.0,2.0,198.7,79,49.97,9.38,16.8,2026-06-14
False,180.0,yes,0,0.0,2.0,65.9,96,26.41,8.38,13.9,2023-03-17
0,35.0,Yes,0,0.0,3.0,190.1,115,47.47,8.43,14.0,2025-12-26
No,186.0,yes,1,2.02,0.0,185.2,118,72.33,12.33,7.4,2023-02-01
No ,107.0,yess,1,2.36,,173.3,91,74.2,11.53,8.7,2024-08-08
No,176.0,yes,0,0.0,1.0,185.3,83,50.75,10.11,8.8,2023-04-08
No,142.0,yes,0,0.0,0.0,157.1,117,36.22,5.83,11.8,2023-12-05
NO,121.0,yes,0,0.0,3.0,215.9,114,55.94,10.76,11.7,2024-05-02
0,37.0,yess,0,0.0,0.0,215.3,79,59.06,13.34,15.5,2025-12-11
false,178.0,Yes,1,2.2,1.0,172.1,110,68.55,9.96,8.0,2023-03-29
No,40.0,yes,1,2.54,1.0,291.0,52,89.6,8.37,9.5,2025-11-19
No,12.0,yes,0,0.0,1.0,244.0,126,59.45,10.48,0.0,2026-06-05
No,188.0,Yes,0,0.0,2.0,157.8,99,40.79,5.88,6.6,2023-01-16
no,74.0,Yes,0,0.0,3.0,246.9,73,62.63,12.14,9.0,2025-03-27
False,90.0,Yes,0,0.0,2.0,244.2,106,63.54,11.53,7.8,2024-12-01
False,103.0,Yes,0,,4.0,213.9,99,54.06,8.78,14.8,2024-09-02
False,125.0,yess,1,2.4,1.0,225.1,114,74.09,7.27,8.7,2024-03-30
Yes,95.0,yess,0,0.0,4.0,174.9,128,39.73,5.11,10.5,2024-10-29
no,181.0,Yes,1,2.86,0.0,261.3,122,87.64,8.28,10.7,2023-03-06
No ,85.0,yes ,0,0.0,2.0,142.1,115,45.37,11.65,8.0,2025-01-05
No,8.0,yes ,0,0.0,5.0,199.6,106,53.46,9.74,16.5,2026-07-01
No,152.0,yess,1,4.73,1.0,96.3,136,79.34,9.73,17.4,2023-09-27
No,173.0,YES,1,2.69,0.0,220.8,120,90.17,14.7,9.6,2023-05-05
No,18.0,Yes,1,4.5,0.0,186.9,77,92.65,9.77,16.9,2026-04-20
false,44.0,yes,0,0.0,5.0,207.3,91,50.65,8.79,12.5,2025-10-18
false,195.0,yes,0,0.0,0.0,193.0,107,48.57,8.57,13.8,2022-11-27
false,150.0,yess,1,3.33,2.0,144.3,73,76.75,10.4,12.6,2023-10-11
No,146.0,yes,0,0.0,1.0,217.5,73,56.72,8.43,9.9,2023-11-07
no,116.0,yes,0,0.0,0.0,106.1,70,37.28,10.71,7.8,2024-06-03
No,72.0,YES,0,0.0,2.0,155.1,105,42.53,8.75,11.9,2025-04-11
No,88.0,no,0,0.0,3.0,181.4,79,50.58,9.79,8.9,2024-12-14
no,187.0,yes,0,0.0,3.0,210.5,112,57.01,11.35,8.9,2023-01-27
true,168.0,YES,1,1.77,2.0,188.5,96,60.1,6.22,6.5,2023-06-09
NO,139.0,yes,0,0.0,3.0,203.9,96,56.11,10.95,13.4,2023-12-27
No,128.0,YES,0,0.0,2.0,146.7,109,42.09,9.57,16.3,2024-03-12
No,23.0,yes ,1,1.71,3.0,125.5,91,50.32,7.06,6.3,2026-03-18
No,122.0,yes ,0,0.0,1.0,207.0,98,60.32,14.84,10.7,2024-04-20
no,7.0,Yes,0,0.0,2.0,179.9,66,48.23,10.36,12.8,2026-07-10
No,140.0,yes,1,2.32,2.0,88.4,120,62.73,14.21,8.7,2023-12-18
No ,5.0,YES,0,0.0,3.0,124.0,75,44.87,13.92,15.5,2026-07-19
NO,190.0,yes,1,2.64,999.0,294.5,105,91.84,8.36,9.8,2023-01-04
No,71.0,yes,0,0.0,1.0,82.2,74,,9.59,10.8,2025-04-13
No ,36.0,yes,0,0.0,2.0,169.0,99,43.36,8.15,6.7,2025-12-13
0,172.0,yes,1,3.01,3.0,199.0,103,85.54,12.21,11.6,2023-05-07
No,14.0,Yes,0,0.0,1.0,263.9,128,64.17,11.03,9.5,2026-05-18
no,153.0,yes,0,0.0,2.0,183.5,131,50.48,8.94,10.0,2023-09-17
No,92.0,yes,0,0.0,2.0,170.7,95,51.89,11.98,10.0,2024-11-17
No,62.0,YES,0,0.0,2.0,189.3,92,59.85,15.86,8.3,2025-06-17
no,204.0,Yes,0,0.0,2.0,177.8,77,45.56,9.35,9.1,2022-09-24
false,107.0,yes ,0,0.0,0.0,170.3,96,42.95,7.8,10.6,2024-08-04
False,138.0,yes ,0,0.0,0.0,208.1,118,57.61,12.75,12.7,2024-01-04
No,9.0,YES,1,3.89,1.0,220.0,87,89.3,7.49,14.2,2026-06-25
false,144.0,YES,0,0.0,0.0,155.2,130,44.1,10.34,11.8,2023-11-20
NO,,yes,0,0.0,3.0,143.3,71,40.67,9.27,13.0,
No,,yess,0,0.0,3.0,180.0,93,45.03,8.88,11.4,2025-03-04
NO,77.0,yes ,0,,2.0,151.7,122,53.04,13.82,11.0,2025-03-03
false,58.0,yes,0,0.0,3.0,138.4,108,39.93,8.15,5.9,2025-07-15
true,208.0,Yes,0,0.0,1.0,223.5,88,64.34,15.8,15.9,2022-09-01
false,53.0,yes,0,0.0,1.0,182.8,116,54.48,12.83,10.1,2025-08-17
Yes,125.0,yes,0,0.0,0.0,294.1,99,68.82,11.55,9.0,2024-04-02
False,98.0,yes,1,2.36,1.0,32.7,113,45.17,9.43,8.8,2024-10-10
False,148.0,yes,0,0.0,1.0,101.6,127,29.31,7.21,10.0,2023-10-25
No,169.0,YES,0,0.0,0.0,79.3,97,33.21,11.39,14.0,2023-06-02
no,179.0,yes,0,0.0,0.0,169.8,132,,11.52,11.0,2023-03-20
No,184.0,yess,0,0.0,2.0,117.7,90,38.71,10.71,9.6,0000-00-00
False,19.0,yes,0,0.0,2.0,167.3,93,43.44,8.91,16.2,2026-04-13
False,,yes,0,0.0,1.0,235.7,75,55.33,7.69,10.5,
No,77.0,Yes,0,0.0,1.0,231.6,106,59.65,10.5,13.3,2025-03-02
0,145.0,Yes,0,0.0,0.0,142.2,95,42.25,8.79,6.6,2023-11-15
NO,175.0,yess,0,0.0,1.0,141.2,55,,8.53,6.0,2023-04-16
false,125.0,yess,0,0.0,1.0,216.4,113,,9.96,12.3,2024-04-02
no,66.0,yes,0,0.0,1.0,196.1,73,47.58,8.48,12.5,2025-05-17
No,137.0,yes ,0,0.0,3.0,149.7,145,40.06,8.17,8.3,2024-01-06
false,8.0,yes,0,0.0,1.0,197.0,73,50.89,10.22,5.1,2026-07-01
false,171.0,yess,0,0.0,1.0,158.8,103,50.41,13.33,10.2,2023-05-19
no,81.0,yes,1,2.47,1.0,165.1,114,75.78,12.24,9.1,2025-02-06
NO,138.0,YES,0,,0.0,175.6,129,44.11,7.61,5.0,2024-01-04
SI,175.0,yes,0,0.0,4.0,141.4,119,44.55,11.57,7.7,2023-04-18
0,86.0,Yes,1,1.48,1.0,176.7,96,68.16,13.27,5.5,2024-12-29
No ,70.0,yes,1,2.6,1.0,214.1,94,84.13,12.03,9.7,2025-04-19
yes,181.0,No,0,0.0,2.0,248.7,109,57.84,9.14,12.2,2023-03-05
1,29.0,yes ,0,0.0,5.0,91.3,94,29.95,8.18,11.3,2026-02-04
NO,156.0,yes,1,3.66,1.0,211.3,93,92.11,11.69,13.5,2023-08-29
No,14.0,yes,0,0.0,1.0,178.3,116,50.8,9.3,10.6,2026-05-17
no,199.0,yess,0,0.0,0.0,208.4,116,54.48,10.48,9.6,2022-11-03
No,153.0,yes,0,0.0,1.0,161.6,122,46.13,10.67,8.5,2023-09-17
false,68.0,yes,0,0.0,1.0,49.1,106,26.49,10.45,12.4,2025-05-07
No,74.0,no ,0,0.0,2.0,179.8,127,45.91,8.68,11.8,2025-03-26
No,153.0,yess,0,0.0,1.0,212.8,79,50.68,6.08,7.5,2023-09-21
no,62.0,YES,0,0.0,1.0,275.8,149,64.21,9.41,13.5,2025-06-19
0,146.0,yess,1,2.01,3.0,229.4,92,74.54,8.25,7.7,2023-11-08
False,26.0,yes,0,0.0,3.0,156.6,95,49.61,12.9,11.7,2026-02-21
1,24.0,yes,0,0.0,2.0,247.4,115,68.09,15.36,9.3,2026-03-12
Yes,147.0,No,0,0.0,2.0,132.0,112,47.73,12.99,9.3,2023-11-03
NO,15.0,yes,1,2.24,1.0,82.2,130,52.86,10.27,8.1,2026-05-13
YES,44.0,no,0,0.0,0.0,292.6,79,65.57,9.53,14.5,2025-10-18
No,35.0,yes,0,0.0,1.0,234.5,101,54.16,8.46,9.9,2025-12-26
No,27.0,yess,0,0.0,3.0,204.7,122,49.4,8.27,12.6,2026-02-15
YES,162.0,YES,0,0.0,9.0,226.3,116,51.21,6.51,10.2,2023-07-19
No,195.0,yes,0,0.0,2.0,157.8,52,44.02,9.41,9.8,2022-11-26
0,155.0,yess,0,0.0,1.0,134.3,112,37.2,8.29,14.2,2023-09-04
No,15.0,yess,1,3.61,3.0,166.3,131,75.51,7.44,13.2,2026-05-11
Yes,148.0,yes,0,0.0,2.0,268.5,119,66.17,11.59,7.3,2023-10-21
False,169.0,yes,0,0.0,1.0,136.7,101,44.83,10.69,11.2,2023-06-02
No,,yes,1,2.37,3.0,273.7,104,91.27,12.77,8.6,2023-06-14
0,90.0,yes ,1,4.4,1.0,185.5,107,,16.67,16.5,2024-11-30
No,207.0,yes,0,0.0,4.0,218.4,123,57.96,12.05,10.3,2022-09-04
no,79.0,yess,1,3.08,2.0,66.2,116,63.59,12.28,11.5,2025-02-19
No,57.0,yes ,0,0.0,3.0,186.4,100,,11.95,9.9,2025-07-22
No,157.0,yes ,0,0.0,2.0,198.6,124,60.54,13.31,8.0,2023-08-19
No,207.0,yes ,0,0.0,2.0,110.8,135,,7.19,10.9,2022-09-06
NO,157.0,yes,0,,2.0,216.3,95,52.68,9.2,9.9,2023-08-20
si,80.0,YES,0,0.0,5.0,94.1,95,29.55,8.17,11.3,2025-02-11
true,201.0,yess,0,0.0,4.0,270.0,129,70.02,11.77,8.8,2022-10-21
No,133.0,Yes,1,3.68,3.0,301.5,93,108.21,11.93,13.4,2024-02-09
No,98.0,yes,0,0.0,0.0,170.4,78,41.85,7.2,10.9,2024-10-06
false,196.0,no,0,0.0,1.0,245.2,89,58.55,9.49,11.3,
0,59.0,yess,0,0.0,2.0,241.2,115,56.5,8.26,11.1,2025-07-11
No,122.0,yess,0,0.0,1.0,154.0,56,52.4,13.22,15.5,2024-04-20
No,48.0,Yes,0,0.0,1.0,79.4,118,33.86,10.06,12.0,2025-09-25
false,84.0,Yes,1,1.86,3.0,203.8,95,64.29,6.81,6.6,2025-01-14
No,149.0,yes ,0,0.0,0.0,105.8,91,35.48,9.95,14.7,2023-10-14
No,111.0,No,0,0.0,2.0,181.3,114,51.82,10.46,7.5,2024-07-11
No,94.0,Yes,1,1.47,,254.3,108,78.38,12.24,5.4,2024-11-02
true,41.0,yes,0,0.0,1.0,283.9,108,64.35,8.71,10.8,2025-11-14
no,4.0,YES,0,,2.0,90.6,127,31.25,8.99,13.9,2026-07-29
No,48.0,yes,1,2.59,0.0,166.2,78,72.74,11.0,9.7,2025-09-22
No,147.0,Yes,0,0.0,2.0,140.1,96,33.88,6.32,14.8,2023-10-31
Yes,155.0,no,0,0.0,0.0,293.9,79,65.99,9.41,14.6,2023-09-02
No,120.0,yes,0,0.0,1.0,161.9,113,55.43,14.52,7.2,2024-05-04
False,8.0,yes,1,2.25,1.0,180.2,88,65.24,6.39,8.4,2026-07-02
no,4.0,yes,0,0.0,0.0,221.6,84,52.25,8.27,11.3,2026-07-29
no,1.0,yes ,0,0.0,2.0,215.6,110,56.82,11.62,8.9,2026-08-19
No,,yes ,0,0.0,1.0,194.9,108,46.39,7.77,11.6,2023-09-07
0,128.0,Yes,1,3.82,0.0,189.1,87,89.84,11.12,14.1,2024-03-10
1,68.0,yes,0,0.0,0.0,200.7,98,55.5,13.44,9.4,2025-05-09
No,148.0,no,0,0.0,0.0,166.0,98,41.69,7.62,6.3,2023-10-26
false,186.0,yes,1,1.15,2.0,51.0,62,37.4,10.02,4.2,2023-02-02
No ,84.0,yes,0,0.0,1.0,241.7,104,53.91,7.33,6.7,2025-01-11
No,92.0,yes ,0,0.0,0.0,162.1,102,,14.57,8.5,2024-11-22
No,31.0,yes,0,0.0,3.0,202.8,97,49.63,7.66,9.0,2026-01-20
NO,134.0,YES,1,1.0,0.0,103.6,84,38.9,6.2,3.6,2024-02-02
false,96.0,yes,1,2.34,2.0,87.3,119,62.16,14.37,8.6,2024-10-19
No,89.0,No,0,0.0,0.0,159.7,78,37.03,5.22,7.1,2024-12-10
No ,80.0,yes,0,0.0,0.0,174.9,57,55.16,14.06,9.8,2025-02-09
false,148.0,YES,1,2.94,1.0,189.9,109,79.09,9.84,11.2,2023-10-21
No,18.0,yes,0,0.0,99.0,274.3,92,57.8,5.84,8.3,2026-04-18
No,0.0,yes,0,0.0,2.0,122.8,144,45.54,13.62,8.0,2026-08-24
0,150.0,yes,0,0.0,1.0,261.2,107,52.19,5.18,9.8,2023-10-11
No,151.0,Yes,1,2.64,1.0,115.4,71,59.54,7.23,10.0,2023-10-05
No,153.0,yes ,1,2.91,3.0,274.7,98,93.17,9.71,10.9,2023-09-16
no,,yes ,0,0.0,1.0,160.1,73,33.08,3.21,10.3,
No,58.0,yes ,0,0.0,4.0,137.2,99,45.16,12.5,6.2,2025-07-18
No,191.0,NO,0,,1.0,220.3,115,51.55,8.31,9.6,2022-12-26
False,0.0,yes,0,0.0,4.0,197.2,64,46.76,6.78,13.2,2026-08-26
false,111.0,yes,1,2.31,0.0,180.9,103,73.42,11.28,8.7,2024-07-07
No ,99.0,yes,0,0.0,4.0,236.7,124,57.32,10.0,10.0,2024-10-04
false,142.0,yess,1,1.49,5.0,172.7,97,63.98,10.89,5.5,2023-12-08
Yes,66.0,no,1,1.19,1.0,148.4,127,61.74,14.27,4.4,2025-05-22
0,103.0,YES,0,0.0,1.0,92.3,107,38.9,13.79,12.7,2024-09-06
NO,31.0,yes,1,2.36,1.0,159.9,103,78.82,16.09,9.0,2026-01-23
False,93.0,yes,0,0.0,0.0,152.8,105,42.89,9.55,10.8,2024-11-15
No,179.0,YES,0,0.0,1.0,106.2,128,46.52,14.32,14.8,2023-03-23
Si,75.0,yes ,0,0.0,5.0,130.7,94,46.35,12.26,11.3,2025-03-20
False,172.0,YES,0,0.0,1.0,179.3,141,52.69,12.25,8.7,2023-05-08
No,35.0,yes,1,3.1,2.0,189.0,41,78.26,8.86,11.4,2025-12-23
No,55.0,yes,1,2.06,1.0,202.6,91,75.09,12.04,7.7,2025-08-07
1,18.0,yes,0,0.0,4.0,271.7,119,63.08,9.61,11.1,2026-04-23
True,111.0,yes,0,0.0,4.0,175.6,122,42.22,6.95,9.0,2024-07-07
false,164.0,yess,0,0.0,2.0,188.2,129,50.27,9.0,9.9,2023-07-02
no,82.0,YES,0,0.0,1.0,191.3,106,53.96,10.43,12.7,2025-01-31
0,53.0,Yes,0,0.0,,205.6,114,56.98,9.76,8.7,2025-08-17
False,102.0,yes,0,0.0,1.0,204.2,69,54.85,11.41,14.3,2024-09-07
True,67.0,yes,0,0.0,4.0,301.9,135,77.83,12.77,13.3,2025-05-16
True,118.0,YES,0,0.0,2.0,263.6,117,63.88,9.65,7.5,2024-05-20
1,67.0,yess,0,0.0,0.0,290.3,85,65.3,8.84,9.5,2025-05-16
false,191.0,yes ,1,3.5,3.0,154.6,121,76.39,7.99,13.2,2022-12-28
False,31.0,yess,0,0.0,2.0,134.6,96,37.84,8.36,7.8,2026-01-22
false,68.0,yes,0,0.0,1.0,247.7,116,53.76,6.37,6.8,2025-05-04
No,180.0,No,1,2.99,0.0,257.0,82,92.78,11.0,11.2,2023-03-15
no,86.0,yes,0,0.0,1.0,84.9,74,34.3,10.83,11.0,2025-01-02
No,122.0,yes,0,0.0,0.0,39.9,78,33.48,13.27,9.9,2024-04-20
No ,185.0,yes,0,0.0,2.0,127.1,131,50.4,14.93,11.6,2023-02-05
NO,8.0,yes ,0,0.0,2.0,253.6,120,56.47,7.51,9.6,2026-06-29
No,186.0,yes,0,0.0,0.0,151.3,119,43.01,10.02,14.4,2023-01-28
no,85.0,yes,0,0.0,1.0,158.6,99,45.06,8.63,5.5,2025-01-06
No,168.0,yes,0,0.0,2.0,165.3,68,45.72,10.59,7.8,2023-06-05
False,199.0,yes ,0,0.0,2.0,100.3,89,39.59,12.49,9.2,2022-11-02
No,150.0,YES,0,0.0,0.0,182.1,117,48.38,7.88,9.6,2023-10-13
No ,62.0,Yes,1,3.08,1.0,71.0,94,60.99,10.61,11.4,2025-06-15
False,182.0,yes,0,0.0,0.0,107.7,69,37.03,10.67,7.8,2023-02-25
Yes,176.0,yess,0,0.0,2.0,282.8,118,65.04,10.15,10.5,2023-04-13
false,2.0,yes,0,0.0,1.0,114.3,119,38.13,10.85,6.6,2026-08-08
No,49.0,yes,0,0.0,2.0,123.3,145,43.98,13.64,7.9,2025-09-14
NO,152.0,Yes,0,0.0,1.0,133.1,98,37.21,8.18,10.6,2023-09-26
0,145.0,Yes,1,2.43,1.0,214.7,127,75.65,8.86,9.0,2023-11-16
false,143.0,Yes,0,0.0,3.0,191.5,103,52.89,11.75,12.9,2023-12-01
no,39.0,YES,0,0.0,3.0,97.6,90,39.07,11.73,11.0,2025-11-27
True,178.0,no ,1,5.42,0.0,198.2,88,110.41,12.8,20.0,2023-03-28
No,3.0,YES,0,0.0,2.0,182.6,111,,8.79,10.0,2026-08-04
NO,66.0,no,0,0.0,1.0,192.1,100,46.85,8.08,12.9,2025-05-19
No ,67.0,YES,0,0.0,4.0,182.7,36,55.68,13.78,5.7,2025-05-16
False,56.0,yess,0,0.0,0.0,129.1,120,41.63,11.47,13.3,2025-07-27
si,184.0,yes,1,3.5,2.0,201.1,100,90.44,12.43,12.8,2023-02-11
No,110.0,YES,0,0.0,1.0,188.9,95,49.38,10.01,18.1,2024-07-17
false,141.0,yes ,1,3.55,0.0,230.5,95,90.82,9.22,13.1,2023-12-15
False,152.0,yes,0,0.0,0.0,182.5,83,45.1,7.85,12.2,2023-09-24
0,135.0,Yes,0,0.0,,127.4,101,41.35,10.39,6.1,2024-01-25
no,42.0,yess,1,1.54,2.0,131.7,109,54.16,9.31,5.4,2025-11-07
No,205.0,yes,0,0.0,1.0,223.7,112,60.26,12.56,7.1,2022-09-20
False,23.0,yes,0,0.0,1.0,209.2,113,56.93,12.81,10.0,2026-03-15
no,,yess,0,0.0,2.0,250.3,107,57.41,8.54,9.7,
False,62.0,yes ,0,0.0,0.0,97.6,97,40.83,12.17,10.4,2025-06-18
False,140.0,yess,0,0.0,0.0,124.3,98,39.4,10.24,18.8,2023-12-17
No,115.0,no ,1,3.46,2.0,152.8,114,72.57,5.95,12.9,2024-06-09
NO,8.0,yes,0,0.0,1.0,172.6,94,48.6,8.65,11.2,2026-06-27
no,,yess,0,0.0,1.0,130.4,80,47.15,14.06,11.4,2026-03-23
False,140.0,YES,0,0.0,2.0,192.3,89,47.95,6.86,5.6,
No,174.0,Yes,0,0.0,3.0,141.1,84,41.89,10.49,5.8,2023-04-28
no,128.0,yes,0,0.0,0.0,137.5,77,44.28,9.76,11.8,2024-03-12
YES,12.0,no,0,0.0,1.0,240.1,87,64.64,14.1,11.4,2026-06-05
No,60.0,yes ,1,3.26,1.0,187.5,135,75.48,5.86,12.1,2025-06-28
no,141.0,yes,0,0.0,1.0,154.6,91,44.97,10.23,12.5,2023-12-15
0,50.0,yes ,0,0.0,0.0,147.1,91,30.35,2.4,13.8,2025-09-09
No,116.0,yes,0,0.0,3.0,186.8,94,50.27,10.84,11.4,2024-06-05
false,107.0,YES,1,3.08,2.0,111.3,90,67.31,10.35,11.3,2024-08-05
No,20.0,no,1,2.9,2.0,93.6,110,59.22,7.75,10.7,2026-04-09
0,36.0,yess,0,0.0,2.0,135.0,98,41.11,9.57,11.9,
No,65.0,yes,0,,2.0,233.1,81,61.26,12.9,11.5,2025-05-26
No ,24.0,yes,0,0.0,2.0,212.2,87,55.28,10.75,11.3,2026-03-11
Yes,2.0,Yes,0,0.0,2.0,258.7,67,65.99,12.97,13.3,2026-08-11
yes,120.0,yes,0,0.0,1.0,266.4,70,71.8,15.16,9.6,2024-05-05
0,,no,0,0.0,0.0,206.1,132,49.74,8.36,10.9,2023-01-05
0,44.0,yes,0,0.0,1.0,165.2,94,53.63,12.86,10.1,2025-10-20
No ,148.0,Yes,0,0.0,1.0,102.3,116,42.44,12.49,9.0,2023-10-24
NO,40.0,yes,0,0.0,1.0,108.6,119,39.57,11.48,12.0,2025-11-20
False,34.0,yes,1,3.21,1.0,75.9,108,63.54,10.49,11.9,2025-12-28
no,,Yes,0,0.0,0.0,217.5,86,53.81,9.64,11.0,
No,112.0,yess,0,0.0,1.0,136.3,70,41.26,10.5,11.4,2024-06-29
True,200.0,yess,0,0.0,1.0,269.1,106,71.06,11.39,10.2,2022-10-23
0,18.0,NO,0,0.0,0.0,178.7,122,48.11,9.6,8.3,2026-04-23
No,162.0,yes,0,0.0,2.0,90.0,128,30.06,9.26,14.1,2023-07-19
No,153.0,YES,0,0.0,2.0,223.1,109,56.59,9.89,11.5,2023-09-17
NO,27.0,yes,0,0.0,4.0,184.5,79,52.64,12.07,7.5,2026-02-16
no,,yes ,0,0.0,3.0,151.1,108,44.73,11.56,9.6,
No,174.0,yes,1,3.17,2.0,90.9,86,64.72,9.76,11.6,2023-04-26
False,99.0,yes,1,2.86,2.0,174.2,87,74.64,9.53,10.5,2024-10-03
No,11.0,yes,0,0.0,1.0,164.4,108,50.36,11.84,9.3,2026-06-08
No,44.0,yes,1,2.7,1.0,249.7,100,91.94,12.91,9.9,2025-10-20
NO,194.0,YES,1,1.49,1.0,160.4,44,62.08,10.96,5.5,2022-12-04
No,53.0,yes ,0,0.0,4.0,138.6,98,44.33,12.49,5.9,2025-08-21
False,86.0,yes ,0,0.0,0.0,207.8,108,46.45,6.14,5.7,2024-12-28
0,194.0,no ,0,0.0,1.0,150.1,115,36.05,5.22,12.3,2022-12-03
no,169.0,yes,0,0.0,3.0,180.9,116,43.86,7.62,12.3,2023-05-27
False,76.0,Yes,0,0.0,1.0,207.2,120,51.15,8.85,11.2,2025-03-14
false,51.0,yes,1,2.31,3.0,154.1,117,66.83,9.84,8.4,2025-09-02
0,156.0,yes,1,3.62,2.0,180.7,66,85.63,10.56,13.2,2023-08-31
No,150.0,yes,0,0.0,2.0,185.5,116,51.51,11.06,12.7,2023-10-08
false,128.0,yes,1,1.92,2.0,239.9,110,79.16,11.07,7.3,2024-03-10
No,49.0,Yes,1,1.5,1.0,172.4,95,68.14,13.07,5.6,2025-09-19
yes,16.0,no,0,0.0,0.0,235.2,81,57.73,9.39,9.6,2026-05-04
No,147.0,yess,1,4.02,0.0,214.3,100,96.49,11.82,14.7,2023-11-03
No,69.0,yes,0,0.0,1.0,207.3,48,58.18,11.92,9.8,2025-04-30
No,135.0,yes,0,0.0,2.0,191.4,88,47.45,6.9,5.5,2024-01-24
no,39.0,yes,0,0.0,0.0,205.6,105,55.63,11.34,14.5,2025-11-27
Yes,90.0,no,1,1.21,1.0,145.4,127,61.61,14.25,4.4,2024-12-02
NO,22.0,yes ,0,0.0,1.0,216.8,103,56.93,9.54,8.7,2026-03-24
No,39.0,yes ,1,3.05,1.0,181.3,87,74.9,7.3,11.3,2025-11-28
NO,86.0,yes,0,0.0,1.0,116.0,105,31.59,6.42,9.3,2025-01-03
No ,154.0,yess,0,0.0,1.0,138.2,92,46.86,13.62,11.2,2023-09-15
0,172.0,yes,0,0.0,0.0,163.7,72,49.94,12.89,15.6,2023-05-09
NO,123.0,YES,0,0.0,2.0,268.5,94,55.56,5.98,14.5,2024-04-14
False,61.0,yess,1,1.3,3.0,141.4,101,55.27,10.61,5.0,2025-06-23
No,195.0,yes ,0,0.0,0.0,126.4,99,35.3,7.11,9.7,2022-11-26
NO,60.0,yes ,0,0.0,1.0,183.4,112,42.56,6.2,6.1,2025-06-30
NO,130.0,yes ,0,0.0,1.0,127.0,77,42.55,12.14,12.8,2024-02-26
false,174.0,yes,1,1.73,2.0,103.5,60,63.78,17.01,6.2,2023-04-24
yes,160.0,yes,0,0.0,1.0,304.4,95,74.27,13.09,5.3,2023-07-30
No,141.0,no,0,0.0,3.0,147.9,105,54.35,14.73,10.4,2023-12-11
No ,166.0,yes,0,0.0,2.0,142.7,115,44.43,11.66,7.8,2023-06-22
0,207.0,Yes,0,0.0,0.0,187.6,86,50.7,11.29,11.6,2022-09-09
NO,23.0,yes,0,0.0,3.0,115.0,98,40.35,10.51,16.0,2026-03-15
No,61.0,yes ,0,0.0,0.0,208.8,107,45.92,6.21,5.7,2025-06-26
no,141.0,yess,1,,2.0,194.1,85,81.5,11.28,11.0,2023-12-12
si,193.0,yess,0,0.0,1.0,277.0,105,69.37,12.29,10.2,2022-12-15
True,68.0,yes,0,0.0,1.0,208.8,150,65.93,17.38,7.5,2025-05-07
No,0.0,yess,1,3.55,3.0,163.0,132,76.45,7.39,13.2,2026-08-22
No,72.0,Yes,1,,0.0,121.6,101,65.31,11.43,9.3,2025-04-09
False,42.0,n0,1,2.52,4.0,196.2,124,78.44,10.8,9.6,2025-11-03
No ,108.0,yes,0,0.0,1.0,189.8,90,49.2,9.5,13.1,2024-07-29
No,179.0,yes,0,0.0,2.0,210.5,103,46.86,6.62,11.3,2023-03-20
0,71.0,yes,0,0.0,0.0,217.2,85,54.61,9.54,11.0,2025-04-13
No ,99.0,yes,0,0.0,1.0,241.8,87,53.18,6.96,7.2,2024-10-02
no,116.0,yes,1,1.47,2.0,140.8,106,53.21,8.17,5.7,2024-06-05
no,168.0,yes ,0,0.0,1.0,117.9,118,31.0,6.14,12.1,2023-06-04
false,,yess,0,0.0,5.0,171.8,83,54.5,14.06,10.6,
0,166.0,no,0,0.0,0.0,258.0,125,56.8,7.13,11.8,2023-06-18
no,138.0,yess,0,0.0,2.0,199.0,112,58.8,12.08,11.0,2024-01-03
Yes,58.0,yes,0,0.0,6.0,158.9,77,43.02,8.9,9.7,2025-07-16
No,54.0,yes ,0,0.0,1.0,213.5,78,57.96,10.08,10.2,2025-08-09
False,7.0,YES,0,0.0,3.0,115.3,96,38.77,9.59,10.3,2026-07-09
No ,97.0,no,0,0.0,0.0,201.8,99,55.56,12.19,11.8,2024-10-13
Yes,3.0,yess,0,0.0,,61.0,110,19.4,4.51,13.8,2026-08-04
NO,76.0,NO,1,1.02,1.0,193.9,81,71.71,16.2,3.7,2025-03-11
no,118.0,YES,0,0.0,3.0,201.9,65,44.0,5.33,11.4,2024-05-23
no,144.0,yes,0,0.0,1.0,185.2,115,54.82,12.85,10.9,2023-11-18
No,75.0,yes,1,2.17,1.0,207.5,114,73.18,9.29,8.1,2025-03-21
False,59.0,yess,0,0.0,0.0,158.9,97,43.85,8.3,10.2,2025-07-11
False,127.0,YES,0,0.0,1.0,224.5,81,49.58,6.54,15.8,2024-03-18
No,182.0,no,0,0.0,0.0,160.0,120,43.57,9.75,11.2,2023-02-28
YES,178.0,yes,0,0.0,1.0,259.1,98,62.08,8.53,10.8,2023-03-27
false,130.0,yes,0,0.0,2.0,182.4,97,60.85,16.42,7.4,2024-02-27
No,193.0,yes,0,0.0,1.0,55.5,68,25.65,8.92,10.2,2022-12-13
No,103.0,yes,0,0.0,1.0,182.5,65,55.69,13.9,5.0,2024-09-01
0,54.0,yes,0,0.0,1.0,151.7,70,46.42,9.31,12.0,2025-08-14
no,202.0,yes,0,0.0,1.0,159.5,122,45.86,10.75,8.6,2022-10-13
true,40.0,yes,0,0.0,2.0,286.8,115,63.17,7.97,14.0,2025-11-15
No,186.0,yess,0,0.0,2.0,235.0,109,60.3,12.62,9.1,2023-01-28
No,172.0,yess,0,0.0,1.0,231.2,116,57.77,10.18,14.1,2023-05-07
No,36.0,Yes,0,0.0,0.0,193.5,88,53.12,12.07,4.0,2025-12-18
No,66.0,yes,0,0.0,3.0,218.1,78,54.94,10.56,11.3,2025-05-17
No,155.0,yes,1,3.25,2.0,249.6,86,92.9,10.11,12.2,2023-09-02
No,148.0,yes,1,3.59,2.0,112.5,149,76.02,12.24,13.1,2023-10-24
False,19.0,yes,1,3.24,1.0,108.8,76,68.92,10.6,12.1,2026-04-17
false,171.0,yes ,0,0.0,3.0,269.8,115,,7.75,17.1,2023-05-19
No,61.0,no,0,0.0,2.0,158.3,114,40.83,8.93,11.1,2025-06-24
0,187.0,yes,1,1.41,1.0,175.4,99,60.92,9.62,5.3,2023-01-21
No,12.0,YES,1,3.27,0.0,230.4,110,91.39,11.26,12.2,2026-05-30
no,84.0,Yes,0,0.0,1.0,128.6,55,53.07,17.7,10.8,2025-01-14
No,,yes,0,0.0,4.0,176.2,114,43.93,7.96,9.3,
false,194.0,yes,1,2.88,1.0,155.6,130,77.01,12.32,10.7,2022-12-05
no,197.0,yes,0,0.0,3.0,229.3,128,60.41,12.98,8.8,2022-11-16
yes,50.0,yes,0,0.0,1.0,289.7,103,70.05,11.6,8.9,2025-09-09
No,198.0,yes,0,0.0,1.0,168.2,121,48.87,10.79,12.6,2022-11-08
Yes,183.0,No,0,0.0,0.0,253.7,117,61.06,9.95,11.0,2023-02-20
NO,51.0,yes,0,0.0,1.0,132.8,119,39.67,9.05,7.7,2025-08-31
No ,165.0,yess,0,0.0,2.0,140.8,93,44.09,11.93,8.7,2023-06-30
0,170.0,yes,0,0.0,3.0,206.6,87,59.86,14.05,11.0,2023-05-26
False,1.0,yess,0,0.0,3.0,241.5,107,58.55,8.23,14.7,2026-08-16
False,73.0,yess,0,0.0,2.0,232.8,101,57.08,10.09,13.0,2025-03-29
no,44.0,yes,1,1.84,1.0,134.3,115,61.06,11.1,6.8,2025-10-21
No,137.0,no,0,0.0,3.0,170.6,78,41.98,7.22,6.8,2024-01-10
False,201.0,Yes,0,0.0,1.0,113.3,76,37.54,10.67,10.7,2022-10-20
No,82.0,yes,1,2.6,0.0,119.8,100,66.28,11.54,9.5,2025-01-29
NO,130.0,yes,0,0.0,1.0,257.3,108,58.18,7.82,11.6,02-29-2024
False,6.0,yes,0,0.0,0.0,129.6,77,34.38,6.59,13.0,2026-07-14
No,87.0,no,1,2.97,0.0,259.1,84,93.7,11.15,11.2,2024-12-23
YES,93.0,yes,1,1.72,2.0,248.4,105,78.33,11.31,6.2,2024-11-14
no,2.0,yess,0,0.0,1.0,238.6,91,59.91,11.15,8.9,2026-08-08
No,96.0,YES,0,0.0,3.0,127.2,90,36.11,8.81,7.5,2024-10-20
False,151.0,YES,1,3.55,0.0,199.8,73,94.43,14.74,13.4,2023-10-04
no,159.0,yes,1,3.49,2.0,186.5,116,91.84,14.33,12.7,2023-08-05
No,47.0,YES,0,0.0,1.0,208.0,83,57.7,12.82,9.1,2025-09-30
No ,62.0,yes,0,0.0,1.0,188.2,116,46.1,7.83,7.5,2025-06-19
No ,166.0,yes,0,0.0,2.0,192.4,80,48.41,6.9,6.3,2023-06-21
true,174.0,yes,0,0.0,3.0,255.4,44,62.15,10.72,7.8,
no,121.0,yes ,0,0.0,2.0,114.4,86,35.86,7.93,10.5,2024-04-30
No ,31.0,yes,0,0.0,3.0,143.0,70,,9.17,12.9,2026-01-18
Yes,159.0,NO,0,,0.0,251.1,117,60.11,9.79,11.0,2023-08-06
No,155.0,yes,0,0.0,1.0,172.6,105,54.55,15.09,9.6,2023-09-04
No,51.0,yes,0,0.0,2.0,111.3,86,42.16,11.73,9.4,2025-09-05
true,49.0,no,0,0.0,0.0,161.9,83,40.04,6.25,14.1,2025-09-18
0,91.0,yes,1,1.54,1.0,155.0,99,54.83,7.03,6.1,2024-11-24
0,123.0,yes,0,0.0,4.0,216.4,91,54.04,9.49,10.4,2024-04-15
Yes,194.0,yes,0,0.0,0.0,295.7,99,70.12,11.76,8.9,2022-12-03
YES,171.0,yes ,0,,4.0,120.3,96,34.98,8.47,12.0,2023-05-18
No ,196.0,yes ,0,0.0,0.0,189.6,99,46.36,6.0,17.0,2022-11-25
SI,83.0,yes,0,0.0,3.0,268.0,83,64.62,11.4,10.9,2025-01-23
False,5.0,yes,0,0.0,1.0,137.1,99,39.51,9.15,12.3,2026-07-21
No,205.0,yess,0,0.0,1.0,229.5,92,51.62,6.87,9.0,2022-09-19
No ,84.0,yes,1,2.76,3.0,161.7,78,64.15,5.47,9.9,2025-01-12
No,107.0,no,0,0.0,1.0,195.6,120,55.03,12.53,10.6,2024-08-04
Yes,6.0,yes,0,0.0,0.0,306.2,105,68.18,9.39,8.5,2026-07-11
false,117.0,yes ,0,0.0,2.0,190.5,92,60.08,15.85,8.3,2024-05-28
No,80.0,YES,0,0.0,0.0,146.6,78,35.07,5.6,6.7,2025-02-11
False,7.0,yes ,0,0.0,0.0,170.6,88,,12.29,11.9,2026-07-08
No,106.0,yes,1,1.98,,188.8,127,66.26,8.2,7.6,2024-08-11
NO,171.0,yes,1,3.13,1.0,188.7,69,82.25,11.16,11.5,2023-05-17
No,45.0,yes,1,2.44,,241.2,96,78.79,7.94,9.0,2025-10-14
No,59.0,yes,0,0.0,2.0,224.7,107,54.64,9.81,9.3,2025-07-11
False,108.0,No,0,0.0,1.0,190.8,78,55.44,13.39,1.3,2024-07-27
NO,48.0,yes,0,0.0,1.0,187.0,89,49.51,9.55,13.2,2025-09-24
False,80.0,yes,0,0.0,1.0,234.5,121,59.56,11.14,11.9,2025-02-08
No ,196.0,yes,0,0.0,1.0,157.6,84,45.42,10.69,13.6,2022-11-25
NO,46.0,YES,1,,2.0,190.7,116,74.81,6.47,12.0,2025-10-05
False,34.0,Yes,1,2.78,3.0,224.2,77,81.57,9.33,10.2,2025-12-31
0,144.0,yes,0,0.0,1.0,135.1,87,36.55,7.18,15.5,2023-11-20
No,,yes,1,2.07,3.0,105.3,115,58.55,11.9,7.8,2024-04-07
No,105.0,yes,0,0.0,3.0,210.3,106,56.81,11.48,7.7,2024-08-19
no,19.0,yess,0,0.0,2.0,133.9,112,39.38,9.76,10.6,2026-04-16
si,14.0,yes,0,0.0,5.0,63.2,110,18.56,4.6,13.6,2026-05-16
No ,188.0,yes,0,,1.0,161.5,102,48.38,11.83,10.8,2023-01-18
No,,YES,0,0.0,3.0,274.6,94,62.97,8.4,2.1,
yes,191.0,no,1,3.86,1.0,226.8,116,86.34,6.04,13.9,2022-12-25
false,57.0,yes,0,0.0,0.0,219.5,91,49.61,7.5,6.1,2025-07-20
No,163.0,Yes,0,0.0,3.0,224.2,116,55.62,9.46,11.3,2023-07-11
No,,no,0,0.0,2.0,212.2,141,55.58,10.21,7.8,
No,82.0,yes,0,0.0,1.0,177.1,108,41.38,4.7,9.4,2025-01-30
no,9.0,YES,0,0.0,2.0,128.0,98,37.1,8.09,8.2,2026-06-20
0,90.0,Yes,0,0.0,2.0,55.2,97,35.08,14.45,12.0,2024-12-02
no,21.0,Yes,0,0.0,1.0,191.4,99,45.38,7.38,10.7,2026-03-30
No,177.0,yess,0,0.0,1.0,217.3,125,50.18,7.31,9.5,2023-04-02
no,26.0,yes,0,0.0,0.0,87.5,112,34.29,11.27,15.6,2026-02-23
0,64.0,n0,0,0.0,1.0,254.9,85,66.21,10.99,13.0,2025-06-06
No,109.0,yes,1,3.03,0.0,219.4,93,79.95,6.81,11.2,2024.07.24
no,151.0,YES,1,3.27,1.0,217.8,103,83.38,7.79,12.1,2023-10-02
False,37.0,yes,0,0.0,1.0,82.8,109,36.17,11.55,7.7,2025-12-06
False,121.0,yes,0,0.0,0.0,273.6,110,51.99,2.79,10.9,2024-04-29
no,4.0,yes,0,0.0,2.0,125.8,82,45.54,14.17,10.1,2026-07-26
No,120.0,YES,1,2.64,2.0,193.6,104,78.96,11.87,9.7,2024-05-10
true,69.0,Yes,0,0.0,2.0,113.0,108,37.89,8.52,9.3,2025-05-02
yes,38.0,yess,0,0.0,4.0,61.6,116,20.45,3.69,8.3,2025-12-05
False,16.0,yes ,0,0.0,2.0,157.7,67,,6.51,6.8,2026-05-04
false,24.0,yes ,1,4.03,1.0,181.2,82,92.75,12.12,15.2,2026-03-10
False,18.0,yes,0,0.0,1.0,219.9,106,57.06,8.79,12.4,2026-04-21
No,,yes,0,0.0,3.0,123.0,99,46.4,12.49,11.2,2026-01-12
No ,139.0,yes,0,0.0,0.0,100.2,110,29.5,6.48,10.6,2023-12-27
False,152.0,yes,1,2.69,2.0,276.5,98,91.87,10.89,10.0,2023-09-29
no,179.0,YES,0,0.0,,241.5,126,55.15,7.77,11.8,2023-03-22
0,202.0,yess,1,2.48,1.0,229.8,80,83.76,11.84,9.0,2022-10-11
Yes,,Yes,1,2.74,2.0,195.9,133,73.26,7.11,10.1,2025-06-24
Si,20.0,YES,0,0.0,2.0,322.7,107,77.22,12.48,11.3,2026-04-09
si,,Yes,0,0.0,0.0,289.9,84,65.79,8.74,9.5,2025-02-05
False,19.0,yes,1,2.12,1.0,93.9,104,49.69,7.52,7.6,2026-04-15
No ,129.0,no,0,0.0,2.0,159.8,62,45.21,10.53,9.3,2024-03-03
YES,44.0,no,0,0.0,2.0,204.2,123,51.51,9.2,7.5,2025-10-22
false,13.0,yes,0,0.0,0.0,148.0,81,41.84,10.0,13.7,2026-05-29
No ,58.0,yes,1,1.56,0.0,195.7,61,65.37,9.82,6.0,2025-07-14
No,64.0,yes ,0,0.0,1.0,139.3,100,44.36,12.04,10.5,2025-05-31
No,71.0,YES,0,0.0,3.0,125.8,99,45.66,11.85,10.1,2025-04-18
false,13.0,yes ,0,0.0,0.0,208.0,107,49.99,8.25,7.9,2026-05-28
no,47.0,yes,0,0.0,1.0,230.7,105,57.88,8.69,12.9,2025-09-30
No ,201.0,yes,0,0.0,,150.2,93,49.41,14.13,6.7,2022-10-19
NO,81.0,yes,0,0.0,2.0,113.4,133,30.88,7.1,10.9,2025-02-04
NO,48.0,yes,0,0.0,2.0,253.6,74,61.95,8.33,10.8,2025-09-24
No,156.0,yes,0,0.0,0.0,148.4,102,37.0,6.46,9.9,2023-08-28
No,10.0,yes ,1,2.18,3.0,154.3,104,64.84,9.18,8.2,2026-06-14
False,110.0,yess,0,0.0,0.0,180.3,72,50.63,11.8,12.1,2024-07-19
0,,yess,1,3.91,2.0,202.6,78,87.13,6.52,14.8,2025-10-01
NO,47.0,yes,0,0.0,0.0,223.0,98,56.42,10.48,2.0,2025-09-28
si,110.0,Yes,0,0.0,2.0,246.5,85,64.61,11.17,10.1,2024-07-18
no,132.0,Yes,1,2.55,0.0,225.4,106,86.22,12.26,9.7,2024-02-15
False,81.0,yes ,0,0.0,1.0,175.6,73,43.81,7.57,5.3,2025-02-04
False,105.0,no,1,3.22,3.0,125.1,119,68.66,8.6,11.8,2024-08-20
1,190.0,no ,1,3.0,4.0,154.0,121,74.19,10.57,11.1,12-31-2022
1,115.0,YES,0,0.0,2.0,223.8,95,65.66,13.79,8.3,2024-06-10
False,159.0,YES,0,0.0,1.0,160.5,113,56.0,14.57,7.2,2023-08-11
No ,160.0,yes,0,0.0,0.0,205.6,69,50.2,8.54,10.8,2023-08-02
no,14.0,YES,1,4.38,1.0,219.8,78,100.64,10.98,16.2,2026-05-16
No,3.0,YES,0,0.0,2.0,170.3,92,46.74,9.39,14.4,2026-08-03
No,15.0,Yes,0,,2.0,165.8,114,39.71,6.43,10.0,2026-05-15
False,167.0,yes,0,0.0,2.0,178.2,77,48.68,10.68,9.2,2023-06-11
No ,87.0,yes,0,0.0,0.0,128.3,106,46.6,13.65,12.7,2024-12-24
No ,171.0,Yes,1,3.52,0.0,224.5,98,89.74,8.99,13.0,2023-05-19
NO,29.0,Yes,0,0.0,2.0,205.3,138,49.3,8.15,12.6,2026-02-05
No,69.0,yess,0,0.0,0.0,131.5,103,46.87,13.92,13.5,2025-04-27
No,56.0,yes,0,0.0,0.0,126.7,71,26.02,2.52,9.0,2025-07-28
False,21.0,yes,0,0.0,1.0,173.9,90,50.94,12.15,7.5,2026-03-31
0,142.0,yes ,0,0.0,0.0,134.8,75,39.21,9.69,6.0,2023-12-02
0,112.0,Yes,1,2.66,2.0,211.1,88,80.51,11.27,9.9,2024-07-04
No,91.0,Yes,0,0.0,4.0,164.2,117,44.47,9.55,12.0,2024-11-24
0,180.0,yes,0,0.0,2.0,189.3,73,,10.84,10.1,2023-03-11
0,85.0,yes,0,0.0,0.0,248.6,105,58.45,8.86,11.4,2025-01-10
no,122.0,yes,0,0.0,3.0,206.8,122,50.6,8.14,12.6,2024-04-25
0,115.0,yes,0,0.0,1.0,131.7,81,45.36,14.23,11.4,2024-06-09
false,5.0,yes,1,2.78,2.0,204.3,100,75.3,7.54,10.1,2026-07-23
False,170.0,yes,0,0.0,0.0,141.7,76,43.83,9.61,11.8,2023-05-22
false,171.0,no,0,0.0,,251.7,146,55.94,7.62,10.0,2023-05-17
YES,61.0,Yes,0,0.0,1.0,226.2,110,63.08,14.91,11.3,2025-06-24
no,114.0,yes,0,0.0,2.0,98.9,98,43.3,15.41,7.6,2024-06-21
False,142.0,yess,1,4.25,0.0,111.7,140,81.53,10.76,16.1,2023-12-05
0,189.0,yes,0,0.0,0.0,183.4,96,51.13,10.52,8.1,2023-01-10
No ,59.0,YES,1,1.98,0.0,209.9,112,68.35,7.67,7.0,2025-07-11
No,86.0,Yes,0,0.0,5.0,280.0,127,66.04,8.96,15.2,2025-01-01
False,147.0,yes,0,0.0,2.0,174.4,102,50.48,12.2,13.0,2023-11-01
No,201.0,yes ,0,0.0,1.0,159.8,74,50.85,13.28,7.6,2022-10-21
No,123.0,Yes,1,2.37,3.0,171.0,87,,5.65,8.7,2024-04-17
No,62.0,Yes,1,2.69,0.0,215.0,60,80.24,9.15,10.1,2025-06-20
0,96.0,yes,1,3.13,1.0,208.8,101,89.3,12.53,11.5,2024-10-24
no,152.0,yes,1,2.9,1.0,132.2,135,70.9,11.04,11.0,2023-09-23
No,57.0,YES,1,2.76,1.0,189.2,66,78.23,10.71,10.0,2025-07-22
No,57.0,yes,0,0.0,,149.9,99,45.37,10.08,11.8,2025-07-19
No ,158.0,Yes,0,0.0,1.0,238.6,83,57.16,9.94,11.1,2023-08-17
No,36.0,n0,0,0.0,1.0,265.3,120,60.96,9.13,10.2,2025-12-15
Si,106.0,yes,0,0.0,1.0,222.5,88,65.04,15.76,16.1,2024-08-14
No,184.0,yess,1,2.68,0.0,225.5,107,86.52,12.35,9.8,2023-02-16
No,-7.0,yes,1,3.14,1.0,163.3,106,86.61,15.64,11.7,2026-10-15
False,165.0,yes,1,3.25,2.0,188.5,117,75.1,6.45,12.1,2023-06-29
No,133.0,YES,1,3.4,3.0,178.8,98,81.06,9.37,12.8,2024-02-04
No,102.0,Yes,0,0.0,2.0,197.8,112,58.54,12.21,11.0,2024-09-09
True,141.0,no,0,0.0,2.0,225.0,98,58.78,11.5,17.6,2023-12-12
No,40.0,YES,0,0.0,1.0,103.0,94,34.74,9.43,14.3,2025-11-18
No,,yess,1,3.96,1.0,65.4,76,67.59,9.21,14.4,2023-09-19
YES,61.0,yes,1,1.72,4.0,187.1,124,62.12,7.28,6.3,2025-06-24
true,108.0,no,0,0.0,2.0,186.5,121,51.92,11.2,13.8,2024-07-29
No,35.0,yes ,1,2.54,2.0,177.0,87,70.63,9.1,9.5,2025-12-21
yes,117.0,Yes,0,0.0,2.0,279.9,118,64.69,10.13,10.6,2024-05-31
false,91.0,yes,0,0.0,0.0,173.9,130,45.22,9.5,10.3,
false,94.0,YES,1,2.54,0.0,209.8,81,75.53,7.97,9.6,2024-11-02
No,46.0,yes ,0,0.0,0.0,215.6,77,58.68,12.55,13.8,2025-10-06
0,92.0,YES,1,2.54,0.0,156.8,122,75.43,12.92,9.5,2024-11-19
NO,55.0,yes,0,0.0,1.0,182.7,117,49.94,9.19,10.6,2025-08-05
Yes,76.0,no,0,0.0,1.0,257.6,53,75.11,15.62,9.0,2025-03-12
0,196.0,Yes,0,0.0,2.0,292.0,87,63.6,8.16,10.0,2022-11-24
No ,189.0,yes,0,0.0,0.0,143.1,89,42.43,10.28,9.2,2023-01-11
false,114.0,yes ,1,2.43,0.0,278.5,87,92.34,12.59,8.8,2024-06-21
No,184.0,yes,0,0.0,2.0,165.7,91,46.13,10.13,15.2,2023-02-16
Si,164.0,yes,0,0.0,1.0,270.6,113,65.43,9.24,6.3,2023-07-07
false,128.0,yes,0,0.0,2.0,182.1,100,59.37,16.36,11.2,2024-03-09
0,81.0,yes,0,0.0,2.0,138.2,65,40.62,10.5,9.2,2025-02-06
yes,99.0,yes,0,0.0,4.0,176.9,123,42.28,6.95,9.0,2024-10-04
no,6.0,yes ,0,0.0,2.0,215.6,67,53.55,7.98,9.4,2026-07-13
0,14.0,Yes,0,0.0,1.0,151.5,98,45.71,10.49,11.9,2026-05-19
yes,162.0,no,1,3.03,0.0,109.3,113,72.69,13.11,11.1,2023-07-21
No,40.0,YES,1,3.15,1.0,209.3,101,89.2,12.58,11.4,2025-11-21
0,32.0,Yes,0,0.0,1.0,188.2,89,48.23,9.53,13.2,2026-01-12
No,17.0,yes,0,0.0,1.0,150.0,69,45.91,9.42,12.1,2026-04-26
0,7.0,yes,0,0.0,2.0,221.8,110,50.9,7.91,10.4,2026-07-06
No,196.0,yes,0,0.0,1.0,198.4,109,49.3,8.24,13.0,2022-11-19
NO,20.0,yes ,1,3.0,1.0,224.1,110,79.07,6.68,11.5,2026-04-06
No,158.0,yes,0,0.0,1.0,178.6,98,45.66,9.25,7.9,2023-08-17
no,120.0,yes,0,0.0,4.0,172.4,71,,10.72,10.3,2024-05-10
NO,13.0,yess,1,0.1,1.0,130.2,113,37.06,8.26,0.1,2026-05-23
false,177.0,yes,0,0.0,3.0,202.4,92,52.89,10.65,7.1,2023-04-05
No ,58.0,yes,0,0.0,0.0,58.4,64,30.78,12.27,11.2,2025-07-18
NO,41.0,NO,1,1.56,2.0,125.7,54,55.79,10.78,5.8,2025-11-12
False,168.0,yes,0,0.0,1.0,193.4,107,52.14,9.27,10.9,2023-06-05
No ,159.0,yes,0,0.0,3.0,202.2,104,47.83,7.63,7.6,2023-08-06
False,74.0,Yes,0,0.0,3.0,192.5,94,49.48,9.28,10.9,2025-03-25
True,37.0,no,1,2.99,4.0,153.7,121,74.75,10.51,11.2,2025-12-11
No,152.0,yes,1,3.71,0.0,202.4,93,84.83,7.75,13.6,2023-09-23
false,5.0,yes,0,0.0,0.0,179.4,125,53.4,11.47,10.6,2026-07-20
True,53.0,YES,0,0.0,0.0,214.5,120,64.29,14.98,12.5,2025-08-17
si,166.0,yes,0,0.0,5.0,64.4,89,25.83,8.61,5.7,2023-06-22
0,188.0,YES,0,0.0,1.0,226.3,111,59.17,12.4,6.7,2023-01-20
No ,173.0,yes ,0,0.0,3.0,107.1,79,38.75,12.09,10.4,2023-05-02
Si,44.0,Yes,0,0.0,1.0,248.6,120,65.83,13.37,13.0,2025-10-21
No,82.0,yes ,0,0.0,1.0,231.5,134,55.83,9.49,12.2,2025-01-25
0,32.0,yes ,0,0.0,2.0,140.5,78,40.81,10.04,11.4,2026-01-15
no,82.0,YES,0,0.0,0.0,124.2,138,46.04,12.33,13.3,2025-01-26
0,3.0,YES,0,0.0,4.0,162.0,95,47.45,11.64,10.0,2026-08-05
No,99.0,Yes,0,0.0,1.0,209.2,120,51.19,8.69,11.0,2024-10-02
No,141.0,yes,0,0.0,1.0,238.3,124,59.75,11.16,10.8,2023-12-14
NO,47.0,yes,1,1.73,1.0,159.4,72,59.88,9.2,6.2,2025-10-02
No,189.0,YES,0,0.0,1.0,194.3,102,51.37,9.01,9.3,2023-01-08
No ,69.0,yes,1,2.64,1.0,144.4,107,68.41,9.58,9.8,2025-05-01
no,63.0,yes,1,0.1,1.0,153.5,95,38.35,7.64,0.0,2025-06-11
No ,74.0,NO,0,0.0,0.0,110.2,90,32.15,7.42,6.6,2025-03-22
no,84.0,no,1,,4.0,244.1,118,87.1,11.0,9.8,2025-01-15
No,129.0,yes,0,0.0,1.0,237.2,121,56.73,9.11,7.5,2024-03-04
No,15.0,yes,0,0.0,1.0,181.8,133,39.76,4.89,8.4,2026-05-12
False,168.0,yes ,0,0.0,1.0,146.8,123,41.76,8.73,7.8,2023-06-04
no,80.0,Yes,0,0.0,1.0,43.0,125,24.83,10.43,11.3,2025-02-10
Si,179.0,Yes,0,0.0,3.0,191.0,81,,9.13,10.6,2023-03-22
No ,168.0,YES,0,0.0,3.0,247.7,83,,7.4,7.9,
no,154.0,yes,0,0.0,1.0,181.6,108,54.93,12.76,11.7,2023-09-10
false,19.0,YES,0,0.0,2.0,131.4,96,39.49,6.69,7.7,2026-04-17
No ,11.0,yes ,0,0.0,1.0,193.4,121,54.17,12.11,9.0,2026-06-12
0,27.0,yes,0,0.0,0.0,62.6,107,30.42,10.96,5.1,2026-02-15
SI,206.0,yes,0,0.0,,251.9,71,61.53,10.33,9.8,2022-09-15
No,86.0,YES,0,0.0,3.0,219.4,114,55.92,10.93,11.7,2025-01-01
No,162.0,Yes,0,0.0,2.0,184.3,101,52.04,10.63,9.3,2023-07-21
0,55.0,yes,0,0.0,,148.3,97,34.05,4.56,11.1,2025-08-04
NO,,yes,0,0.0,0.0,261.3,85,67.27,12.07,5.4,2026-08-03
0,105.0,yes,1,3.49,0.0,103.0,79,71.88,11.12,12.9,2024-08-19
false,93.0,no,1,2.76,1.0,149.7,97,66.67,7.48,10.0,2024-11-10
no,189.0,yes,0,0.0,3.0,113.0,109,35.36,9.63,13.8,2023-01-11
No,116.0,yes,1,3.24,3.0,251.5,111,92.88,10.57,11.9,2024-06-04
false,17.0,yes,0,0.0,3.0,252.1,110,59.96,9.23,11.6,2026-04-27
No,-14.0,yess,1,3.38,2.0,183.8,97,72.36,3.74,12.7,2026-12-01
false,24.0,yes,1,2.96,2.0,150.7,100,75.26,12.41,10.8,2026-03-08
false,31.0,yes,1,3.21,1.0,280.5,70,93.03,7.63,11.9,2026-01-17
yes,124.0,yess,0,0.0,1.0,227.9,131,65.02,15.08,5.4,2024-04-06
NO,159.0,yess,0,0.0,,128.3,97,38.63,6.89,7.6,2023-08-07
SI,33.0,yes,0,0.0,3.0,256.5,43,61.15,10.65,7.9,2026-01-06
no,88.0,yes,0,0.0,1.0,97.5,127,40.72,13.1,7.0,2024-12-14
0,150.0,No,1,2.05,1.0,238.2,75,83.7,13.22,7.8,2023-10-09
false,136.0,YES,0,0.0,0.0,189.5,83,48.8,8.23,6.1,2024-01-14
0,8.0,Yes,0,0.0,4.0,213.6,125,57.15,12.31,14.4,2026-07-01
No,38.0,yes ,0,0.0,3.0,149.1,54,48.45,13.1,8.7,2025-12-01
NO,172.0,yes,0,0.0,0.0,218.7,95,53.1,8.94,11.5,2023-05-12
No,108.0,yes,0,0.0,0.0,83.5,85,34.47,12.26,10.3,2024-07-27
True,207.0,yes,0,0.0,1.0,329.5,105,70.34,7.56,8.5,2022-09-06
False,90.0,yes,1,2.43,1.0,220.9,73,87.87,14.36,8.8,2024-12-01
1,126.0,no,0,0.0,1.0,272.3,66,71.79,13.18,12.0,2024-03-26
No,185.0,yes,0,0.0,2.0,183.2,106,47.89,10.3,9.9,2023-02-04
false,52.0,yes,0,0.0,2.0,176.3,80,39.78,5.62,11.9,2025-08-27
No ,119.0,YES,0,0.0,2.0,168.5,93,51.99,11.93,10.1,2024-05-14
Yes,90.0,yes,1,2.5,2.0,215.7,125,82.87,11.7,9.3,2024-12-04
No,36.0,yes,0,0.0,1.0,227.7,78,57.21,10.48,11.9,2025-12-17
No,41.0,yes ,0,0.0,2.0,238.2,135,57.33,9.25,10.3,2025-11-14
No,9.0,yes ,1,1.39,3.0,142.3,101,54.95,10.62,5.1,2026-06-21
False,59.0,yes,1,2.92,,164.0,123,70.05,6.87,11.0,2025-07-08
NO,136.0,YES,0,0.0,1.0,216.0,102,57.46,9.52,8.7,2024-01-19
Yes,21.0,Yes,0,0.0,5.0,137.2,114,37.41,7.9,10.1,
no,61.0,yess,0,0.0,1.0,211.5,87,49.82,8.33,13.2,2025-06-21
No ,207.0,yes,0,0.0,0.0,193.5,66,53.35,11.91,12.9,2022-09-06
NO,56.0,Yes,0,0.0,3.0,131.9,119,47.57,14.54,14.1,2025-07-27
No,25.0,Yes,0,0.0,0.0,151.1,88,37.03,6.54,11.7,2026-03-05
False,200.0,no,0,0.0,0.0,145.5,89,51.05,15.15,8.9,2022-10-28
NO,28.0,yes,0,0.0,2.0,249.5,103,57.02,8.4,11.1,2026-02-10
No ,75.0,yes,1,,0.0,144.0,105,73.18,11.15,11.3,2025-03-21
No,0.0,yes,0,0.0,2.0,140.0,132,38.04,6.74,11.2,2026-08-26
No,165.0,yes,0,0.0,5.0,236.7,113,53.55,7.46,10.2,2023-06-27
0,165.0,yes,0,0.0,0.0,197.4,99,59.9,13.32,16.0,2023-06-27
no,64.0,Yes,0,0.0,3.0,139.1,139,40.47,9.5,11.9,2025-06-05
NO,167.0,yes,0,0.0,0.0,145.0,95,41.72,9.69,6.8,2023-06-10
No ,140.0,yes,0,0.0,1.0,276.2,103,59.12,6.47,8.2,2023-12-19
NO,86.0,yes,0,0.0,1.0,174.5,125,51.94,13.03,11.2,2025-01-03
Si,121.0,YES,0,0.0,1.0,245.1,98,64.46,12.64,13.8,2024-04-29
No,39.0,Yes,1,3.43,2.0,130.4,63,76.34,11.47,12.7,2025-11-25
No,195.0,yes,0,0.0,0.0,159.0,74,43.35,7.37,11.3,2022-11-27
No,10.0,yes,0,0.0,4.0,192.4,96,55.77,13.17,9.1,2026-06-15
No,66.0,yess,0,0.0,0.0,215.6,78,59.58,13.22,15.4,2025-05-19
No,41.0,yes,0,0.0,1.0,114.0,121,39.75,11.8,13.1,2025-11-10
False,60.0,Yes,0,0.0,3.0,247.6,82,55.37,7.5,7.9,2025-07-01
false,10.0,yes,0,0.0,1.0,254.7,87,58.02,8.61,5.4,2026-06-18
false,65.0,NO,1,2.1,1.0,234.5,76,84.33,13.17,7.8,2025-05-25
True,46.0,yes,0,0.0,3.0,266.6,114,65.79,11.11,11.5,2025-10-10
no,201.0,yess,0,0.0,2.0,126.3,81,45.1,14.08,10.0,2022-10-20
No,,yess,1,,1.0,118.8,96,54.37,9.78,6.5,2024-05-15
No,112.0,no ,1,3.54,2.0,154.1,114,72.15,5.95,12.9,2024-07-04
False,83.0,yes ,1,3.02,2.0,187.8,41,,9.0,11.4,2025-01-21
No ,16.0,yes,1,2.7,3.0,312.0,86,92.57,7.41,9.9,2026-05-08
1,8.0,yes,0,0.0,1.0,212.7,112,60.54,12.96,8.4,2026-07-01
no,95.0,yess,0,0.0,1.0,107.2,70,42.14,13.16,12.5,2024-10-30
no,64.0,yes,0,0.0,1.0,83.6,110,35.04,11.74,7.5,2025-06-06
no,35.0,Yes,0,0.0,1.0,82.4,105,31.74,10.27,9.0,2025-12-21
No ,52.0,yes ,0,0.0,1.0,191.9,98,51.39,11.21,10.5,2025-08-24
no,127.0,yess,0,0.0,1.0,205.6,84,57.1,12.85,9.0,2024-03-17
no,170.0,n0,1,3.29,2.0,232.2,94,87.82,8.27,12.3,2023-05-21
False,192.0,Yes,0,0.0,0.0,197.6,87,50.19,9.38,16.0,2022-12-20
No,160.0,yes ,0,0.0,1.0,144.4,91,42.57,10.36,11.9,2023-08-03
No,164.0,yes,0,0.0,2.0,141.0,87,41.13,9.74,7.8,2023-07-04
NO,109.0,yes,1,2.39,2.0,162.5,76,63.8,6.76,8.8,2024-07-24
True,160.0,yes,0,0.0,3.0,239.5,88,63.67,12.13,10.7,2023-07-29
No ,164.0,yes,1,2.65,2.0,88.3,125,56.74,8.88,9.6,2023-07-05
No,31.0,yes,0,0.0,1.0,195.4,61,53.35,11.43,15.4,2026-01-18
false,29.0,Yes,0,0.0,1.0,210.3,70,54.68,10.92,7.7,2026-01-31
NO,179.0,yes,0,0.0,,168.1,97,41.61,7.55,4.6,2023-03-18
false,63.0,yes,0,0.0,1.0,191.5,107,54.56,10.37,12.6,2025-06-12
No,148.0,yes,0,0.0,1.0,244.5,102,59.2,10.24,9.3,2023-10-26
Yes,113.0,NO,0,0.0,1.0,179.5,72,45.36,8.64,13.7,2024-06-24
No,99.0,yess,0,0.0,1.0,207.7,133,56.84,10.56,7.3,2024-09-29
No ,175.0,yes,0,0.0,1.0,192.8,97,48.9,8.43,11.5,2023-04-21
NO,170.0,yes,0,0.0,2.0,178.5,88,42.7,7.34,11.4,2023-05-26
No,194.0,yess,0,0.0,2.0,56.0,97,33.76,14.58,12.0,2022-12-06
1,99.0,No,0,0.0,0.0,239.3,106,57.69,8.07,7.2,2024-10-02
No,21.0,yes,0,0.0,2.0,194.9,121,56.67,12.16,9.7,2026-03-30
false,68.0,yes,0,0.0,3.0,192.4,98,62.19,15.64,7.9,2025-05-03
True,91.0,yes,0,0.0,0.0,163.2,105,54.7,13.6,8.7,2024-11-25
No,71.0,yes ,0,0.0,2.0,196.4,121,49.09,8.82,7.1,2025-04-16
no,127.0,yes,0,0.0,2.0,124.3,145,45.34,13.6,8.2,2024-03-16
True,186.0,yes,0,0.0,2.0,96.5,91,31.98,7.05,10.9,2023-01-30
False,163.0,yes,1,3.6,2.0,243.3,112,89.12,6.72,13.5,2023-07-10
False,147.0,yes,0,0.0,5.0,173.4,81,53.7,14.0,10.7,2023-11-03
No,54.0,yes,0,0.0,1.0,209.1,75,54.42,11.62,13.5,2025-08-09
No,178.0,YES,1,3.17,1.0,144.5,98,69.66,8.62,11.7,2023-03-25
0,124.0,yess,1,2.6,2.0,150.8,94,76.26,13.59,10.0,2024-04-09
No,131.0,yes,1,2.71,1.0,152.9,90,70.31,9.67,10.1,2024-02-20
no,82.0,yes ,1,1.61,,222.7,93,73.61,12.04,5.8,2025-01-31
No ,142.0,yes ,1,3.75,1.0,147.8,83,76.0,7.33,14.1,2023-12-04
false,176.0,Yes,0,0.0,2.0,199.6,91,44.65,5.9,6.0,2023-04-14
0,117.0,YES,0,0.0,1.0,127.9,55,52.96,17.73,10.9,2024-05-25
false,154.0,YES,0,0.0,0.0,56.8,65,30.83,12.13,11.3,2023-09-12
No,193.0,yess,0,0.0,0.0,215.6,95,64.28,13.17,4.7,2022-12-10
no,67.0,No,0,0.0,2.0,180.1,114,51.36,10.43,7.4,2025-05-14
false,196.0,yes,0,0.0,1.0,260.5,108,53.42,5.01,9.7,2022-11-19
0,23.0,yes,0,0.0,,113.5,124,,4.17,12.0,2026-03-15
no,55.0,yess,0,0.0,4.0,191.3,60,51.67,10.77,8.3,2025-08-06
False,97.0,yes,0,0.0,1.0,204.4,108,52.11,8.18,4.8,2024-10-17
NO,66.0,YES,0,0.0,1.0,163.3,80,44.91,8.28,6.3,2025-05-20
No,189.0,yes,0,0.0,2.0,188.4,111,49.7,9.93,14.8,2023-01-08
No,164.0,Yes,1,,2.0,118.3,104,61.49,13.89,5.8,2023-07-02
No,41.0,yes,0,0.0,1.0,149.0,119,46.46,11.63,12.3,2025-11-11
False,69.0,yes,1,3.21,1.0,114.0,83,65.28,7.58,12.0,2025-05-02
Si,74.0,Yes,0,0.0,5.0,138.6,115,36.57,7.99,10.3,2025-03-25
0,135.0,yes,0,0.0,2.0,111.9,80,32.53,7.48,10.9,2024-01-21
no,47.0,YES,0,0.0,3.0,124.9,98,45.37,11.84,10.1,2025-10-01
0,9.0,yes,1,2.65,1.0,171.4,86,67.67,6.65,9.8,2026-06-22
SI,81.0,yes ,0,0.0,3.0,271.3,85,63.72,10.16,4.4,2025-02-02
No,203.0,yess,0,0.0,1.0,62.5,100,29.49,9.83,10.0,2022-10-07
NO,148.0,yess,0,0.0,0.0,172.3,87,45.94,9.4,4.2,2023-10-26
false,98.0,Yes,0,0.0,1.0,129.4,101,39.96,10.39,14.3,2024-10-10
0,144.0,yess,0,0.0,1.0,120.0,91,33.71,6.88,5.9,2023-11-18
No,48.0,yess,1,2.41,0.0,69.9,120,44.85,5.15,9.1,2025-09-26
NO,153.0,yess,1,3.26,1.0,250.1,91,84.54,6.01,12.0,
NO,46.0,n0,0,0.0,2.0,214.6,73,53.29,9.52,3.7,2025-10-06
No,20.0,yes ,0,0.0,2.0,243.1,114,60.52,9.52,13.4,2026-04-09
1,155.0,yes,0,0.0,1.0,109.1,108,36.99,10.4,8.0,2023-09-03
No,112.0,yes,0,0.0,1.0,61.5,91,28.35,9.75,11.6,2024-07-04
No,101.0,no,0,0.0,2.0,164.7,107,43.99,9.86,9.7,2024-09-20
false,26.0,yes ,1,3.28,1.0,143.1,120,76.41,11.64,12.0,2026-02-24
No,71.0,yess,0,,0.0,177.0,123,52.86,11.28,11.0,2025-04-18
False,146.0,Yes,0,0.0,1.0,173.0,85,50.83,12.28,8.1,2023-11-06
0,53.0,yess,0,0.0,0.0,31.1,133,30.83,14.09,11.7,2025-08-19
NO,114.0,yes,1,2.65,2.0,215.6,61,80.94,9.78,9.8,2024-06-20
1,206.0,NO,0,0.0,1.0,222.8,76,67.06,16.3,8.7,2022-09-15
No,18.0,no,0,0.0,1.0,160.9,97,51.64,12.19,7.8,2026-04-23
True,13.0,yes,0,0.0,,119.9,125,46.64,12.58,13.7,2026-05-24
No,80.0,yes,0,0.0,1.0,56.6,92,25.49,8.72,7.6,2025-02-09
No,178.0,yes,0,0.0,1.0,153.8,76,45.85,9.9,10.1,2023-03-27
NO,20.0,yes,0,0.0,0.0,228.8,88,55.91,9.71,15.0,2026-04-07
1,16.0,no,0,0.0,3.0,251.4,119,60.82,10.42,12.0,2026-05-02
0,47.0,yes,1,3.94,2.0,193.5,90,93.93,12.34,14.6,2025-10-01
No,23.0,yess,1,3.11,1.0,222.3,80,86.24,9.51,11.5,2026-03-14
No,6.0,yes,0,0.0,0.0,175.1,78,41.54,7.16,10.8,2026-07-16
No,112.0,yes,0,0.0,3.0,265.9,114,60.66,7.8,17.0,2024-07-01
No,128.0,yes,1,2.39,1.0,161.3,110,68.38,10.27,8.8,2024-03-11
1,24.0,yess,0,0.0,0.0,166.3,68,40.56,7.12,10.4,2026-03-08
NO,52.0,yes,0,0.0,0.0,157.6,115,36.53,5.7,11.7,2025-08-25
0,135.0,yess,1,,4.0,165.3,125,84.5,10.89,14.0,2024-01-26
No,150.0,yes,0,0.0,1.0,197.1,108,,10.08,9.1,2023-10-08
No,119.0,yes,0,0.0,5.0,207.1,106,46.24,6.79,10.5,2024-05-17
No,183.0,yess,0,0.0,0.0,108.9,110,22.2,2.15,13.1,2023-02-22
No,38.0,yes,0,0.0,0.0,161.4,138,50.23,11.13,11.2,2025-12-03
yes,23.0,yess,0,0.0,4.0,84.1,113,34.04,11.0,11.6,2026-03-19
false,206.0,Yes,0,0.0,2.0,237.7,96,55.04,8.25,10.6,2022-09-14
False,26.0,no ,0,0.0,1.0,107.6,98,26.11,4.31,9.5,2026-02-25
False,170.0,yes,0,0.0,1.0,177.3,109,46.37,7.69,11.7,2023-05-20
No,171.0,yess,0,0.0,1.0,72.0,87,32.91,10.21,6.6,2023-05-18
No,93.0,yes,0,0.0,0.0,143.9,90,42.77,9.17,12.3,2024-11-11
No,113.0,yes,0,0.0,1.0,123.5,68,37.98,8.35,9.7,2024-06-27
True,5.0,yes ,0,0.0,3.0,243.4,83,62.16,12.34,10.0,2026-07-18
No,173.0,YES,0,0.0,1.0,209.2,92,59.04,11.3,13.1,2023-05-05
false,180.0,yess,0,0.0,2.0,226.2,92,61.62,10.64,9.1,2023-03-16
False,92.0,No,0,0.0,0.0,164.3,121,43.39,9.69,11.2,2024-11-21
Yes,50.0,yes,0,0.0,1.0,242.5,97,62.5,12.52,13.8,2025-09-10
No,39.0,yes,0,0.0,1.0,142.6,90,40.61,9.7,6.0,2025-11-25
No,199.0,yes,0,0.0,1.0,134.6,134,41.79,10.22,8.0,2022-10-30
No,194.0,Yes,1,3.88,1.0,205.6,113,91.74,10.9,14.0,2022-12-08
no,68.0,yes,0,0.0,2.0,115.9,127,43.94,13.94,13.1,2025-05-07
NO,49.0,yes,0,0.0,1.0,183.7,116,49.84,9.32,10.5,2025-09-19
No ,73.0,yes,0,0.0,0.0,209.5,66,59.51,13.58,12.8,2025-04-03
False,187.0,yes,0,0.0,1.0,169.1,121,43.53,8.39,12.4,2023-01-23
Yes,182.0,NO,0,0.0,2.0,135.4,95,34.25,6.65,12.2,2023-02-26
no,114.0,yes,0,0.0,2.0,177.9,113,53.95,13.47,16.3,2024-06-16
No,25.0,yes,0,0.0,2.0,56.7,96,33.89,14.51,11.9,2026-03-01
NO,188.0,yes,1,2.38,0.0,195.9,90,74.73,10.69,8.6,2023-01-18
No,206.0,yes ,0,,0.0,166.1,151,42.11,5.82,8.8,2022-09-11
Si,83.0,yes,0,0.0,4.0,119.0,88,34.86,8.48,12.2,2025-01-21
No ,,yes,0,0.0,0.0,190.5,86,59.5,16.0,6.6,
NO,125.0,YES,1,2.91,1.0,155.1,75,70.35,8.3,10.9,2024-04-01
No,103.0,yes,0,,1.0,216.0,69,55.13,10.96,7.8,
No,118.0,Yes,0,0.0,1.0,210.1,89,51.26,8.73,8.8,2024-05-20
No,204.0,yes,1,1.86,1.0,201.6,86,67.17,8.87,7.0,2022-09-25
YES,93.0,yes,0,0.0,4.0,168.1,124,42.93,8.46,12.4,2024-11-14
no,68.0,yes,0,0.0,1.0,134.4,102,43.65,11.76,10.5,2025-05-04
False,48.0,yes,1,3.53,1.0,115.0,90,73.88,10.81,13.2,2025-09-24
No,109.0,Yes,1,,1.0,162.0,96,66.72,12.54,6.4,2024-07-20
0,28.0,yess,0,0.0,3.0,71.8,106,29.28,9.21,10.4,2026-02-10
NO,180.0,No,0,0.0,0.0,216.3,87,55.94,10.43,11.0,2023-03-14
No ,150.0,YES,0,0.0,1.0,192.1,96,47.55,8.51,11.3,2023-10-13
no,104.0,YES,0,0.0,2.0,190.1,89,47.86,6.97,5.5,2024-08-24
yes,71.0,yes,0,0.0,3.0,292.2,107,71.09,12.7,10.3,
No ,114.0,yes,0,0.0,1.0,178.3,142,41.71,6.0,8.4,2024-06-16
No,92.0,YES,0,,1.0,152.4,92,46.01,10.4,12.4,2024-11-21
Yes,156.0,YES,0,0.0,1.0,322.0,99,68.82,8.37,7.9,2023-08-31
Yes,79.0,no,0,0.0,1.0,53.3,99,34.98,15.17,8.6,2025-02-18
SI,91.0,yes,0,0.0,1.0,231.1,140,63.17,13.4,8.8,2024-11-26
No,155.0,yes,1,3.1,2.0,121.4,97,74.87,13.52,11.4,2023-09-04
false,,yes,0,0.0,1.0,234.0,133,58.04,8.22,6.1,
False,194.0,YES,0,0.0,1.0,123.8,87,34.79,7.11,11.4,2022-12-06
0,188.0,yes,0,0.0,2.0,152.7,129,44.92,9.67,13.3,2023-01-14
No,50.0,YES,1,3.13,1.0,216.8,89,89.55,12.91,11.5,2025-09-10
No ,27.0,yes,0,0.0,0.0,94.6,135,39.38,14.0,9.8,2026-02-14
no,154.0,yes,0,0.0,1.0,218.0,123,54.12,9.43,10.5,2023-09-12
No ,142.0,no,0,0.0,0.0,162.7,99,41.56,7.71,6.3,2023-12-02
False,179.0,yes,0,0.0,1.0,121.5,78,35.88,8.59,12.7,2023-03-21
false,31.0,YES,0,0.0,2.0,183.5,106,48.52,10.4,9.8,2026-01-17
No,138.0,YES,0,0.0,0.0,159.1,108,51.27,12.81,10.1,2024-01-04
No ,69.0,yes,0,0.0,3.0,232.9,61,56.79,8.95,10.4,2025-04-30
No,31.0,YES,1,1.43,5.0,177.4,97,63.06,10.79,5.3,2026-01-23
No,80.0,YES,0,0.0,0.0,203.5,81,53.23,11.54,16.5,2025-02-10
False,5.0,YES,0,0.0,3.0,191.4,82,53.59,10.85,7.1,2026-07-19
False,112.0,yes,0,0.0,3.0,220.3,115,55.0,9.58,11.3,2024-07-02
yes,82.0,no,0,0.0,1.0,348.5,80,76.44,10.19,11.6,2025-01-26
False,79.0,yes,1,2.98,1.0,172.1,116,78.01,12.07,10.6,
no,87.0,yes,1,3.26,1.0,282.4,70,93.98,7.61,12.0,2024-12-25
Yes,149.0,yes,0,0.0,1.0,137.6,119,45.95,11.31,10.2,2023-10-17
Yes,51.0,Yes,0,0.0,4.0,306.4,138,69.45,7.56,7.4,2025-09-01
No,124.0,yes,0,0.0,1.0,207.6,112,50.3,8.78,12.0,2024-04-06
yes,156.0,YES,0,0.0,4.0,160.5,105,41.4,7.68,7.9,2023-08-30
No ,188.0,yes ,1,2.73,0.0,137.6,95,66.2,9.16,10.3,2023-01-19
no,125.0,yes,0,0.0,1.0,104.3,94,31.31,8.0,8.1,2024-04-05
No,34.0,yes,0,0.0,2.0,142.6,116,44.71,11.64,7.9,2026-01-02
No,61.0,yes,0,0.0,0.0,219.5,93,52.13,9.1,11.4,2025-06-22
NO,185.0,Yes,0,0.0,2.0,149.8,97,36.23,6.13,9.2,2023-02-08
Si,65.0,no,0,0.0,1.0,288.5,118,71.79,12.94,10.0,2025-05-30
Yes,75.0,yes,1,1.67,2.0,249.4,104,78.07,11.3,6.3,2025-03-18
false,65.0,yes,0,0.0,1.0,168.3,94,40.77,7.0,13.1,2025-05-30
No,138.0,yes,0,0.0,0.0,171.5,119,46.88,10.39,13.8,2023-12-30
No ,67.0,yess,0,0.0,2.0,190.2,90,44.12,4.6,13.6,2025-05-15
No,25.0,yess,1,2.54,2.0,218.8,116,72.17,5.74,9.4,2026-03-02
yes,116.0,yes ,0,0.0,3.0,253.2,123,63.55,11.59,8.5,2024-06-02
no,121.0,yes,1,2.72,1.0,179.1,109,76.02,10.58,10.0,2024-04-28
false,92.0,yes,0,0.0,1.0,271.8,92,55.43,5.73,8.4,2024-11-21
No,57.0,yes ,0,0.0,1.0,224.5,93,49.75,5.13,13.6,2025-07-22
No,53.0,Yes,0,0.0,2.0,183.9,98,49.44,10.21,8.8,2025-08-21
No,85.0,yes,0,0.0,0.0,168.8,118,50.85,11.78,10.4,2025-01-10
No ,15.0,YES,0,0.0,0.0,138.3,76,44.65,9.76,11.6,2026-05-10
No,111.0,yes,0,0.0,2.0,126.2,130,51.26,14.96,11.7,2024-07-07
NO,154.0,yes,0,0.0,3.0,159.7,68,,6.47,9.5,2023-09-11
False,192.0,yes,1,1.65,4.0,262.2,78,79.69,10.18,6.1,2022-12-23
False,50.0,yes,0,0.0,3.0,222.1,132,58.35,11.51,11.0,2025-09-06
No,73.0,yess,1,2.28,3.0,253.4,112,82.24,8.81,8.5,2025-04-02
NO,205.0,yes,1,2.72,3.0,188.3,84,78.48,10.95,10.1,2022-09-18
no,188.0,YES,1,2.55,3.0,142.8,72,64.35,8.51,9.5,2023-01-17
No,69.0,yes,0,0.0,2.0,121.7,144,44.6,13.69,8.1,2025-04-30
0,160.0,yes ,1,3.25,1.0,282.7,69,93.67,7.75,12.0,2023-08-02
False,41.0,yess,0,0.0,1.0,116.4,108,41.28,12.12,13.1,2025-11-10
No,33.0,yess,0,0.0,0.0,206.6,88,46.74,6.66,14.2,2026-01-09
False,140.0,yes,1,2.03,0.0,175.8,87,64.24,8.14,7.3,2023-12-19
0,145.0,YES,1,2.04,0.0,182.1,106,,6.31,7.5,2023-11-13
False,88.0,yes,0,0.0,3.0,149.9,70,43.42,10.66,12.5,2024-12-14
false,199.0,yess,1,2.67,2.0,177.0,81,73.17,8.77,10.0,2022-11-02
No,181.0,yes,0,0.0,3.0,208.7,86,60.39,14.05,11.0,2023-03-04
True,40.0,NO,0,0.0,4.0,210.3,60,44.01,5.18,9.6,2025-11-21
NO,10.0,yes,0,0.0,0.0,86.0,91,32.15,9.76,10.1,2026-06-17
No,87.0,yess,1,4.15,2.0,147.0,104,75.3,4.53,15.6,2024-12-23
False,86.0,Yes,0,0.0,5.0,172.3,82,53.54,14.09,10.5,2025-01-01
No,82.0,yes,1,3.25,1.0,200.7,75,91.07,14.15,11.9,2025-01-27
No,120.0,yes,0,0.0,0.0,102.2,97,32.58,8.61,10.2,2024-05-08
No,196.0,Yes,0,,1.0,60.7,124,25.21,8.54,9.5,2022-11-24
true,181.0,yess,0,0.0,7.0,135.2,107,43.22,10.47,8.7,2023-03-05
No,117.0,YES,0,0.0,3.0,126.3,99,46.54,12.44,11.4,2024-05-29
YES,158.0,Yes,0,0.0,1.0,287.8,125,67.5,10.3,6.9,2023-08-12
No,1.0,YES,0,0.0,1.0,183.6,116,49.01,9.99,17.9,2026-08-19
false,41.0,YES,0,0.0,3.0,202.0,62,51.25,9.64,12.0,2025-11-10
No,100.0,no,0,0.0,1.0,65.6,112,28.87,10.09,8.7,2024-09-25
No ,98.0,YES,0,0.0,0.0,188.9,99,43.23,5.87,7.4,2024-10-05
No,,n0,1,3.14,1.0,176.0,126,83.52,12.72,11.2,2023-12-05
No ,69.0,yes,1,3.55,2.0,130.6,62,76.05,11.32,12.7,2025-05-02
False,8.0,yes ,0,0.0,1.0,147.1,90,43.03,10.21,13.8,2026-06-30
0,201.0,yes ,0,0.0,2.0,169.8,102,51.22,12.22,13.1,2022-10-21
No ,117.0,Yes,0,,2.0,96.8,79,34.9,9.34,10.3,2024-05-31
false,175.0,yes,0,0.0,3.0,38.1,78,19.62,7.77,14.1,2023-04-18
No,41.0,Yes,0,0.0,0.0,111.9,102,39.08,10.97,11.0,2025-11-14
true,62.0,yes,1,3.09,0.0,151.7,83,,8.49,11.4,2025-06-14
false,74.0,yes,1,1.39,5.0,177.7,96,63.25,11.01,5.3,2025-03-28
yes,197.0,no,1,3.19,0.0,104.6,116,70.55,11.83,11.9,2022-11-14
No,14.0,yes,0,0.0,2.0,173.5,102,51.62,12.8,10.4,2026-05-18
NO,135.0,yess,1,2.66,1.0,189.2,65,77.82,10.65,9.9,2024-01-26
0,85.0,yes,0,0.0,2.0,184.7,86,53.59,11.17,11.2,2025-01-09
Yes,56.0,yes,1,2.35,1.0,123.4,124,59.34,8.67,8.8,2025-07-29
No,82.0,yes,1,3.52,2.0,191.7,75,90.32,13.4,12.7,2025-01-27
0,19.0,Yes,1,3.25,0.0,173.8,108,76.12,8.04,11.9,2026-04-16
False,59.0,yes ,0,0.0,1.0,125.7,83,35.57,8.37,8.5,2025-07-11
No ,149.0,YES,0,0.0,1.0,118.1,113,41.4,10.02,12.3,2023-10-17
false,151.0,YES,0,,1.0,148.1,105,45.58,12.0,6.8,2023-09-30
No,125.0,yes ,0,0.0,2.0,177.1,87,43.88,7.31,11.6,2024-04-01
No,197.0,yes,1,3.58,1.0,156.6,133,69.0,3.58,13.5,2022-11-16
0,27.0,yes,0,0.0,1.0,157.8,98,44.14,8.57,5.6,2026-02-20
False,165.0,yes,0,,1.0,149.2,114,49.58,13.85,12.3,2023-06-25
No,19.0,no,1,3.03,,176.0,126,84.4,12.6,11.5,2026-04-16
no,90.0,yes ,0,0.0,1.0,215.9,102,56.34,9.7,8.6,2024-12-03
No,50.0,yes,0,0.0,0.0,193.4,100,46.13,7.3,6.6,2025-09-12
No,30.0,yes,0,0.0,1.0,126.4,100,36.65,8.61,7.9,2026-01-30
No,177.0,yes,0,0.0,0.0,83.9,148,27.91,6.03,10.7,2023-04-03
No ,108.0,yes,0,0.0,1.0,151.2,103,48.93,12.86,9.4,2024-08-02
0,78.0,yess,0,0.0,3.0,190.2,100,52.2,11.96,9.9,2025-02-22
No,34.0,yes,1,2.69,1.0,81.8,119,60.64,11.78,9.8,2025-12-28
YES,62.0,yes,0,0.0,0.0,201.5,100,56.6,13.4,9.3,2025-06-20
No ,22.0,yes,0,0.0,2.0,201.3,85,52.44,10.82,11.9,2026-03-26
si,141.0,YES,1,2.74,2.0,195.3,133,72.91,7.0,10.1,2023-12-09
No,,YES,1,2.68,1.0,173.2,85,67.75,6.69,9.7,2025-04-03
si,198.0,no,1,4.56,1.0,262.5,81,105.36,8.34,16.9,2022-11-11
No,134.0,yes,0,0.0,2.0,260.1,134,59.35,8.92,6.1,2024-01-29
false,8.0,yes,0,0.0,2.0,144.5,64,41.27,10.42,9.2,2026-07-01
false,186.0,YES,0,0.0,3.0,239.3,93,56.27,8.57,11.8,2023-01-29
false,57.0,yess,0,0.0,0.0,221.1,106,60.94,13.48,9.2,2025-07-24
no,139.0,Yes,0,0.0,1.0,149.8,97,46.31,10.75,11.8,25/12/2023
No,169.0,YES,0,0.0,1.0,91.6,117,41.29,12.77,10.3,2023-05-28
1,141.0,yes,1,2.53,2.0,220.1,124,82.93,11.56,9.2,2023-12-13
YES,134.0,no,0,0.0,0.0,235.6,107,57.66,7.95,7.2,2024-01-29
no,140.0,YES,0,0.0,1.0,227.9,77,57.38,10.41,12.2,2023-12-18
False,55.0,yes,1,2.06,2.0,86.7,103,54.21,11.08,7.3,2025-08-05
0,181.0,yess,1,3.43,2.0,182.4,98,72.74,3.79,12.5,2023-03-09
No,123.0,yess,0,0.0,2.0,212.8,73,52.77,9.62,8.8,2024-04-14
No,127.0,Yes,0,0.0,0.0,169.9,131,48.8,11.4,11.2,2024-03-20
No,2.0,yes,0,0.0,2.0,124.7,133,35.14,7.82,8.6,2026-08-14
True,130.0,YES,0,0.0,5.0,133.4,93,47.03,12.4,11.3,2024-02-26
1,190.0,YES,1,3.74,4.0,157.3,99,74.08,5.98,13.9,2023-01-01
no,202.0,yes,1,3.3,1.0,151.7,119,79.25,11.34,12.3,2022-10-09
No,16.0,yes,0,0.0,2.0,240.6,97,54.6,8.16,10.5,2026-05-03
False,116.0,yes,1,3.23,2.0,163.8,99,77.19,9.89,11.9,2024-06-04
0,187.0,yes,0,0.0,,154.4,109,42.86,9.62,14.0,2023-01-21
False,,yes ,1,,2.0,181.5,81,73.02,8.62,10.2,
no,99.0,yess,0,0.0,0.0,79.2,98,,11.25,14.0,2024-10-04
0,195.0,yes,0,0.0,0.0,174.0,120,,5.04,10.7,2022-11-29
0,13.0,yes,0,0.0,1.0,156.0,94,,10.35,12.7,2026-05-26
0,198.0,yes,0,0.0,3.0,179.0,131,40.88,5.7,6.5,2022-11-05
false,93.0,yes,1,1.6,1.0,281.7,91,80.29,9.26,6.3,2024-11-09
No ,183.0,yess,0,0.0,1.0,96.4,77,37.77,12.47,14.2,2023-02-24
No,151.0,yes ,0,0.0,1.0,227.3,83,50.89,6.78,3.3,2023-10-06
No,165.0,yes,1,3.29,2.0,144.3,73,76.92,10.55,12.4,2023-06-24
false,132.0,yes,0,0.0,1.0,204.5,97,57.95,13.66,11.0,2024-02-13
No,29.0,YES,0,0.0,0.0,205.7,98,49.01,7.74,12.4,2026-02-06
no,206.0,yes,1,2.19,0.0,22.9,148,37.69,7.07,7.9,2022-09-11
No ,199.0,yes,1,2.61,2.0,122.1,93,66.47,11.74,9.5,2022-10-30
Si,205.0,yes,0,0.0,1.0,138.1,119,45.01,11.29,10.2,2022-09-21
0,0.0,yes,0,0.0,2.0,157.6,72,49.49,11.69,12.0,2026-08-22
No,40.0,YES,0,0.0,1.0,129.2,95,33.8,7.28,7.8,2025-11-18
True,135.0,yes,0,0.0,1.0,224.6,129,65.02,15.04,5.5,2024-01-22
si,122.0,yes,0,0.0,4.0,308.1,139,69.42,7.44,7.2,2024-04-20
no,133.0,yes,0,0.0,,216.9,92,58.62,12.0,4.9,2024-02-07
No ,110.0,yes,0,0.0,1.0,210.3,116,54.57,11.02,7.1,2024-07-17
false,164.0,yes,0,0.0,2.0,231.7,103,62.19,13.32,7.5,2023-07-06
No,60.0,yes,0,0.0,0.0,151.3,102,37.04,6.65,9.9,2025-07-01
No ,187.0,yess,0,0.0,0.0,214.9,81,67.81,16.01,4.3,2023-01-21
False,38.0,YES,0,0.0,3.0,174.3,90,47.42,9.96,11.3,2025-12-05
No,,yes,0,0.0,1.0,139.4,131,45.04,10.47,8.0,
0,174.0,Yes,1,3.0,1.0,182.2,116,72.83,6.39,11.1,2023-04-27
Yes,23.0,n0,0,0.0,2.0,116.8,113,41.73,10.63,13.8,2026-03-16
0,76.0,yes,1,1.87,0.0,208.3,75,,7.93,6.5,2025-03-13
0,111.0,yes,0,0.0,2.0,116.8,82,37.35,9.27,10.9,2024-07-08
No ,155.0,yes,0,0.0,0.0,74.6,121,38.24,14.5,10.8,2023-09-02
false,173.0,yess,0,0.0,4.0,256.5,87,67.35,11.93,9.8,2023-05-03
No,71.0,yess,0,0.0,2.0,238.6,67,54.27,7.73,10.2,2025-04-12
No,55.0,no,1,0.99,1.0,196.6,81,71.22,16.23,3.7,2025-08-07
No,145.0,yes ,0,0.0,3.0,190.7,100,52.97,11.92,9.9,2023-11-16
No,129.0,yes,0,0.0,0.0,136.0,117,43.76,10.1,13.4,2024-03-07
yes,26.0,yess,0,0.0,4.0,121.7,104,38.72,9.42,12.9,2026-02-23
NO,206.0,yes,0,0.0,0.0,108.6,87,34.71,9.09,13.6,2022-09-10
No ,0.0,yes,1,2.13,,156.1,104,65.34,9.3,8.2,2026-08-27
False,193.0,Yes,0,0.0,1.0,56.2,68,25.04,9.01,10.2,2022-12-13
no,123.0,Yes,0,0.0,0.0,95.9,88,29.78,7.88,12.4,2024-04-16
No,120.0,YES,1,2.74,0.0,197.3,99,75.24,8.28,10.0,2024-05-04
false,72.0,yess,0,,1.0,90.6,82,38.82,13.01,9.0,2025-04-07
0,99.0,yes,0,0.0,2.0,204.3,120,61.53,14.77,8.1,2024-09-29
NO,100.0,yes,0,0.0,1.0,228.2,82,63.39,13.33,7.5,2024-09-27
0,194.0,Yes,0,0.0,2.0,148.7,96,35.05,5.93,9.2,2022-12-08
no,67.0,Yes,1,2.94,2.0,249.4,94,93.11,12.77,10.8,2025-05-12
false,122.0,yes,0,0.0,3.0,99.4,89,39.57,11.6,11.1,2024-04-23
0,122.0,no,0,0.0,3.0,214.7,104,58.42,10.31,12.6,2024-04-26
No,84.0,YES,1,1.69,1.0,144.5,98,65.57,13.81,6.1,2025-01-16
1,183.0,yes ,0,0.0,9.0,230.1,117,50.88,6.75,10.3,2023-02-18
No,18.0,yes,0,0.0,3.0,206.1,89,50.18,8.47,15.7,2026-04-19
No ,41.0,yes,0,,0.0,153.3,105,41.66,9.17,10.8,2025-11-12
no,196.0,yess,0,0.0,2.0,161.5,110,47.82,11.03,6.6,2022-11-25
No,100.0,yes ,1,2.52,3.0,136.9,96,69.45,11.6,9.4,2024-09-25
No,3.0,YES,0,0.0,3.0,182.8,115,45.1,7.61,12.2,2026-08-04
No,71.0,yess,0,0.0,2.0,177.8,127,50.67,11.31,10.8,2025-04-14
false,149.0,yes,0,0.0,2.0,191.7,100,54.99,12.52,9.4,2023-10-18
No,108.0,Yes,0,0.0,4.0,183.0,109,46.67,8.47,10.0,2024-08-02
No,88.0,yes,0,0.0,2.0,152.1,130,,12.5,4.9,2024-12-17
0,86.0,yes,0,0.0,0.0,243.2,114,52.57,6.11,12.2,2024-12-28
0,33.0,yes,0,0.0,1.0,128.2,101,40.51,10.37,14.5,2026-01-09
no,42.0,yes ,1,3.22,1.0,104.9,76,67.68,10.59,12.1,2025-11-03
false,117.0,yes,0,0.0,2.0,109.2,133,30.84,7.28,10.9,2024-05-27
NO,193.0,yes,0,0.0,1.0,138.0,94,47.2,13.49,11.0,2022-12-12
Yes,74.0,no ,1,3.67,0.0,221.7,88,89.1,8.14,13.7,2025-03-24
0,76.0,yes,0,0.0,0.0,213.9,69,60.75,12.68,12.4,2025-03-09
False,87.0,yes ,1,2.1,4.0,207.4,137,72.56,10.01,7.5,2024-12-24
No,121.0,yes,0,0.0,0.0,210.8,79,59.04,13.13,15.6,2024-05-02
yes,206.0,yess,0,0.0,1.0,261.7,141,62.53,10.55,8.0,2022-09-10
No,50.0,yes,1,2.65,2.0,191.9,105,79.15,11.96,10.0,2025-09-08
No ,136.0,YES,0,0.0,0.0,239.5,104,54.4,7.32,11.7,2024-01-16
No,18.0,yes,0,0.0,1.0,113.2,67,33.61,8.22,10.7,2026-04-24
YES,146.0,no,0,0.0,1.0,254.5,127,56.0,6.99,12.1,2023-11-09
No,52.0,yes,0,0.0,3.0,156.1,109,40.88,6.11,11.3,2025-08-29
No,58.0,yes,1,2.18,1.0,82.5,131,54.4,10.19,8.1,2025-07-12
No ,74.0,Yes,1,4.16,0.0,216.6,104,94.99,10.1,15.5,2025-03-28
No,8.0,yes,0,0.0,2.0,255.4,96,62.62,11.06,12.4,2026-07-03
No,82.0,Yes,0,0.0,2.0,115.5,88,46.34,13.2,13.1,2025-01-28
No,129.0,yes,1,1.8,4.0,165.8,123,70.4,13.5,6.7,2024-03-02
Yes,107.0,yess,0,0.0,5.0,246.3,87,61.11,11.33,8.2,2024-08-03
No ,46.0,yes,0,0.0,4.0,200.3,85,49.99,9.79,14.3,2025-10-06
No,6.0,yes ,1,4.43,1.0,268.0,109,110.32,11.6,16.4,2026-07-12
0,183.0,yes,1,2.62,2.0,211.0,87,81.7,11.17,9.7,2023-02-20
false,195.0,yes,0,0.0,1.0,223.4,120,58.05,11.5,8.7,2022-11-29
No,83.0,yes ,1,3.71,0.0,161.2,73,87.68,13.75,13.8,2025-01-20
No,38.0,yes,0,0.0,1.0,183.8,123,46.73,8.41,9.4,2025-11-30
No ,99.0,yes,0,0.0,1.0,204.5,121,55.57,12.05,4.9,2024-10-04
0,138.0,yes,0,0.0,0.0,211.9,104,54.56,10.2,5.6,2024-01-03
False,129.0,yes,0,0.0,,104.9,122,39.26,12.33,6.4,2024-03-03
Yes,86.0,yes,0,0.0,2.0,297.0,142,69.91,11.12,12.9,2024-12-30
No,190.0,yes,1,3.23,,155.7,113,83.11,13.88,11.8,2023-01-02
No ,141.0,yes,0,0.0,3.0,114.7,98,31.54,4.82,10.5,2023-12-10
SI,140.0,no ,0,0.0,0.0,227.8,111,54.29,9.27,10.0,2023-12-22
false,28.0,yes,0,0.0,0.0,173.6,84,51.25,12.6,5.9,2026-02-11
No,59.0,yes,0,0.0,1.0,220.8,124,54.15,9.33,10.7,2025-07-06
0,164.0,no,1,3.28,2.0,237.2,94,87.85,8.19,12.2,2023-07-03
NO,2.0,yes,0,0.0,2.0,190.0,97,56.48,12.59,7.2,2026-08-14
No,7.0,YES,0,0.0,2.0,125.5,115,36.05,8.42,9.8,2026-07-04
No,181.0,yes,0,0.0,3.0,85.2,77,31.9,8.18,9.2,2023-03-08
false,160.0,no,1,1.85,1.0,177.6,136,66.19,10.36,6.9,2023-08-04
No,179.0,yes,0,,1.0,164.3,109,42.57,7.82,10.8,2023-03-18
False,23.0,yes,1,1.82,2.0,230.6,107,83.04,14.34,6.9,2026-03-14
No ,32.0,yes,0,0.0,1.0,253.3,94,62.49,9.34,4.4,2026-01-10
Yes,100.0,no,0,0.0,1.0,286.3,117,70.73,13.08,10.1,2024-09-25
No,44.0,yes,0,0.0,0.0,219.5,120,51.7,5.57,7.2,2025-10-22
false,172.0,yes ,0,0.0,2.0,191.5,102,,9.92,9.7,2023-05-11
Si,34.0,yes,1,2.79,2.0,198.4,132,72.54,7.07,10.0,2025-12-28
No,67.0,yes ,0,0.0,3.0,251.0,120,50.7,4.46,13.6,2025-05-12
True,89.0,n0,1,3.62,0.0,216.6,93,93.64,11.88,13.3,2024-12-12
no,151.0,Yes,1,1.05,0.0,200.2,118,64.78,12.6,3.6,2023-09-30
No,120.0,yess,1,1.08,1.0,145.9,73,57.14,12.32,4.1,2024-05-08
No ,117.0,No,0,0.0,1.0,277.4,118,69.48,12.01,8.2,2024-05-26
no,60.0,yes,0,0.0,1.0,175.0,89,46.58,9.73,9.2,2025-07-02
NO,152.0,yes,0,0.0,1.0,206.1,86,60.24,12.57,12.6,2023-09-23
0,36.0,Yes,0,0.0,1.0,151.4,119,45.91,11.48,12.2,2025-12-16
No,28.0,yes ,0,0.0,1.0,154.8,82,45.72,11.07,12.0,2026-02-08
YES,123.0,yes,1,3.47,4.0,153.8,89,73.65,7.57,12.8,2024-04-18
False,67.0,yes,0,0.0,3.0,207.1,86,60.62,14.04,11.0,2025-05-13
No,202.0,Yes,0,0.0,0.0,113.0,98,,9.67,12.1,2022-10-13
NO,51.0,yes,1,1.94,3.0,234.2,105,77.15,9.53,7.2,2025-08-31
False,140.0,yes,1,3.15,3.0,198.9,106,86.26,12.11,11.6,2023-12-17
No ,135.0,YES,0,0.0,2.0,159.2,117,52.06,13.42,9.3,2024-01-25
1,128.0,yes,0,0.0,1.0,129.1,94,38.1,8.92,15.5,2024-03-12
no,159.0,yess,1,2.15,,170.2,110,67.84,10.02,7.9,2023-08-10
no,172.0,yes,0,0.0,3.0,215.7,114,56.51,10.78,11.6,2023-05-10
false,,No,0,0.0,2.0,151.5,138,38.81,7.87,8.6,2024-01-26
No,19.0,yes,1,3.12,1.0,212.6,98,80.78,7.79,11.5,2026-04-15
False,54.0,yes,0,0.0,1.0,211.6,86,50.21,8.24,13.2,2025-08-14
No,37.0,yes ,0,0.0,2.0,157.7,123,45.62,11.14,8.7,2025-12-06
No,34.0,yes,0,0.0,2.0,221.9,114,55.63,10.36,12.2,2025-12-28
0,16.0,yes,0,0.0,2.0,122.0,146,45.19,13.7,8.2,2026-05-04
false,82.0,yes,0,0.0,,222.9,73,53.22,8.49,9.0,2025-01-25
NO,163.0,yess,1,2.19,3.0,157.3,104,66.23,9.19,8.2,2023-07-10
Si,96.0,yes,0,0.0,3.0,263.5,96,63.12,10.5,5.9,2024-10-21
True,75.0,no,1,3.68,1.0,197.3,112,84.77,8.62,13.5,2025-03-21
Yes,83.0,yes,0,0.0,0.0,227.9,77,58.15,10.29,10.8,2025-01-22
NO,88.0,yes,0,,2.0,239.9,96,55.17,8.16,10.5,2024-12-18
Yes,45.0,yes,0,0.0,1.0,220.8,91,56.21,11.09,10.3,2025-10-15
No,172.0,yes,1,2.96,3.0,277.1,97,91.76,9.79,10.7,2023-05-10
no,71.0,yes,1,2.11,1.0,139.6,129,60.61,9.28,7.6,2025-04-16
No ,,yes,0,0.0,0.0,204.1,66,56.1,12.05,11.6,2025-03-27
No,86.0,YES,0,0.0,0.0,103.5,89,32.82,7.51,11.2,2024-12-30
0,125.0,yess,0,0.0,1.0,204.2,80,58.31,11.23,10.3,2024-04-05
No ,201.0,yes,0,,1.0,176.6,89,47.36,9.84,9.2,2022-10-21
No,107.0,no,1,2.07,0.0,280.7,88,85.76,9.8,7.5,2024-08-09
False,136.0,yes ,0,0.0,2.0,242.4,100,49.95,5.14,9.2,2024-01-17
NO,27.0,yes,1,2.46,1.0,169.6,113,73.83,12.26,9.1,2026-02-15
1,202.0,YES,0,0.0,3.0,269.2,85,64.04,10.3,4.5,2022-10-11
No,104.0,no,1,0.96,1.0,196.8,82,70.79,16.13,3.7,2024-08-27
false,49.0,yess,1,3.44,3.0,154.4,99,80.62,11.98,12.7,2025-09-15
no,77.0,yes ,0,0.0,1.0,235.1,90,60.36,11.04,8.9,2025-03-01
NO,1.0,yes,0,0.0,0.0,82.0,147,27.93,6.11,10.7,2026-08-19
No ,22.0,yes,1,2.56,1.0,290.4,52,89.59,8.31,9.6,2026-03-22
false,131.0,yes,0,0.0,0.0,164.9,111,40.77,7.04,12.0,2024-02-23
no,44.0,yes,0,0.0,0.0,160.8,132,46.71,10.85,9.2,2025-10-20
No,43.0,yes,0,0.0,0.0,143.9,86,43.13,10.48,9.4,2025-10-30
NO,180.0,YES,0,0.0,1.0,211.0,89,51.13,8.58,8.9,2023-03-16
No ,33.0,Yes,0,0.0,0.0,159.9,137,48.21,12.04,6.5,2026-01-08
1,114.0,n0,0,0.0,5.0,216.3,104,67.32,18.2,16.9,2024-06-15
False,93.0,yes,0,0.0,0.0,260.2,112,58.5,7.49,13.9,2024-11-13
No,1.0,yes ,0,0.0,0.0,177.0,116,,14.63,9.9,2026-08-20
No,182.0,yes ,0,0.0,1.0,238.8,120,52.52,7.15,9.2,2023-03-03
False,61.0,yes,0,0.0,4.0,211.5,127,56.67,12.42,14.4,2025-06-24
Si,97.0,yes,0,0.0,0.0,120.7,101,36.73,10.01,11.8,2024-10-13
No,155.0,Yes,0,0.0,0.0,170.1,96,49.15,11.75,11.2,2023-09-02
False,104.0,yes ,0,0.0,1.0,17.9,92,28.33,13.01,14.9,2024-08-27
No,150.0,yes,1,2.59,6.0,135.1,90,72.44,13.56,9.4,2023-10-09
False,105.0,yes ,0,0.0,1.0,217.2,70,57.29,11.4,10.6,2024-08-22
false,151.0,YES,1,2.82,1.0,288.3,78,103.99,15.68,10.3,2023-10-03
NO,98.0,yes,0,0.0,0.0,197.6,146,53.61,10.77,13.2,2024-10-07
true,26.0,yes ,0,0.0,2.0,148.9,72,37.07,6.51,8.5,2026-02-24
No,156.0,no,1,2.23,0.0,129.4,92,57.88,8.26,8.1,2023-08-27
NO,10.0,yes,0,0.0,3.0,241.3,88,60.78,11.75,6.2,2026-06-13
no,122.0,yes,1,2.07,3.0,105.8,114,59.92,11.91,7.6,2024-04-21
Si,176.0,yes,1,2.42,6.0,211.0,107,69.08,5.54,9.1,2023-04-11
No,128.0,yes,0,0.0,2.0,140.7,107,40.54,8.98,6.7,2024-03-14
No,79.0,yes,0,0.0,0.0,139.5,96,41.41,8.69,7.0,
NO,110.0,yes,0,0.0,0.0,108.3,128,40.11,12.83,8.8,2024-07-19
No,113.0,yes,0,0.0,3.0,231.3,92,58.8,11.25,9.8,2024-06-24
no,92.0,Yes,1,,,143.5,105,75.11,10.32,11.6,2024-11-16
1,105.0,YES,0,0.0,4.0,122.0,103,37.73,9.52,13.0,2024-08-17
No ,108.0,yes ,0,0.0,2.0,104.9,121,33.38,7.56,6.5,
NO,40.0,yess,0,0.0,1.0,154.4,104,34.85,4.52,7.2,2025-11-17
False,114.0,YES,0,0.0,4.0,183.8,80,52.41,12.03,7.6,2024-06-19
no,44.0,Yes,1,1.79,1.0,145.1,106,53.51,5.93,6.6,2025-10-21
yes,134.0,yes,0,0.0,1.0,236.5,72,65.53,14.42,13.8,2024-02-01
0,192.0,yes,0,0.0,3.0,102.3,99,28.35,6.71,15.7,2022-12-19
No,12.0,yes,1,1.78,3.0,213.7,76,75.77,12.54,6.6,2026-06-04
Yes,125.0,yes,0,0.0,0.0,240.9,82,52.76,6.74,9.3,2024-03-30
si,184.0,no,0,0.0,1.0,52.3,99,35.2,15.17,8.6,2023-02-14
No ,126.0,yes,0,0.0,1.0,276.8,103,58.86,6.54,8.3,2024-03-27
No,57.0,no,0,0.0,2.0,253.9,146,56.38,7.73,10.0,2025-07-24
YES,158.0,yes,1,2.55,4.0,162.6,84,,8.61,9.6,2023-08-12
YES,138.0,yes,0,0.0,2.0,296.5,111,70.78,9.91,9.7,2024-01-05
Si,,yes,0,0.0,1.0,350.5,75,79.65,10.86,10.0,2024-05-29
No,145.0,yes ,0,0.0,1.0,72.4,96,28.98,9.05,12.2,2023-11-17
yes,21.0,yes,0,0.0,1.0,253.4,124,67.44,13.75,11.2,2026-04-01
No ,126.0,Yes,0,0.0,1.0,136.6,99,38.43,9.15,12.5,2024-03-25
YES,99.0,yess,0,0.0,0.0,300.3,108,68.63,8.98,11.6,2024-10-01
No ,52.0,yes ,1,3.23,0.0,197.4,82,92.47,15.66,11.8,2025-08-29
No ,136.0,Yes,1,3.25,1.0,220.6,103,83.32,7.76,12.1,2024-01-13
No,58.0,yes ,0,0.0,3.0,231.7,57,56.06,7.73,9.6,2025-07-17
No ,162.0,yes,0,0.0,3.0,207.4,121,49.62,8.26,12.7,2023-07-21
False,10.0,Yes,0,0.0,1.0,194.2,89,49.98,9.85,8.5,2026-06-19
1,147.0,yes ,1,3.36,1.0,169.0,84,80.7,11.15,12.1,2023-11-01
NO,120.0,yes,1,3.17,1.0,146.1,99,69.92,8.5,11.6,2024-05-10
true,166.0,no ,1,3.6,0.0,169.3,105,81.01,9.37,13.2,2023-06-20
0,182.0,yess,0,0.0,2.0,135.0,115,48.97,14.85,6.6,2023-02-25
No,131.0,yes ,0,0.0,0.0,142.2,96,45.34,11.09,10.3,2024-02-22
No,121.0,yess,0,0.0,4.0,215.3,129,56.19,10.87,6.5,2024-04-29
No,108.0,yes ,1,1.89,2.0,209.0,72,71.07,9.16,7.0,2024-08-02
No ,139.0,yes,0,0.0,1.0,227.6,123,52.02,8.06,10.0,2023-12-26
No ,128.0,yes,1,2.95,1.0,164.4,83,80.3,13.2,10.8,2024-03-12
No,73.0,yes,0,0.0,2.0,151.0,92,42.59,8.86,13.1,2025-04-02
No,86.0,yes,0,0.0,,207.7,113,51.51,8.66,11.0,2025-01-03
false,176.0,yess,0,0.0,3.0,148.7,105,46.78,10.04,12.6,2023-04-14
no,87.0,yes,0,0.0,0.0,116.6,89,36.35,7.84,16.3,2024-12-22
No,67.0,yes ,0,0.0,0.0,164.3,88,45.99,10.63,10.9,2025-05-11
No,15.0,yes,1,0.1,1.0,167.2,122,44.33,9.41,0.1,2026-05-11
NO,88.0,yes,0,0.0,,203.3,85,49.41,8.36,6.2,2024-12-20
No,14.0,yess,0,0.0,4.0,182.3,103,,10.33,11.2,2026-05-21
No,,Yes,0,0.0,0.0,160.5,94,51.28,13.81,8.9,2026-01-12
Yes,174.0,no,0,0.0,4.0,126.5,105,33.16,6.48,6.3,2023-04-25
YES,168.0,yes,1,3.88,4.0,166.9,91,85.18,10.19,14.6,2023-06-06
No,,yes ,0,0.0,2.0,136.9,127,42.25,10.86,9.9,
False,71.0,Yes,0,0.0,2.0,145.0,130,48.86,14.46,9.7,2025-04-17
No,113.0,YES,0,0.0,1.0,230.1,107,59.62,10.58,13.2,2024-06-24
true,75.0,yes ,0,0.0,3.0,257.4,44,62.62,10.69,7.8,2025-03-17
Yes,201.0,No,0,0.0,,212.8,61,45.39,5.31,9.6,2022-10-21
0,160.0,yes,0,0.0,1.0,238.6,124,59.72,11.06,10.9,2023-08-02
No ,,yes,0,0.0,0.0,172.3,94,43.89,7.73,10.6,
no,2.0,yes,0,0.0,1.0,148.2,97,41.65,9.67,11.1,2026-08-08
YES,138.0,YES,0,0.0,3.0,156.7,121,55.96,16.57,5.8,2024-01-01
yes,57.0,yes,0,0.0,2.0,97.6,91,31.26,7.0,10.9,2025-07-25
No,117.0,yes,1,3.24,1.0,154.6,111,81.03,13.18,11.8,2024-05-28
0,44.0,yes,0,0.0,2.0,138.1,127,42.23,10.85,10.0,2025-10-23
1,131.0,no,0,0.0,2.0,247.5,109,58.17,9.14,11.9,2024-02-21
No,192.0,yess,1,3.28,2.0,242.1,92,92.79,10.7,12.2,2022-12-21
False,38.0,yes,0,0.0,2.0,75.1,103,25.63,7.12,11.0,2025-12-01
No ,39.0,Yes,0,0.0,1.0,201.0,109,46.22,6.32,10.9,
NO,109.0,yes ,0,0.0,1.0,130.1,108,,10.31,13.3,2024-07-25
No ,93.0,YES,1,2.12,2.0,193.2,97,,6.71,7.9,2024-11-12
no,126.0,no,1,2.55,1.0,131.2,122,63.31,8.76,9.5,2024-03-26
No,75.0,yes,1,1.87,1.0,203.4,97,58.88,3.47,6.8,2025-03-17
0,180.0,no ,0,0.0,2.0,194.5,81,55.57,12.31,11.2,2023-03-12
Yes,153.0,no,1,3.83,0.0,265.0,113,102.51,10.8,14.0,2023-09-21
Yes,206.0,yess,0,0.0,0.0,269.7,98,66.04,11.35,8.8,2022-09-12
0,69.0,no,1,2.89,2.0,96.0,110,58.86,7.61,10.7,2025-05-02
0,15.0,yes ,0,0.0,1.0,170.5,107,44.14,9.0,12.2,2026-05-13
false,115.0,yes,0,0.0,1.0,191.8,143,45.97,7.49,12.9,2024-06-08
No ,73.0,yes,0,0.0,2.0,233.6,103,62.89,13.41,7.6,2025-03-29
No ,207.0,YES,0,0.0,3.0,217.6,77,54.44,10.53,11.3,2022-09-07
No,192.0,no,0,0.0,0.0,124.5,92,38.67,10.46,8.5,2022-12-22
No,206.0,yess,1,2.22,0.0,213.8,85,76.15,10.02,8.3,2022-09-16
0,181.0,yes ,0,0.0,1.0,97.0,95,38.31,9.79,0.0,2023-03-06
False,27.0,no ,0,0.0,0.0,175.8,87,44.97,7.24,5.6,2026-02-14
No,39.0,Yes,1,2.63,1.0,192.1,66,78.56,10.46,10.0,2025-11-23
No,107.0,yess,1,4.01,1.0,190.1,138,89.14,9.98,14.7,2024-08-07
No ,173.0,yes ,0,0.0,1.0,90.3,108,39.68,13.83,12.6,2023-05-03
No,174.0,no,0,0.0,1.0,63.3,92,34.33,13.75,10.8,2023-04-28
No ,108.0,yes,1,2.8,2.0,191.2,105,,7.58,10.4,2024-08-02
SI,40.0,yess,0,0.0,2.0,265.3,89,62.04,10.43,14.1,2025-11-17
0,88.0,yes,0,0.0,0.0,116.1,100,33.8,8.0,11.4,2024-12-16
si,88.0,no,0,0.0,1.0,277.7,120,,9.8,7.2,2024-12-19
no,84.0,yes,1,2.74,2.0,252.7,106,86.35,9.34,10.0,2025-01-15
false,187.0,yes,0,0.0,0.0,168.2,98,44.25,8.69,10.8,2023-01-21
No ,73.0,yess,0,0.0,2.0,236.2,82,62.46,12.99,11.5,2025-03-30
No,17.0,yess,1,3.08,3.0,284.5,111,103.31,14.22,11.2,2026-04-29
false,206.0,yes,0,0.0,0.0,127.5,98,36.11,7.06,9.7,2022-09-15
no,14.0,yes,1,2.92,2.0,216.5,94,84.9,11.32,10.8,2026-05-18
No,151.0,yes,0,0.0,3.0,214.2,113,58.28,11.31,8.8,2023-10-03
false,198.0,yes,0,0.0,1.0,142.5,108,47.34,13.16,10.1,2022-11-05
No,126.0,yes ,0,0.0,2.0,159.8,78,45.64,10.92,9.3,2024-03-27
false,21.0,no,1,1.57,0.0,141.0,114,51.04,6.92,5.5,2026-03-30
NO,55.0,yes,0,0.0,2.0,97.6,106,29.31,7.29,14.1,2025-08-03
1,178.0,yess,0,0.0,5.0,130.2,71,41.59,10.75,10.3,2023-03-28
YES,92.0,yes ,0,0.0,2.0,236.4,92,,9.83,11.3,2024-11-20
No,58.0,yes,0,0.0,1.0,240.2,127,55.35,7.54,11.8,2025-07-15
No,55.0,Yes,1,4.02,1.0,192.7,98,94.26,12.11,15.1,2025-08-02
si,71.0,NO,1,3.81,1.0,269.6,110,104.01,10.79,14.3,2025-04-15
No ,66.0,yes ,1,3.12,2.0,187.0,42,78.08,8.88,11.5,2025-05-23
No,10.0,yes,1,1.75,1.0,172.6,117,66.58,10.43,6.7,2026-06-18
NO,186.0,no,0,0.0,0.0,137.0,80,36.64,8.14,10.8,2023-01-31
No,157.0,yes,1,1.3,0.0,172.1,91,63.59,12.22,4.8,2023-08-23
No,8.0,YES,0,0.0,2.0,206.4,87,56.07,10.43,14.5,2026-06-29
No,9.0,yes,0,0.0,2.0,266.3,94,55.74,6.1,14.5,2026-06-24
yes,101.0,yes,1,2.15,6.0,171.4,80,64.68,8.13,8.0,2024-09-17
Si,151.0,yes,0,0.0,2.0,264.6,117,64.36,9.69,7.4,2023-10-05
NO,42.0,yes,1,3.05,1.0,197.1,107,88.85,13.93,11.3,2025-11-03
no,58.0,yes,0,0.0,1.0,224.6,141,57.55,10.82,12.4,2025-07-18
No,193.0,yes,0,0.0,0.0,230.1,94,56.03,8.4,10.1,2022-12-16
NO,12.0,yess,0,0.0,0.0,203.8,62,54.45,10.32,9.9,2026-06-03
No,103.0,yes,0,0.0,2.0,143.9,116,45.17,11.67,7.9,2024-09-04
No,39.0,Yes,0,0.0,1.0,191.0,127,52.46,9.71,5.1,2025-11-25
Si,25.0,yes,0,0.0,4.0,143.1,120,43.6,11.65,7.8,2026-02-28
No ,6.0,yes,0,0.0,2.0,90.7,91,33.76,8.99,12.0,2026-07-12
0,71.0,yes,0,0.0,4.0,239.0,109,54.96,8.23,7.9,2025-04-12
No,198.0,yess,0,0.0,1.0,181.4,108,47.73,9.71,10.3,2022-11-08
NO,65.0,No,0,0.0,2.0,181.2,102,44.01,7.02,10.3,2025-05-28
yes,182.0,yes,0,0.0,2.0,276.4,137,67.08,11.37,12.7,2023-03-03
No,58.0,YES,0,0.0,1.0,190.5,89,49.77,9.71,8.5,2025-07-15
No,18.0,yess,0,0.0,3.0,149.1,104,45.57,10.02,12.5,2026-04-19
no,118.0,YES,0,0.0,0.0,106.7,96,28.94,5.77,8.3,2024-05-22
No,184.0,yes ,0,0.0,2.0,149.3,130,47.75,12.54,4.9,2023-02-16
Yes,136.0,yes,0,0.0,2.0,321.0,106,71.83,10.45,9.3,2024-01-13
No,61.0,Yes,0,,1.0,194.6,122,53.17,10.33,10.7,2025-06-25
no,184.0,yes,0,0.0,1.0,143.7,88,48.15,13.08,9.9,2023-02-14
No,44.0,No,0,0.0,2.0,213.3,104,50.0,8.03,4.9,2025-10-22
NO,88.0,yes,0,0.0,0.0,147.9,80,42.09,10.17,13.7,2024-12-16
No ,161.0,yes,0,0.0,1.0,145.3,116,48.41,11.48,8.9,2023-07-25
0,131.0,yess,1,2.15,1.0,174.0,110,68.74,9.93,8.1,2024-02-21
No,46.0,No,0,0.0,0.0,263.9,91,59.04,8.02,9.3,2025-10-06
No ,139.0,yes,0,0.0,3.0,157.0,106,41.8,8.45,8.7,2023-12-27
No ,3.0,yes,1,2.25,1.0,176.6,108,64.06,6.81,8.3,2026-08-02
NO,18.0,Yes,1,3.17,1.0,116.1,84,65.43,7.5,12.0,2026-04-23
No ,21.0,Yes,0,0.0,1.0,124.7,100,35.49,8.58,8.0,2026-03-30
No ,184.0,yes,0,,1.0,173.6,111,54.35,14.41,9.2,2023-02-15
0,114.0,yes,1,2.35,3.0,259.8,64,76.53,5.23,8.5,2024-06-16
No,73.0,yes ,0,0.0,2.0,156.4,106,42.69,8.87,11.8,2025-03-30
No ,112.0,yes,1,3.29,,254.3,87,92.87,9.96,12.1,2024-07-02
False,192.0,Yes,0,0.0,2.0,181.3,77,49.57,10.65,9.2,2022-12-17
No,143.0,yes ,1,2.36,3.0,169.8,87,61.97,5.62,8.7,2023-11-30
No,30.0,yes,1,3.15,,215.7,140,88.72,11.1,11.9,2026-01-28
No,159.0,yes,0,0.0,2.0,244.4,99,48.46,4.14,13.8,2023-08-10
False,61.0,no ,0,0.0,2.0,219.6,99,57.97,12.08,10.0,2025-06-22
false,203.0,yes ,0,0.0,3.0,249.7,102,57.35,8.76,6.0,2022-10-02
No,26.0,Yes,0,0.0,1.0,196.3,72,52.01,10.62,7.9,2026-02-25
No,146.0,Yes,0,0.0,2.0,162.4,111,46.93,10.93,6.7,2023-11-06
False,90.0,YES,0,0.0,0.0,160.2,132,44.87,10.85,9.1,2024-12-01
true,48.0,yess,0,0.0,0.0,218.8,121,65.07,15.21,12.3,2025-09-25
False,135.0,YES,0,0.0,3.0,239.9,98,57.26,9.8,7.1,2024-01-22
No,195.0,yes,0,0.0,0.0,152.9,105,42.57,9.49,10.7,2022-12-02
Yes,37.0,no,0,0.0,2.0,286.6,61,64.86,9.38,11.1,2025-12-11
Yes,20.0,Yes,0,0.0,1.0,237.3,125,,12.4,14.0,2026-04-04
No,92.0,No,0,0.0,1.0,199.7,121,53.82,10.79,11.8,2024-11-21
False,201.0,yes,0,0.0,1.0,130.4,96,31.1,5.06,11.1,2022-10-19
false,46.0,yes,1,2.66,1.0,181.7,79,76.23,10.74,9.7,2025-10-10
YES,30.0,yes,0,0.0,1.0,219.0,100,62.46,14.22,12.1,2026-01-27
no,23.0,yes,0,0.0,0.0,254.7,73,61.15,10.97,9.7,2026-03-15
Yes,26.0,YES,1,2.5,4.0,168.1,146,69.74,9.6,9.3,2026-02-21
NO,129.0,yes,1,2.07,2.0,164.4,89,59.86,6.33,7.8,2024-03-03
YES,153.0,Yes,0,0.0,1.0,221.4,101,62.4,14.23,12.1,2023-09-21
No,33.0,no,0,0.0,4.0,160.9,72,52.3,14.54,12.5,2026-01-05
no,92.0,yes ,0,0.0,2.0,98.3,62,41.23,13.78,16.8,2024-11-16
0,199.0,yes,1,,,190.9,74,91.08,13.3,12.8,2022-11-01
NO,42.0,yes,0,0.0,1.0,151.5,93,50.96,12.61,8.4,2025-11-03
NO,4.0,yes,0,0.0,2.0,39.3,104,22.25,8.55,9.0,2026-07-28
true,108.0,yess,0,0.0,5.0,132.5,97,37.95,8.78,7.9,2024-08-02
no,36.0,no,0,0.0,1.0,10.2,67,25.29,12.86,7.7,2025-12-19
no,136.0,YES,0,0.0,1.0,206.1,115,52.86,8.87,9.6,2024-01-15
No ,69.0,yes,0,0.0,1.0,142.2,115,,12.56,13.5,2025-04-26
NO,206.0,yes,0,0.0,1.0,84.4,134,22.28,4.06,10.9,2022-09-15
No,180.0,yes,0,0.0,0.0,129.4,82,33.73,6.78,11.4,2023-03-11
Yes,5.0,YES,1,,6.0,210.8,107,69.89,5.37,9.1,2026-07-21
False,125.0,yes,0,0.0,4.0,257.5,104,57.97,7.96,7.4,2024-04-01
false,179.0,yes,0,0.0,0.0,173.1,93,40.49,6.53,5.4,2023-03-22
false,49.0,yes,0,0.0,,153.7,94,44.05,10.29,13.0,2025-09-16
False,170.0,yes,0,0.0,2.0,154.5,81,54.39,14.35,6.8,2023-05-23
0,59.0,yes ,0,0.0,2.0,199.3,56,53.98,11.36,10.1,2025-07-11
No ,2.0,yes,0,0.0,0.0,158.0,112,45.97,11.02,9.1,2026-08-10
No ,178.0,YES,0,0.0,2.0,169.2,92,47.39,9.37,14.5,2023-03-31
Yes,120.0,yess,0,0.0,0.0,334.0,117,73.53,9.58,10.5,2024-05-06
NO,119.0,yes,0,0.0,1.0,186.6,83,50.61,10.07,8.7,2024-05-12
0,23.0,yes,0,0.0,2.0,155.3,122,45.96,11.23,8.5,2026-03-19
No ,18.0,Yes,0,0.0,4.0,221.5,104,48.11,5.96,11.5,2026-04-23
No,12.0,yess,0,0.0,4.0,152.3,89,46.9,11.63,11.7,2026-06-03
No,13.0,yes,0,0.0,1.0,193.7,107,53.9,10.25,12.6,2026-05-28
false,26.0,no,1,2.71,1.0,199.4,71,79.2,9.96,10.5,2026-02-25
SI,165.0,NO,0,0.0,1.0,233.1,141,63.7,13.2,9.6,2023-06-26
False,141.0,yes ,1,3.54,0.0,221.0,105,91.63,11.02,13.1,2023-12-15
No ,115.0,yes,0,0.0,0.0,155.9,137,48.56,11.07,11.2,2024-06-08
no,23.0,yes,0,0.0,2.0,133.0,98,39.84,9.53,11.8,2026-03-15
1,169.0,yes ,0,0.0,,263.4,98,61.71,8.74,10.7,2023-06-02
False,91.0,Yes,0,0.0,1.0,100.1,78,39.0,12.41,14.3,2024-11-23
0,100.0,yess,0,0.0,1.0,210.5,70,53.83,10.68,13.0,2024-09-26
no,154.0,Yes,0,0.0,3.0,171.7,93,48.54,9.73,16.2,2023-09-09
No,199.0,Yes,1,2.69,3.0,313.5,87,93.16,7.44,10.0,2022-11-03
false,30.0,yes,0,0.0,2.0,158.5,68,42.74,10.18,10.0,2026-01-27
No,106.0,yes,0,0.0,1.0,183.3,114,47.8,10.01,18.1,2024-08-11
no,72.0,yes,1,2.29,0.0,195.4,85,74.42,10.96,8.7,2025-04-06
0,174.0,YES,0,0.0,1.0,247.6,80,59.16,8.41,6.6,2023-04-22
No,129.0,yes,0,0.0,1.0,52.2,105,26.85,10.33,12.4,2024-03-03
0,194.0,YES,0,0.0,2.0,240.6,69,62.92,10.48,14.4,2022-12-09
0,120.0,yes,0,0.0,2.0,152.0,98,35.94,6.07,9.1,2024-05-06
NO,11.0,YES,0,0.0,1.0,217.5,72,56.79,11.53,10.5,2026-06-11
NO,4.0,yes ,0,,1.0,205.6,84,53.51,9.7,6.9,2026-07-30
no,52.0,yes,0,0.0,2.0,256.3,85,56.28,7.14,14.9,2025-08-23
No ,123.0,Yes,0,0.0,0.0,197.0,58,51.86,9.96,14.8,2024-04-18
No,83.0,YES,0,0.0,1.0,165.2,83,46.36,10.13,8.2,2025-01-20
No,128.0,yes,0,0.0,2.0,159.8,103,45.24,10.21,9.6,2024-03-12
No,84.0,yes,1,2.92,3.0,243.6,109,81.7,6.45,10.4,2025-01-16
No,11.0,Yes,1,2.9,1.0,91.5,86,57.26,6.86,10.8,2026-06-08
true,136.0,YES,1,2.44,4.0,169.2,146,68.91,9.59,9.2,2024-01-13
No,178.0,yes,0,0.0,1.0,193.0,122,53.86,10.31,10.9,2023-03-29
False,146.0,yes,0,0.0,1.0,214.8,76,55.91,10.4,5.7,2023-11-08
No,69.0,yes,0,0.0,1.0,132.7,134,40.05,10.29,7.9,2025-04-27
No ,144.0,YES,1,1.8,1.0,131.8,85,55.85,9.41,6.7,2023-11-18
NO,170.0,yes,1,1.63,2.0,118.0,104,,13.91,6.0,2023-05-23
No,58.0,yes,0,0.0,1.0,137.4,111,37.36,8.34,14.2,2025-07-12
True,22.0,yes,0,0.0,4.0,101.9,116,32.25,5.79,12.0,2026-03-26
No,200.0,yes,1,3.61,1.0,129.6,63,76.31,9.16,13.5,2022-10-24
False,202.0,yes ,0,0.0,0.0,245.9,105,55.85,7.96,7.1,2022-10-12
No,36.0,yes,0,0.0,1.0,157.0,88,51.4,13.76,9.2,2025-12-15
no,180.0,yes,0,0.0,2.0,171.8,98,44.65,9.1,10.7,2023-03-16
NO,64.0,Yes,0,0.0,3.0,205.1,108,56.39,13.04,7.8,2025-05-31
No,24.0,no,0,0.0,1.0,188.7,77,54.9,13.29,1.3,2026-03-11
0,129.0,yes,0,0.0,1.0,163.6,84,45.61,10.17,8.2,2024-03-04
No,117.0,YES,1,2.89,1.0,131.3,134,71.47,10.92,11.1,2024-05-31
No,22.0,Yes,1,2.44,1.0,228.9,80,82.94,11.77,9.1,2026-03-26
yes,56.0,yes,0,0.0,4.0,188.8,113,39.94,3.54,13.3,2025-08-01
False,83.0,yes ,0,0.0,0.0,149.5,87,36.94,6.58,11.7,2025-01-24
false,54.0,yes,0,0.0,1.0,146.3,106,36.34,5.01,10.9,2025-08-09
NO,122.0,Yes,1,2.63,1.0,242.2,87,79.65,7.0,9.4,2024-04-24
0,71.0,Yes,0,0.0,2.0,188.6,98,55.26,12.78,7.2,2025-04-14
No,184.0,yes,0,,2.0,116.9,93,32.71,7.52,9.6,2023-02-13
no,36.0,Yes,1,2.62,2.0,86.3,125,,8.93,9.6,2025-12-15
No ,69.0,yes,1,3.05,7.0,152.0,91,79.85,13.38,11.3,2025-04-26
false,97.0,yes,0,0.0,1.0,149.9,75,43.3,9.85,10.2,2024-10-13
No ,97.0,YES,0,,3.0,248.0,103,59.09,8.7,6.1,2024-10-12
true,15.0,yes,0,0.0,5.0,134.1,107,41.05,10.58,10.4,2026-05-12
True,1.0,yes,0,0.0,2.0,297.7,111,71.72,10.13,9.6,2026-08-16
No,78.0,yess,0,0.0,2.0,184.1,97,48.69,10.09,8.7,2025-02-28
false,50.0,yes,1,1.52,1.0,149.8,109,63.27,13.17,5.6,2025-09-09
No ,48.0,yes,0,0.0,1.0,147.2,91,43.11,10.35,10.9,2025-09-24
0,148.0,yes,0,0.0,3.0,229.4,89,52.22,7.34,9.6,2023-10-21
No,35.0,Yes,0,0.0,1.0,178.0,108,,4.52,9.5,2025-12-20
0,91.0,yes,0,0.0,0.0,214.4,89,53.29,9.83,6.0,2024-11-27
False,25.0,yes,0,0.0,3.0,156.5,94,50.48,12.82,11.7,2026-03-02
no,167.0,Yes,0,0.0,1.0,150.7,144,42.45,9.88,15.0,2023-06-11
0,99.0,YES,0,0.0,1.0,164.1,102,49.05,11.8,11.0,2024-10-04
False,152.0,no,0,,3.0,209.8,102,54.12,10.54,12.3,2023-09-25
Yes,171.0,YES,0,0.0,3.0,261.4,97,63.41,10.6,6.1,2023-05-14
NO,118.0,no,1,2.78,3.0,202.3,104,79.06,9.47,10.5,2024-05-21
NO,82.0,yes,1,2.93,2.0,248.9,95,93.46,12.84,10.7,2025-01-26
False,167.0,Yes,0,0.0,1.0,150.0,105,43.8,9.85,9.1,2023-06-12
0,16.0,yes,1,3.29,3.0,143.2,76,74.17,10.43,12.1,2026-05-02
No,68.0,yes,1,3.98,3.0,215.6,80,95.45,10.96,14.7,2025-05-09
0,154.0,yes,0,0.0,1.0,145.2,102,46.5,11.16,10.0,2023-09-15
YES,18.0,no,0,0.0,4.0,147.4,60,40.12,8.93,6.3,2026-04-22
No ,92.0,yes,0,0.0,1.0,51.1,106,26.56,10.38,12.4,2024-11-22
No ,37.0,YES,0,0.0,1.0,205.8,76,55.34,11.54,13.6,2025-12-12
No,61.0,yes,1,2.54,3.0,140.5,95,69.16,11.72,9.4,2025-06-23
0,137.0,yess,1,3.29,2.0,244.0,91,92.58,10.7,12.2,2024-01-10
No,140.0,yes ,1,4.26,0.0,127.6,98,84.61,12.3,15.4,2023-12-18
no,115.0,yes,0,0.0,2.0,140.9,97,40.07,8.65,9.4,2024-06-13
false,25.0,Yes,0,0.0,1.0,206.1,70,55.05,11.51,14.4,2026-03-03
false,115.0,yes,0,0.0,2.0,86.2,95,26.43,6.93,14.3,2024-06-12
Yes,84.0,Yes,0,0.0,4.0,128.8,136,45.04,11.5,12.8,2025-01-17
0,204.0,yes,0,0.0,3.0,192.4,97,49.16,9.83,9.4,2022-09-26
No,9.0,yes ,0,0.0,3.0,156.2,108,,6.08,11.3,2026-06-22
false,50.0,yes ,0,0.0,1.0,174.8,72,45.21,8.5,7.2,2025-09-11
No,123.0,YES,1,2.67,1.0,213.3,95,84.16,12.28,9.6,2024-04-14
No,199.0,yes ,0,0.0,2.0,183.6,107,48.44,9.88,9.3,2022-10-30
No ,79.0,yes,1,1.82,0.0,150.3,111,55.75,6.64,6.6,2025-02-17
0,,yes,0,0.0,0.0,96.3,99,41.61,11.98,10.3,2023-01-15
NO,39.0,yes,0,0.0,0.0,171.4,103,48.54,8.65,8.3,2025-11-26
No,99.0,yes,0,0.0,1.0,162.6,83,44.7,8.08,11.7,2024-10-04
No,70.0,yess,0,0.0,1.0,153.7,104,43.42,9.47,11.8,2025-04-19
0,141.0,yes ,0,0.0,0.0,168.7,97,43.26,8.81,10.8,2023-12-14
NO,12.0,yes,0,0.0,0.0,112.1,133,37.13,9.87,10.0,2026-05-30
False,110.0,Yes,0,0.0,2.0,158.6,116,,9.72,8.4,2024-07-13
1,150.0,yes,0,0.0,5.0,167.1,95,45.65,9.49,11.0,2023-10-09
No,197.0,Yes,1,4.1,0.0,217.4,78,92.55,8.25,15.0,2022-11-16
0,18.0,yess,0,0.0,3.0,91.0,65,30.8,8.94,12.4,2026-04-18
No,96.0,yes,1,0.61,0.0,180.0,85,56.35,11.31,2.3,2024-10-24
No ,113.0,yess,1,2.78,1.0,96.3,82,59.62,8.9,10.3,2024-06-22
No,91.0,Yes,0,0.0,2.0,125.0,130,50.48,15.09,11.5,2024-11-26
No,13.0,yess,0,0.0,3.0,204.8,101,49.16,8.52,11.7,2026-05-29
No,114.0,Yes,1,1.03,0.0,197.0,118,65.4,12.56,4.0,2024-06-17
false,80.0,yes,0,0.0,2.0,206.7,103,46.84,6.57,11.3,2025-02-09
No,31.0,YES,0,0.0,2.0,198.3,106,51.53,10.34,8.2,2026-01-21
No ,101.0,Yes,0,,2.0,90.9,80,35.52,8.89,9.5,2024-09-20
No,62.0,Yes,0,0.0,2.0,203.2,92,56.26,10.91,7.7,2025-06-19
False,41.0,YES,1,1.98,3.0,88.8,103,44.32,5.44,7.0,2025-11-13
No,156.0,yes,0,0.0,1.0,212.7,111,57.21,11.69,2.6,2023-08-31
No,146.0,yes,1,2.9,0.0,249.8,132,85.54,8.05,10.5,2023-11-07
No,186.0,yes ,0,0.0,1.0,202.0,70,54.77,11.49,14.2,2023-02-02
False,192.0,yes,0,0.0,0.0,100.9,92,31.29,7.61,13.3,2022-12-17
NO,84.0,yess,0,0.0,1.0,184.5,100,49.71,9.9,12.5,2025-01-12
No,,no,0,0.0,0.0,66.6,109,43.23,16.96,12.0,2024-03-23
No ,47.0,YES,0,0.0,3.0,160.3,94,52.02,12.58,5.1,2025-09-29
No ,196.0,yes,0,0.0,4.0,225.8,87,58.32,11.1,13.2,2022-11-22
No,24.0,yess,1,1.52,1.0,160.9,44,62.13,11.15,5.6,2026-03-12
No,60.0,yess,0,,2.0,89.2,80,34.66,9.01,9.6,2025-06-28
No,85.0,yes,0,0.0,1.0,88.2,75,41.35,13.2,9.2,2025-01-07
No ,131.0,yes,0,0.0,2.0,95.6,97,33.76,9.64,9.8,2024-02-18
false,31.0,yes,1,2.58,0.0,157.6,122,74.66,12.83,9.3,2026-01-19
false,133.0,yes ,1,3.63,2.0,246.3,111,89.76,6.55,13.4,2024-02-04
0,81.0,YES,0,0.0,0.0,195.9,110,52.53,9.14,9.1,2025-02-04
No,96.0,yes,0,0.0,1.0,245.1,129,59.06,9.72,9.1,2024-10-19
False,163.0,Yes,0,0.0,2.0,194.4,110,53.75,11.4,13.2,2023-07-12
No,86.0,yes,0,,0.0,205.3,114,55.36,9.17,7.0,2024-12-28
No,43.0,yess,0,0.0,1.0,140.0,92,47.13,13.48,11.2,2025-10-25
No,193.0,yes,0,0.0,2.0,41.3,105,22.24,8.69,8.8,2022-12-13
No,95.0,yes,0,0.0,1.0,184.2,109,41.39,5.76,13.2,2024-10-30
No ,30.0,yess,0,0.0,1.0,149.7,98,,11.55,12.4,2026-01-30
SI,85.0,YES,1,3.47,2.0,202.1,100,90.11,12.38,13.1,2025-01-09
false,54.0,yess,1,4.0,1.0,176.8,87,83.69,8.28,14.5,2025-08-14
No,191.0,yes,0,0.0,1.0,260.3,87,67.27,12.88,5.8,2022-12-26
NO,42.0,yes,1,,5.0,238.5,104,95.48,10.45,13.4,2025-11-06
No,69.0,yes,0,0.0,3.0,136.5,116,44.31,11.87,9.7,2025-04-30
No,108.0,no ,0,0.0,,162.1,121,45.28,9.74,11.1,2024-07-29
False,99.0,yes,0,0.0,2.0,127.0,113,35.3,8.44,9.7,2024-10-04
0,166.0,yess,0,0.0,2.0,85.3,112,40.79,13.22,9.7,2023-06-22
True,194.0,YES,0,0.0,0.0,287.0,124,73.52,11.63,14.8,2022-12-04
false,96.0,yes,1,3.11,,127.9,76,78.87,14.45,11.6,2024-10-23
0,39.0,yes,0,0.0,3.0,206.3,84,55.72,12.27,7.8,2025-11-25
No,133.0,YES,0,0.0,2.0,190.0,131,48.09,6.82,7.3,2024-02-07
no,191.0,YES,1,2.49,3.0,146.0,71,63.67,8.55,9.4,2022-12-29
No ,85.0,yes,0,0.0,1.0,230.9,64,57.6,10.5,9.0,2025-01-07
no,8.0,yes,0,0.0,2.0,197.4,107,52.2,10.38,8.1,2026-06-27
No,47.0,yes ,0,0.0,1.0,300.0,82,68.24,8.3,10.5,2025-09-27
No,109.0,yes,0,0.0,1.0,161.3,73,33.62,3.24,10.2,2024-07-25
No,26.0,yes,0,0.0,1.0,124.4,158,45.44,13.38,10.9,2026-02-22
0,26.0,yes,0,,1.0,129.6,94,42.78,11.62,8.7,2026-02-27
0,182.0,YES,0,0.0,2.0,178.8,91,46.62,9.45,6.4,2023-02-25
YES,21.0,YES,0,,2.0,114.0,109,37.47,8.46,9.2,2026-04-01
0,178.0,yes,0,0.0,1.0,165.2,123,46.41,10.66,8.7,2023-03-30
Yes,116.0,yes,0,,1.0,277.9,105,69.4,12.22,10.3,2024-06-05
No,98.0,YES,0,0.0,0.0,237.5,78,56.88,9.56,9.2,2024-10-07
0,144.0,yess,0,0.0,2.0,119.3,129,44.49,13.87,13.1,2023-11-21
No,20.0,yes,0,0.0,2.0,228.6,94,55.17,9.24,8.8,2026-04-08
NO,187.0,yes,1,2.61,0.0,167.8,77,,10.71,9.7,2023-01-26
true,142.0,yes ,0,0.0,4.0,280.2,101,70.74,13.39,13.1,2023-12-06
no,205.0,yes,0,0.0,2.0,157.5,87,52.35,12.95,7.1,2022-09-19
No,111.0,yes,0,0.0,1.0,145.1,116,38.52,7.63,8.6,2024-07-10
0,134.0,YES,1,2.65,1.0,205.8,64,75.03,7.54,9.6,2024-02-01
SI,167.0,yes,0,0.0,,276.6,97,66.77,11.65,7.6,2023-06-10
0,,no,0,0.0,2.0,162.5,123,43.0,8.77,9.7,2022-12-25
0,2.0,Yes,0,0.0,2.0,225.0,143,57.39,10.05,13.2,2026-08-08
No,121.0,yes,0,0.0,3.0,227.6,127,61.23,12.84,8.9,2024-05-01
no,172.0,yess,1,1.8,1.0,232.3,101,78.74,12.82,6.4,2023-05-12
No,,YES,0,0.0,3.0,123.1,116,40.88,9.83,6.3,
no,47.0,no,1,3.43,1.0,214.2,79,93.23,12.63,12.7,2025-09-28
no,204.0,yes,0,0.0,,274.6,121,63.06,10.06,6.0,2022-09-24
false,199.0,Yes,1,3.14,1.0,138.5,79,68.1,7.07,11.8,2022-11-03
no,26.0,yes,0,0.0,2.0,200.6,98,51.7,9.77,13.4,2026-02-26
NO,139.0,YES,0,0.0,2.0,245.0,115,61.43,9.66,13.3,2023-12-26
1,121.0,yes,0,0.0,2.0,182.6,60,54.0,13.1,12.3,2024-05-01
No,40.0,yes,0,0.0,1.0,142.0,107,46.79,13.16,10.2,2025-11-20
No,86.0,yes,1,2.66,1.0,222.8,103,79.63,8.48,9.8,2025-01-01
No,71.0,Yes,0,0.0,1.0,135.3,93,40.79,10.24,6.8,2025-04-18
False,93.0,yes,0,0.0,0.0,224.8,120,51.98,5.4,7.1,2024-11-14
No ,85.0,yes,0,,2.0,185.7,112,49.27,9.33,11.4,2025-01-07
NO,12.0,No,0,,2.0,176.4,126,46.74,8.7,12.0,2026-05-31
No,114.0,yes,0,0.0,0.0,112.2,89,36.71,7.91,16.4,2024-06-17
0,146.0,yes,0,0.0,2.0,149.4,82,55.24,15.47,6.3,2023-11-05
No,151.0,YES,1,2.53,3.0,159.9,106,68.49,8.43,9.6,2023-10-03
0,,No,1,3.06,1.0,175.6,125,83.03,12.52,11.3,
Yes,110.0,yess,0,0.0,5.0,176.6,109,51.66,10.47,9.3,2024-07-13
NO,95.0,Yes,0,0.0,2.0,191.4,86,49.17,9.71,11.8,2024-10-28
No,16.0,no,0,,0.0,261.4,91,58.89,8.02,9.4,2026-05-08
no,150.0,YES,0,0.0,,219.2,72,55.9,8.35,10.1,2023-10-08
0,61.0,YES,1,2.56,2.0,160.3,85,72.37,11.3,9.5,2025-06-23
NO,159.0,yes,0,0.0,3.0,149.3,145,39.45,8.11,8.5,2023-08-05
0,78.0,yes ,0,0.0,1.0,112.4,129,36.02,8.49,12.5,2025-02-27
0,114.0,yes,0,0.0,0.0,191.9,100,,5.75,7.5,2024-06-19
false,90.0,yes,1,3.23,0.0,224.9,97,88.19,9.24,12.3,2024-12-03
false,163.0,yes,0,0.0,0.0,173.2,85,52.06,12.74,5.9,2023-07-12
No ,90.0,Yes,0,0.0,0.0,100.1,88,29.76,7.88,12.5,2024-12-05
0,23.0,Yes,0,0.0,0.0,264.1,100,64.61,11.89,13.1,2026-03-20
No,192.0,YES,0,0.0,2.0,82.4,76,40.14,12.81,7.5,2022-12-20
NO,177.0,YES,0,0.0,0.0,85.8,113,33.27,11.3,15.6,2023-04-02
No ,59.0,Yes,0,0.0,7.0,164.5,82,48.02,12.43,9.7,2025-07-07
NO,49.0,yes,0,0.0,3.0,146.8,64,49.42,13.74,9.1,2025-09-18
No,18.0,Yes,0,0.0,1.0,141.7,111,41.55,10.51,10.9,2026-04-19
0,28.0,yes,0,0.0,0.0,204.6,88,50.66,9.32,8.3,2026-02-13
No,118.0,yes,0,0.0,4.0,247.3,91,53.32,6.22,8.6,2024-05-23
No,111.0,yes,1,3.15,1.0,217.3,89,90.34,12.95,11.6,2024-07-09
False,54.0,NO,0,0.0,1.0,169.4,82,,10.82,9.3,2025-08-10
No ,178.0,Yes,0,0.0,2.0,140.1,93,44.36,12.12,9.0,2023-03-31
No,199.0,yes,1,3.54,3.0,154.3,122,,8.13,13.0,2022-10-29
yes,32.0,yess,0,0.0,,247.2,77,69.26,13.44,9.6,2026-01-13
Si,157.0,Yes,0,0.0,4.0,297.3,98,68.8,10.82,11.4,2023-08-24
yes,133.0,yes,0,0.0,5.0,193.1,104,44.3,6.43,11.6,2024-02-04
NO,167.0,yes,0,,0.0,149.1,92,30.17,2.57,13.9,2023-06-16
No,104.0,yes ,0,0.0,3.0,100.4,97,29.9,7.43,10.1,2024-08-27
No,8.0,yes,0,0.0,2.0,184.5,97,50.07,10.46,8.7,2026-07-02
No ,24.0,yes ,1,4.38,1.0,193.4,101,93.19,8.85,16.5,2026-03-09
NO,185.0,yes ,0,0.0,1.0,153.4,106,43.39,7.54,3.5,2023-02-06
YES,58.0,yes,0,0.0,4.0,118.6,88,35.72,8.31,12.1,2025-07-16
false,5.0,n0,0,0.0,0.0,174.2,87,44.52,7.45,5.7,2026-07-22
false,104.0,yes,1,2.78,1.0,286.0,78,103.7,15.81,10.3,2024-08-27
No ,201.0,yes,0,,1.0,228.8,103,57.64,8.69,12.8,2022-10-15
False,204.0,yes,1,2.68,2.0,152.4,95,77.2,13.76,9.9,2022-09-25
No,155.0,yes,0,0.0,3.0,206.6,86,60.24,14.05,11.1,2023-09-03
No,3.0,yes,0,0.0,3.0,221.9,102,58.27,11.6,10.0,2026-08-02
NO,177.0,yes,0,0.0,2.0,139.7,118,44.94,11.2,12.7,2023-04-07
0,66.0,Yes,1,3.98,2.0,245.3,88,104.76,13.25,14.6,2025-05-20
No,149.0,YES,0,0.0,,169.9,70,52.13,13.7,10.6,2023-10-18
No,48.0,Yes,1,1.72,5.0,281.2,109,86.93,12.06,6.2,2025-09-21
1,165.0,yes,0,0.0,7.0,136.3,106,41.95,10.45,8.8,2023-06-28
No,165.0,yes,0,0.0,1.0,183.8,108,56.21,12.76,11.8,2023-06-26
False,63.0,Yes,1,2.19,0.0,162.2,78,64.24,8.96,8.0,2025-06-11
No,111.0,yes,0,0.0,1.0,180.2,128,57.12,15.02,7.6,2024-07-12
false,188.0,YES,1,1.5,2.0,135.4,110,54.02,9.34,5.6,2023-01-20
no,172.0,yes,0,0.0,1.0,56.5,121,32.75,13.17,11.9,2023-05-10
yes,17.0,yes,0,0.0,2.0,218.9,87,64.75,14.0,10.3,2026-04-29
true,77.0,no ,0,0.0,2.0,190.1,108,58.76,12.99,9.7,2025-03-04
No,179.0,yes,1,2.67,1.0,150.3,90,63.55,6.62,10.2,2023-03-18
0,94.0,yes,1,2.58,1.0,237.9,108,85.73,11.7,9.4,2024-11-06
No,64.0,yes ,0,0.0,1.0,163.2,80,44.67,8.39,6.3,2025-06-05
NO,39.0,YES,0,0.0,0.0,122.7,99,39.31,10.27,18.8,2025-11-24
No,83.0,yes,0,0.0,1.0,206.9,84,56.9,12.88,9.1,2025-01-24
No,52.0,yes ,0,0.0,3.0,205.2,108,52.71,8.07,13.3,2025-08-25
no,188.0,no,0,0.0,2.0,274.4,103,62.93,9.15,10.9,2023-01-18
NO,56.0,yes,1,1.92,1.0,127.9,94,61.34,11.36,7.2,2025-07-28
No,121.0,yess,1,2.49,2.0,169.7,134,70.45,8.74,9.5,2024-05-01
no,198.0,yes,0,0.0,0.0,176.3,116,55.91,14.48,9.7,2022-11-09
No,108.0,yes,1,3.24,3.0,117.5,120,72.57,11.76,11.8,2024-07-31
False,8.0,yes,0,0.0,1.0,115.8,86,,5.42,7.0,2026-07-02
False,108.0,yes,1,2.45,0.0,108.3,124,58.53,9.4,8.9,2024-07-30
0,72.0,yess,1,2.0,2.0,192.7,105,,7.68,7.4,2025-04-09
0,48.0,no,1,3.12,1.0,179.0,125,,12.77,11.3,2025-09-20
true,90.0,yes ,1,2.93,6.0,86.3,92,59.42,8.57,11.0,2024-12-04
No,161.0,yes,0,0.0,2.0,158.8,90,37.19,5.91,10.6,2023-07-26
NO,177.0,yes,0,0.0,,102.4,149,40.88,12.55,14.9,2023-04-01
No,156.0,yes,0,0.0,1.0,129.0,96,32.11,5.28,11.0,2023-08-28
False,163.0,yes,0,0.0,1.0,222.2,73,,8.33,10.1,2023-07-08
false,105.0,yes,0,0.0,2.0,177.7,92,55.12,14.31,11.9,2024-08-20
No,9.0,NO,1,2.47,1.0,154.2,106,60.83,6.04,9.2,2026-06-23
No,86.0,yes,0,0.0,1.0,158.0,104,43.35,9.2,11.8,2024-12-29
No,81.0,no,0,0.0,1.0,199.5,122,53.47,10.84,11.9,2025-02-02
si,167.0,NO,0,0.0,4.0,127.5,106,,6.54,6.3,2023-06-15
False,191.0,yes,0,0.0,1.0,190.6,63,47.15,8.5,13.2,2022-12-25
No,1.0,yes,0,0.0,4.0,174.5,85,49.77,10.33,17.7,2026-08-20
No ,110.0,yes,1,3.37,1.0,59.3,103,66.52,12.69,12.3,2024-07-18
yes,118.0,yes ,0,0.0,1.0,292.3,104,70.35,11.75,8.9,2024-05-19
False,74.0,yes ,0,0.0,1.0,223.2,95,49.91,5.33,13.6,2025-03-27
false,165.0,yes,1,3.04,1.0,196.5,107,89.11,14.07,11.4,2023-06-25
No,191.0,Yes,0,0.0,1.0,244.4,129,58.66,9.63,9.2,2022-12-27
False,103.0,yes,0,0.0,1.0,212.9,116,52.84,9.6,8.1,2024-09-06
NO,110.0,yes,0,0.0,,196.3,107,60.48,14.87,7.0,2024-07-17
False,100.0,yes,0,0.0,0.0,209.4,109,47.15,6.12,5.7,2024-09-27
0,21.0,YES,1,1.85,3.0,194.3,107,67.41,9.86,6.8,2026-04-01
No,153.0,Yes,0,0.0,1.0,179.7,97,45.55,8.34,9.3,2023-09-21
No,180.0,Yes,0,0.0,2.0,274.1,105,61.21,7.97,9.3,2023-03-11
False,92.0,yes,0,0.0,1.0,185.1,115,50.1,9.32,10.6,2024-11-16
si,78.0,no ,0,0.0,0.0,115.1,64,29.56,6.16,6.4,2025-02-23
No ,164.0,yes,1,2.11,2.0,228.8,103,82.37,12.95,7.9,2023-07-04
No,182.0,yes,0,0.0,2.0,142.9,116,44.81,11.72,7.8,2023-02-26
no,179.0,yes,1,2.7,1.0,170.6,104,73.24,9.63,10.1,
no,66.0,yes ,1,3.59,0.0,96.6,86,73.85,13.07,13.3,2025-05-18
no,180.0,yes ,0,,0.0,55.6,95,28.29,10.08,10.3,2023-03-14
Si,109.0,NO,0,0.0,1.0,169.9,98,45.92,8.08,5.0,2024-07-25
No,196.0,no,0,0.0,2.0,147.4,137,38.83,8.0,8.6,2022-11-21
false,48.0,yes,0,0.0,2.0,223.3,94,57.98,11.41,12.5,2025-09-22
yes,150.0,yes,0,0.0,3.0,312.7,86,73.29,11.18,12.3,2023-10-10
False,87.0,yes ,0,0.0,1.0,131.7,102,39.32,10.42,14.3,2024-12-21
NO,69.0,yes,0,0.0,1.0,113.0,105,30.2,6.38,9.2,2025-04-30
Si,51.0,Yes,0,0.0,0.0,305.4,105,68.0,9.41,8.5,2025-09-05
NO,126.0,yes,0,0.0,1.0,188.2,96,50.04,8.89,12.3,2024-03-25
SI,,yes,1,2.38,6.0,110.4,88,66.09,13.24,9.0,
true,41.0,yes,0,0.0,2.0,81.5,74,36.3,12.72,8.9,2025-11-11
yes,131.0,yes,0,0.0,5.0,154.3,166,40.8,8.38,11.7,2024-02-20
No ,84.0,Yes,0,0.0,1.0,254.2,96,63.22,9.55,4.3,2025-01-16
No,195.0,yess,0,0.0,0.0,244.4,102,52.88,6.37,11.6,2022-11-29
Si,157.0,yess,0,0.0,4.0,167.1,124,45.04,8.6,12.4,2023-08-24
False,5.0,yes ,0,0.0,2.0,152.4,117,45.43,11.06,8.5,2026-07-24
0,150.0,yes ,0,0.0,1.0,209.9,86,48.82,8.21,13.3,2023-10-10
false,181.0,yess,0,0.0,0.0,85.9,92,32.31,9.72,10.2,2023-03-07
NO,69.0,yes,0,0.0,1.0,142.9,115,38.77,7.62,8.5,2025-04-30
0,14.0,Yes,0,0.0,,206.2,84,51.33,8.03,10.4,2026-05-19
0,1.0,yes,0,0.0,2.0,118.6,112,36.67,9.43,12.9,2026-08-16
False,53.0,yes,1,3.29,0.0,223.4,98,87.5,9.4,12.2,2025-08-17
0,205.0,yes,1,3.37,1.0,220.6,143,90.11,10.52,12.4,2022-09-18
False,18.0,yes,0,0.0,1.0,175.3,73,44.74,8.6,7.3,2026-04-20
No,16.0,yes,1,3.84,1.0,131.2,107,80.73,11.79,14.5,2026-05-06
Yes,32.0,Yes,0,0.0,0.0,284.3,89,,7.81,8.4,2026-01-14
no,87.0,NO,0,0.0,2.0,196.7,125,55.03,12.35,12.4,2024-12-21
0,85.0,yes,1,3.1,2.0,135.4,87,67.99,7.69,11.6,2025-01-05
Si,83.0,yes,0,0.0,2.0,294.0,98,70.9,10.9,14.0,
NO,176.0,Yes,0,0.0,1.0,159.9,112,56.29,14.5,7.2,2023-04-12
False,101.0,yes,1,3.05,1.0,182.9,118,,6.45,11.1,2024-09-18
1,99.0,no,0,0.0,2.0,100.8,108,47.49,15.34,13.8,2024-10-01
No ,71.0,yess,0,0.0,2.0,175.4,77,46.3,9.28,9.1,2025-04-18
No,0.0,YES,0,0.0,1.0,134.2,108,40.3,10.35,11.8,2026-08-26
No ,115.0,yes,0,0.0,2.0,154.8,116,45.33,11.12,8.6,2024-06-08
no,34.0,YES,1,,2.0,178.9,82,74.05,8.74,10.2,2025-12-27
0,5.0,yes,0,0.0,6.0,257.6,108,65.56,10.35,10.0,2026-07-23
No,47.0,yes ,0,0.0,2.0,301.0,94,62.4,6.57,7.2,2025-10-03
No,115.0,yess,1,3.81,1.0,174.1,82,,12.81,14.1,2024-06-14
No,69.0,YES,1,2.75,3.0,249.0,124,83.2,7.16,10.3,2025-04-30
No,11.0,yess,1,2.96,2.0,185.4,106,80.65,11.06,11.0,2026-06-11
No,114.0,yes ,0,0.0,3.0,126.4,99,46.13,11.98,10.4,2024-06-18
false,118.0,yes,0,0.0,,183.5,115,54.22,12.62,10.8,2024-05-23
No,68.0,yes,0,0.0,2.0,180.9,87,42.01,7.3,11.6,2025-05-04
true,50.0,No,1,3.56,1.0,219.5,81,92.31,10.91,13.3,2025-09-08
yes,174.0,no,0,0.0,2.0,132.0,112,46.93,13.05,9.3,2023-04-26
0,,yes,0,0.0,1.0,174.9,108,41.47,4.51,9.4,2024-09-07
SI,114.0,no,0,0.0,4.0,213.2,60,45.0,5.29,9.7,2024-06-16
no,51.0,yes,0,0.0,0.0,109.2,109,22.39,2.12,13.1,2025-08-30
No,111.0,yess,0,0.0,0.0,124.5,67,39.41,10.37,14.7,2024-07-06
False,68.0,yes,0,,2.0,165.4,65,44.8,9.15,6.0,2025-05-05
no,87.0,yes,0,0.0,1.0,180.1,97,46.17,9.32,8.0,2024-12-25
NO,108.0,yes,0,0.0,3.0,206.4,85,56.73,12.3,7.6,2024-07-29
NO,74.0,yes,0,0.0,1.0,227.5,121,62.46,13.48,13.0,2025-03-27
True,3.0,yess,0,0.0,3.0,230.8,75,68.61,16.25,10.8,2026-08-02
No ,56.0,yess,1,1.75,5.0,182.2,94,73.89,13.47,6.8,2025-07-29
NO,199.0,yes,0,0.0,1.0,228.3,77,56.83,10.43,12.1,2022-10-29
0,69.0,yes,1,2.74,0.0,197.6,76,83.46,12.74,10.3,2025-04-26
no,106.0,yes,0,0.0,3.0,194.7,125,49.26,7.87,9.5,2024-08-13
false,203.0,No,0,0.0,1.0,266.4,118,61.55,9.03,10.3,2022-10-03
0,93.0,yes ,0,0.0,3.0,133.2,72,44.51,12.36,7.0,2024-11-10
No ,54.0,Yes,0,,1.0,134.7,98,39.07,9.21,12.5,2025-08-15
No,19.0,yes ,0,0.0,2.0,153.6,130,48.39,12.63,5.0,2026-04-17
No ,100.0,yess,0,0.0,0.0,105.4,149,40.53,12.64,14.9,2024-09-27
No,194.0,yes,0,0.0,0.0,194.6,101,44.01,5.81,9.2,2022-12-05
NO,4.0,yes ,1,3.04,1.0,238.3,62,93.41,13.15,11.1,2026-07-30
NO,144.0,yess,1,2.12,3.0,212.3,77,78.59,11.74,7.9,2023-11-22
NO,31.0,yes,0,0.0,0.0,200.6,81,53.95,11.64,16.6,2026-01-20
no,6.0,YES,1,3.59,2.0,185.9,64,85.86,10.77,13.4,2026-07-11
NO,37.0,YES,1,1.95,3.0,89.1,103,43.5,5.5,7.0,2025-12-09
No,24.0,yess,0,0.0,0.0,260.6,117,59.36,9.11,10.3,2026-03-12
NO,67.0,Yes,1,3.06,1.0,140.4,99,70.26,8.5,11.5,2025-05-13
Yes,86.0,yes,0,0.0,6.0,174.6,150,42.44,7.35,15.7,2024-12-30
No,37.0,yess,0,0.0,1.0,176.2,112,46.53,9.82,5.9,2025-12-06
No ,87.0,yes,1,1.8,0.0,147.2,105,52.19,5.72,6.4,2024-12-25
No,28.0,YES,0,0.0,1.0,190.1,109,41.86,5.68,13.2,2026-02-10
false,111.0,yes,0,0.0,2.0,143.0,80,36.56,6.8,15.5,2024-07-11
False,,yes,0,0.0,0.0,243.8,83,63.74,11.6,9.5,2025-08-17
No,29.0,yes,0,0.0,0.0,221.7,105,61.02,13.42,9.4,2026-02-03
si,8.0,yes,0,0.0,4.0,295.9,99,68.54,10.84,11.5,2026-07-03
no,186.0,YES,0,0.0,,128.6,76,33.98,6.56,13.0,2023-01-29
No ,52.0,yes,0,0.0,0.0,142.7,127,36.69,7.42,8.2,2025-08-28
false,203.0,yes,0,0.0,3.0,165.3,104,43.91,8.53,9.8,2022-10-04
False,113.0,yes ,0,,0.0,164.1,101,52.23,14.48,8.6,2024-06-25
true,149.0,yes,0,0.0,0.0,274.2,92,67.2,11.66,6.1,2023-10-15
no,207.0,yes,0,0.0,1.0,208.1,70,53.03,10.13,12.4,2022-09-08
false,83.0,yes,0,0.0,1.0,239.8,69,65.48,12.63,10.8,2025-01-21
No ,44.0,no,1,3.4,0.0,172.8,125,84.08,10.96,12.8,2025-10-18
false,122.0,yes,1,2.17,0.0,222.4,99,78.9,11.83,7.9,
False,20.0,no,1,2.4,1.0,144.2,96,71.46,13.58,8.9,2026-04-06
no,109.0,no,1,3.1,1.0,220.8,78,83.92,7.97,11.5,2024-07-23
No ,158.0,yes,0,0.0,2.0,189.6,152,45.27,7.44,15.3,2023-08-13
NO,178.0,yess,1,3.04,1.0,237.3,61,92.25,13.2,11.2,2023-03-26
No ,160.0,Yes,0,0.0,1.0,197.7,84,56.91,13.46,10.9,2023-08-04
NO,190.0,yes,0,0.0,2.0,125.3,113,35.53,7.86,14.4,2023-01-06
False,76.0,YES,0,0.0,3.0,119.2,117,43.03,12.41,11.1,2025-03-09
No ,36.0,yes,0,0.0,3.0,217.7,112,58.77,12.52,15.9,2025-12-13
false,60.0,yes,0,0.0,,238.2,101,54.77,8.37,9.8,2025-06-29
no,143.0,yes,0,0.0,2.0,226.4,121,63.94,12.96,9.0,2023-11-27
False,118.0,yes,1,2.16,1.0,264.5,136,79.0,7.41,8.3,2024-05-19
False,74.0,yes ,0,0.0,0.0,135.1,124,37.05,8.29,12.5,2025-03-28
No,104.0,YES,0,0.0,0.0,228.7,146,58.7,9.38,9.1,2024-08-27
False,,yes,0,0.0,3.0,77.9,116,34.45,12.5,9.5,2023-09-23
No,85.0,yes,0,0.0,2.0,94.3,98,35.51,9.3,9.3,2025-01-10
yes,105.0,YES,0,0.0,1.0,250.7,115,66.54,14.45,8.9,2024-08-23
NO,106.0,Yes,0,0.0,1.0,241.0,120,52.89,7.08,9.3,2024-08-12
no,155.0,yes,1,1.42,5.0,175.3,96,63.73,10.95,5.3,2023-09-02
0,75.0,yes,0,0.0,4.0,193.8,95,55.8,13.18,9.1,2025-03-20
No,56.0,yess,0,,1.0,234.4,64,59.17,10.4,9.2,2025-07-31
0,190.0,yes,0,0.0,2.0,185.6,98,54.86,12.69,14.7,2023-01-03
No ,70.0,yess,0,0.0,2.0,138.5,102,,7.55,8.5,2025-04-22
no,169.0,yes,1,2.98,1.0,112.9,86,68.16,11.39,10.8,2023-06-02
No ,78.0,No,0,0.0,3.0,213.2,85,53.7,8.79,8.4,2025-02-28
No,133.0,yess,0,0.0,0.0,233.6,132,50.24,5.94,16.1,2024-02-05
No,61.0,yes,1,3.75,1.0,171.6,88,79.89,7.48,14.0,2025-06-25
No,139.0,yes,0,0.0,1.0,235.4,121,55.57,9.06,7.7,2023-12-27
No ,173.0,no,1,2.34,3.0,252.3,126,83.11,9.0,8.8,2023-05-05
true,162.0,yes,0,0.0,6.0,121.2,47,32.68,6.31,8.3,2023-07-17
no,205.0,yes,1,2.7,0.0,147.3,131,76.15,13.72,10.2,2022-09-17
No,181.0,YES,0,0.0,0.0,186.3,132,55.63,11.72,16.9,2023-03-08
Yes,50.0,yes,0,0.0,4.0,308.4,139,68.85,7.5,7.3,2025-09-07
No ,195.0,yes,0,0.0,3.0,131.9,82,40.02,10.34,15.6,2022-11-26
0,109.0,yess,0,0.0,1.0,98.9,77,38.02,12.45,14.3,2024-07-25
False,165.0,yes,0,0.0,2.0,143.8,91,45.44,12.35,10.9,2023-06-26
0,62.0,YES,0,0.0,,102.6,123,32.3,7.09,7.4,2025-06-19
No ,123.0,yess,0,0.0,6.0,172.4,83,51.94,12.59,6.0,2024-04-16
No ,180.0,yes,1,2.07,3.0,243.9,71,80.01,10.13,7.8,2023-03-14
False,177.0,yes,0,0.0,1.0,102.7,119,36.0,10.21,10.1,2023-04-04
False,,yes,0,0.0,1.0,223.5,114,57.4,10.89,0.3,2024-01-20
no,180.0,yes,1,2.01,3.0,251.4,87,82.8,11.51,7.6,2023-03-13
YES,141.0,no,0,0.0,2.0,238.3,93,61.11,10.41,15.5,2023-12-12
0,72.0,yes,0,0.0,3.0,148.1,115,38.85,8.04,7.4,2025-04-11
No,106.0,yes,0,0.0,0.0,194.6,87,49.4,7.98,6.7,2024-08-13
NO,182.0,yess,0,0.0,0.0,205.8,105,55.83,11.2,14.5,2023-03-01
No,87.0,YES,1,2.38,0.0,138.8,91,67.97,11.36,8.8,2024-12-21
false,146.0,yes,0,0.0,0.0,184.7,119,42.16,5.89,11.0,2023-11-10
no,32.0,yess,0,0.0,1.0,171.9,94,,8.6,11.2,2026-01-13
0,108.0,Yes,0,0.0,2.0,167.3,92,,11.64,9.1,2024-07-31
NO,164.0,NO,0,0.0,3.0,172.0,77,42.08,7.32,6.8,2023-07-02
No ,0.0,Yes,0,0.0,1.0,175.2,98,,7.73,11.3,2026-08-23
No,54.0,yes,0,0.0,2.0,157.8,105,41.67,8.8,11.9,2025-08-12
no,146.0,yes,1,1.02,,188.8,115,65.61,12.93,3.9,2023-11-10
0,180.0,yes,1,2.7,2.0,206.5,100,74.97,7.5,10.1,2023-03-11
False,166.0,yes,0,0.0,2.0,217.9,85,52.65,9.37,4.8,2023-06-21
No,207.0,Yes,1,1.67,1.0,230.4,100,79.19,12.71,6.2,2022-09-04
Si,18.0,Yes,0,0.0,4.0,158.4,104,40.25,7.73,8.0,2026-04-21
No,143.0,no,1,3.16,0.0,227.0,115,,8.73,11.7,2023-11-25
no,186.0,No,0,0.0,2.0,207.3,140,55.83,10.36,7.7,2023-01-31
True,52.0,yess,0,,5.0,146.4,118,39.21,8.1,9.1,2025-08-23
NO,118.0,yes,0,0.0,2.0,92.0,90,32.81,9.52,9.2,2024-05-19
SI,204.0,yess,1,2.98,4.0,133.9,112,70.28,10.34,10.9,2022-09-24
1,52.0,No,0,0.0,0.0,241.6,103,72.2,17.53,11.3,2025-08-24
False,200.0,Yes,1,4.16,0.0,199.7,107,93.39,9.47,15.5,2022-10-22
No,182.0,yess,0,0.0,1.0,184.0,120,50.52,10.93,8.4,2023-02-26
no,27.0,Yes,0,0.0,1.0,143.4,112,50.76,15.27,9.8,2026-02-17
si,82.0,no,0,0.0,3.0,203.2,88,51.56,10.65,11.1,2025-01-29
no,27.0,yes ,1,2.68,1.0,83.4,120,60.2,11.79,9.8,2026-02-20
NO,161.0,yes ,0,0.0,4.0,256.0,104,58.03,7.95,7.3,2023-07-24
No,204.0,yes ,0,0.0,1.0,219.1,125,62.65,15.13,9.6,2022-09-25
YES,64.0,YES,0,0.0,5.0,91.3,94,29.47,8.31,11.3,2025-06-02
False,107.0,no,1,2.75,0.0,182.1,131,72.66,8.48,10.0,2024-08-09
NO,164.0,yes,0,0.0,1.0,146.9,84,46.69,12.87,8.0,2023-07-03
false,115.0,YES,0,0.0,0.0,110.4,107,42.8,12.26,7.1,2024-06-13
NO,29.0,yes,1,3.37,,153.4,118,78.49,11.28,12.5,2026-02-03
No,132.0,No,0,0.0,3.0,180.7,79,49.86,9.74,8.8,2024-02-14
No,182.0,yes,1,3.26,2.0,157.2,113,81.07,13.85,11.7,2023-03-01
Yes,149.0,yes,0,0.0,2.0,161.2,134,49.26,12.0,11.6,2023-10-17
No,109.0,Yes,1,2.92,1.0,172.0,75,74.41,8.43,11.0,2024-07-21
No,95.0,yes,1,2.56,6.0,134.6,90,72.39,13.59,9.5,2024-10-26
YES,157.0,yes,1,2.68,6.0,153.1,114,69.86,9.24,10.0,2023-08-24
No,53.0,yess,1,2.61,3.0,293.1,105,91.72,8.24,9.8,2025-08-21
No ,155.0,yess,0,0.0,2.0,103.3,118,35.64,10.75,10.4,2023-09-06
0,97.0,YES,0,0.0,1.0,211.2,104,58.21,11.38,9.1,2024-10-14
0,171.0,yes,0,0.0,2.0,181.4,112,55.23,11.9,5.7,2023-05-13
No,15.0,yes,1,3.63,0.0,110.3,90,72.32,10.27,13.5,2026-05-10
No,86.0,yes,0,0.0,4.0,222.5,95,51.78,8.13,12.0,2025-01-02
si,121.0,No,0,0.0,0.0,279.2,121,64.2,7.75,9.2,2024-04-27
No,66.0,yess,0,0.0,5.0,204.8,107,46.79,6.59,10.4,2025-05-22
false,160.0,yess,0,,2.0,157.7,115,44.25,10.0,8.6,2023-08-02
No,160.0,Yes,0,,2.0,208.9,119,55.16,11.48,6.3,2023-08-04
No,65.0,yes,0,0.0,1.0,240.1,145,54.8,8.25,10.6,2025-05-24
no,38.0,yes,0,0.0,0.0,157.8,95,43.38,8.42,10.2,2025-12-01
No ,62.0,yes,0,0.0,1.0,147.1,60,43.66,9.67,11.1,2025-06-19
0,163.0,no ,0,0.0,0.0,70.6,110,42.43,16.88,12.0,2023-07-11
SI,188.0,Yes,0,0.0,1.0,263.6,68,70.7,15.3,9.6,2023-01-17
No ,3.0,yes,0,0.0,1.0,159.2,122,47.73,11.89,11.4,2026-08-01
Si,13.0,Yes,1,,2.0,246.9,105,78.63,11.27,6.2,
1,170.0,yes,0,0.0,4.0,274.9,119,62.81,9.55,11.1,2023-05-26
False,13.0,YES,1,3.39,2.0,232.5,55,90.7,10.66,12.3,2026-05-26
No,20.0,Yes,0,0.0,1.0,176.2,109,41.7,4.41,9.5,2026-04-07
false,135.0,yess,0,0.0,0.0,8.1,100,16.73,6.83,12.1,2024-01-20
no,62.0,yes ,0,0.0,1.0,100.3,127,29.82,7.26,10.0,2025-06-20
no,147.0,yes,0,0.0,,190.8,142,46.65,7.51,13.3,2023-11-02
false,36.0,yes,1,3.55,1.0,152.8,92,69.13,4.23,13.4,2025-12-18
No,28.0,yes ,0,0.0,2.0,271.6,105,60.62,8.11,9.3,2026-02-10
No,22.0,YES,1,3.02,2.0,100.7,57,65.44,10.11,11.3,
false,62.0,YES,0,,1.0,185.8,119,52.41,9.69,6.7,2025-06-19
NO,105.0,yes,0,0.0,3.0,216.7,86,52.64,9.26,6.4,2024-08-23
0,189.0,NO,0,0.0,1.0,59.5,92,34.41,13.71,10.8,2023-01-11
No,33.0,yess,0,0.0,1.0,176.5,108,40.99,4.53,9.7,2026-01-08
No,76.0,yes ,0,0.0,2.0,116.5,91,39.03,10.75,9.6,2025-03-13
False,18.0,yes,0,0.0,2.0,193.3,89,48.26,7.08,5.4,2026-04-23
No ,155.0,yes,0,0.0,1.0,209.7,86,50.18,8.28,13.3,2023-09-02
0,22.0,Yes,1,2.45,1.0,151.9,109,72.84,12.17,9.2,2026-03-21
SI,154.0,YES,0,0.0,1.0,247.2,109,60.72,11.1,13.2,2023-09-11
false,10.0,yes,0,0.0,1.0,121.6,90,33.34,6.88,5.7,2026-06-15
YES,185.0,yes,0,0.0,,294.8,112,71.64,10.19,9.6,2023-02-04
false,26.0,yess,1,1.84,1.0,131.8,113,60.29,10.99,6.7,2026-02-25
0,160.0,yes ,1,2.6,3.0,161.1,106,67.24,8.43,9.5,2023-07-30
False,20.0,No,0,0.0,2.0,178.9,114,52.18,10.54,7.3,2026-04-05
yes,56.0,yes,0,,2.0,290.7,101,69.75,11.78,12.7,2025-07-31
si,98.0,YES,0,0.0,0.0,235.6,128,65.32,14.68,9.8,2024-10-08
False,53.0,YES,1,1.71,3.0,126.9,91,51.21,6.92,6.2,2025-08-22
NO,138.0,yess,0,0.0,3.0,214.8,86,48.06,6.54,9.5,2024-01-02
SI,117.0,No,1,3.03,4.0,156.3,121,75.67,10.44,11.1,2024-05-26
false,123.0,yes ,1,1.61,1.0,150.6,107,64.87,13.23,5.7,2024-04-16
No,50.0,yess,0,0.0,2.0,152.0,123,53.31,13.91,10.9,2025-09-08
No,204.0,yess,0,0.0,2.0,148.7,127,34.2,5.23,11.1,2022-09-24
no,135.0,YES,0,0.0,0.0,239.0,137,53.04,6.78,13.1,2024-01-24
No,61.0,yes,1,3.7,5.0,252.8,77,100.11,11.4,13.8,2025-06-26
No,102.0,yes,0,0.0,3.0,192.5,98,49.99,9.67,9.3,2024-09-08
si,26.0,yes,0,0.0,2.0,271.2,102,68.31,12.76,11.9,2026-02-23
0,41.0,yes,0,0.0,1.0,223.6,81,,6.49,15.8,2025-11-13
false,88.0,yes,1,2.72,0.0,224.4,122,90.8,14.67,9.8,2024-12-15
No,102.0,yes ,1,4.02,2.0,247.8,88,107.07,13.2,15.0,2024-09-12
No,,yes,0,,0.0,180.2,72,50.75,11.64,12.0,2023-09-04
No,44.0,YES,0,0.0,1.0,171.5,122,47.21,10.8,12.6,2025-10-18
No ,0.0,yess,0,0.0,0.0,162.6,71,49.8,12.71,15.6,2026-08-24
No ,160.0,yes,0,0.0,2.0,160.9,100,37.82,5.73,12.9,
No,203.0,yes ,1,1.16,3.0,116.9,102,49.52,10.23,4.2,2022-10-07
No,,Yes,0,0.0,1.0,153.8,103,34.87,4.63,7.2,
No,185.0,yes,0,0.0,0.0,36.3,77,33.56,13.23,9.9,2023-02-07
No,112.0,yes,0,0.0,2.0,209.0,119,60.62,14.62,8.0,2024-07-04
1,198.0,yes ,0,0.0,2.0,334.0,76,76.29,10.71,12.7,2022-11-11
false,183.0,yes,0,0.0,1.0,166.2,95,40.28,6.98,13.1,2023-02-20
0,114.0,YES,1,1.97,2.0,239.2,110,79.7,11.15,7.4,2024-06-16
1,111.0,yess,1,2.72,2.0,107.7,77,61.1,9.04,10.2,2024-07-10
No,57.0,yess,0,0.0,4.0,175.2,85,49.92,10.39,17.7,2025-07-22
no,101.0,Yes,0,0.0,2.0,190.1,152,43.98,7.62,15.1,2024-09-16
0,156.0,yes,0,0.0,3.0,124.6,99,46.92,12.58,11.1,2023-08-26
No ,5.0,yes ,0,0.0,0.0,160.1,102,52.81,14.37,8.6,2026-07-23
false,60.0,yess,1,2.51,3.0,175.4,95,74.04,10.54,9.2,2025-07-04
NO,18.0,YES,0,0.0,1.0,216.0,111,50.21,7.65,12.7,2026-04-23
No,156.0,NO,0,0.0,2.0,183.6,104,43.64,7.2,10.5,2023-08-28
False,205.0,yes,1,3.04,0.0,95.9,89,60.96,8.37,11.2,2022-09-18
No,104.0,YES,0,0.0,2.0,127.6,113,34.12,7.76,14.4,2024-08-24
no,58.0,yes ,0,0.0,2.0,201.0,106,51.84,10.34,8.1,2025-07-14
SI,96.0,yess,1,1.76,2.0,188.5,96,61.36,6.15,6.5,2024-10-23
No,188.0,yes ,0,0.0,2.0,227.5,110,56.14,10.04,11.5,2023-01-17
NO,77.0,yes,1,2.42,1.0,161.2,103,78.25,16.15,9.0,2025-03-06
yes,201.0,no,0,0.0,0.0,46.8,89,31.21,13.21,13.1,2022-10-21
True,111.0,yes ,0,0.0,4.0,107.7,87,,12.96,13.3,2024-07-07
No,143.0,yes,0,0.0,1.0,184.4,84,54.5,13.5,10.0,2023-11-25
false,206.0,yes ,0,0.0,1.0,142.5,106,46.89,13.14,10.2,2022-09-14
0,64.0,YES,0,0.0,1.0,223.9,141,56.91,10.69,12.5,2025-06-01
No,99.0,yes,0,0.0,4.0,220.7,100,62.06,14.13,12.7,2024-10-02
NO,13.0,yes,0,0.0,,183.9,80,52.06,12.02,7.6,2026-05-25
No,48.0,yess,0,0.0,0.0,224.9,89,56.31,9.77,14.9,2025-09-26
SI,80.0,yess,0,0.0,0.0,244.6,92,59.24,9.07,15.2,2025-02-08
yes,28.0,yes,0,0.0,5.0,61.5,89,26.61,8.57,5.7,2026-02-12
No ,180.0,yes ,0,0.0,1.0,217.6,99,56.05,11.81,9.4,2023-03-13
No ,,yes,0,0.0,0.0,257.6,84,59.43,9.16,13.6,2023-08-31
1,81.0,YES,0,0.0,1.0,324.9,106,72.64,7.63,8.7,2025-02-04
True,131.0,yes,0,0.0,0.0,272.3,97,65.76,11.24,9.0,2024-02-20
False,124.0,yes,0,0.0,1.0,196.4,101,45.28,6.38,13.4,2024-04-11
0,59.0,YES,0,0.0,1.0,230.2,116,56.94,10.08,14.2,2025-07-09
No,50.0,YES,0,0.0,3.0,229.0,99,58.47,10.6,12.4,2025-09-06
0,19.0,yes,0,0.0,2.0,124.0,133,35.2,7.93,8.5,2026-04-14
false,46.0,yes,0,0.0,1.0,84.4,121,36.31,12.09,6.6,2025-10-04
NO,67.0,yes,0,0.0,,214.3,113,53.99,9.97,9.8,2025-05-12
No ,97.0,yes,0,0.0,,133.1,96,37.79,8.42,7.7,2024-10-18
0,111.0,yes,0,0.0,0.0,175.8,146,44.63,8.11,9.5,2024-07-06
No ,110.0,yes,1,3.32,2.0,242.8,91,93.04,10.55,12.1,2024-07-13
No ,157.0,Yes,0,0.0,0.0,238.2,79,56.6,9.62,9.1,2023-08-20
NO,92.0,NO,0,0.0,2.0,155.5,114,42.43,8.87,11.1,2024-11-16
NO,207.0,yes,1,2.31,1.0,81.2,80,56.3,10.85,8.6,2022-09-04
0,146.0,yess,0,0.0,3.0,172.3,91,47.04,9.9,11.2,2023-11-06
0,84.0,Yes,0,0.0,0.0,253.0,100,61.42,8.42,5.7,2025-01-12
0,,yes,1,2.83,3.0,186.0,99,81.8,12.11,10.5,2026-07-19
false,110.0,yess,0,0.0,0.0,194.0,57,51.09,9.92,14.8,2024-07-16
NO,195.0,yes,0,0.0,4.0,221.9,105,47.87,5.96,11.5,2022-11-26
NO,157.0,yes ,1,3.31,0.0,224.1,97,88.74,9.38,12.2,2023-08-25
No,197.0,yes,1,2.88,1.0,181.5,126,76.38,9.82,10.6,2022-11-15
0,59.0,yes,1,1.25,0.0,97.2,103,40.86,6.79,4.4,2025-07-08
No,52.0,YES,0,0.0,0.0,172.3,133,48.72,11.5,11.1,2025-08-26
no,,yes,0,0.0,2.0,182.2,97,47.28,8.26,10.9,2025-10-11
No ,116.0,yes,0,0.0,0.0,208.1,114,62.78,13.02,10.7,2024-06-05
false,71.0,yes ,0,0.0,0.0,234.7,96,56.87,10.19,12.0,2025-04-13
NO,124.0,yes,0,0.0,2.0,140.4,81,39.94,7.81,10.2,2024-04-07
No ,27.0,No,0,0.0,3.0,210.8,100,53.9,10.59,12.4,2026-02-16
NO,128.0,No,0,0.0,0.0,225.7,98,57.25,11.03,6.3,2024-03-09
0,,yess,1,1.87,1.0,111.1,85,58.25,12.07,6.9,2024-03-26
NO,43.0,yes ,0,0.0,2.0,174.9,98,44.59,8.94,10.7,2025-10-25
False,67.0,yess,0,0.0,0.0,146.8,78,35.1,5.55,6.7,2025-05-14
False,8.0,yes ,0,0.0,1.0,108.4,104,44.13,14.36,4.8,2026-06-30
No,191.0,yes,0,0.0,0.0,208.6,120,55.15,11.15,11.1,2022-12-29
No,94.0,yes,0,0.0,1.0,158.9,114,48.51,12.04,11.4,2024-11-02
No ,125.0,yes,0,0.0,2.0,179.9,89,43.64,6.83,9.9,2024-03-31
Yes,13.0,no ,0,0.0,1.0,348.2,54,80.68,12.43,13.2,2026-05-27
false,132.0,YES,0,0.0,3.0,123.1,98,46.48,11.88,10.2,2024-02-12
False,52.0,yes,0,0.0,2.0,204.8,82,48.29,7.57,9.6,2025-08-25
No,42.0,n0,1,1.87,1.0,172.9,136,66.27,10.55,6.9,2025-11-02
No,4.0,YES,0,0.0,0.0,150.7,98,51.79,14.96,8.1,2026-07-29
No,37.0,yes,0,0.0,2.0,109.8,89,30.65,6.79,10.9,2025-12-09
false,81.0,yes,0,0.0,2.0,258.8,91,63.58,10.51,9.4,2025-02-05
No,68.0,Yes,0,0.0,1.0,166.3,84,45.7,9.48,7.8,2025-05-03
No,123.0,yes,0,0.0,3.0,122.6,91,36.11,8.54,7.4,2024-04-13
0,90.0,Yes,0,0.0,4.0,166.5,102,47.32,10.81,13.2,2024-12-04
False,201.0,yess,0,0.0,,51.0,124,25.55,8.36,10.4,2022.10.20
false,80.0,yes,0,0.0,1.0,133.9,88,38.95,8.42,15.4,2025-02-10
No,161.0,yes ,1,1.95,0.0,202.4,118,77.87,13.44,7.3,2023-07-24
True,58.0,YES,0,0.0,0.0,117.0,99,37.47,9.99,11.7,2025-07-14
0,141.0,yes,1,2.78,1.0,171.4,103,73.97,9.84,10.3,2023-12-09
NO,13.0,Yes,1,3.57,2.0,194.2,84,79.94,5.99,13.2,2026-05-23
yes,47.0,yes,0,0.0,2.0,148.3,73,37.02,6.61,8.5,2025-10-01
No,61.0,Yes,1,2.74,1.0,191.9,65,76.83,10.61,10.0,2025-06-25
Yes,145.0,YES,0,0.0,2.0,228.9,119,66.64,13.88,9.9,2023-11-13
No,19.0,yes,0,0.0,1.0,53.8,67,25.04,8.92,10.3,2026-04-15
false,190.0,yes,1,2.27,0.0,169.1,87,71.09,11.16,8.1,2023-01-03
No,185.0,yes,1,2.81,0.0,108.2,89,60.34,7.0,10.5,2023-02-05
0,162.0,yes ,1,2.89,0.0,108.8,90,59.95,7.12,10.4,2023-07-21
False,107.0,YES,1,1.87,1.0,130.6,86,55.72,9.29,6.9,2024-08-09
Yes,7.0,yess,0,0.0,2.0,128.0,99,41.45,11.28,9.2,2026-07-06
si,4.0,YES,0,0.0,4.0,152.4,133,44.26,9.97,9.4,2026-07-30
No,,Yes,0,0.0,0.0,200.8,84,48.42,8.51,6.0,2026-07-29
NO,166.0,yes,0,0.0,0.0,173.1,64,47.44,9.94,10.6,2023-06-20
No,13.0,yes ,0,,1.0,175.8,97,59.36,14.21,11.3,
No,137.0,yes,0,0.0,2.0,184.8,64,51.77,11.61,7.6,2024-01-10
0,40.0,yess,1,2.76,0.0,199.3,99,75.84,8.19,10.0,2025-11-18
No,178.0,yes,0,0.0,0.0,164.9,99,43.81,8.85,10.9,2023-03-31
false,153.0,yess,0,,1.0,151.3,85,48.97,13.36,14.7,2023-09-18
yes,97.0,YES,0,0.0,6.0,81.1,122,31.58,10.44,11.2,2024-10-16
Si,,NO,0,,2.0,166.3,87,44.13,9.0,14.1,2026-01-24
No,50.0,yes,0,0.0,0.0,105.8,102,36.92,11.02,11.0,
no,8.0,yes ,0,0.0,1.0,143.2,76,42.05,8.51,7.5,2026-06-30
False,30.0,YES,1,3.52,0.0,102.0,79,72.15,11.23,12.9,2026-01-29
YES,177.0,yes ,1,4.09,5.0,141.1,102,84.61,10.62,15.4,2023-04-01
NO,49.0,yes,1,4.34,1.0,156.4,114,81.33,6.9,15.8,2025-09-19
No ,162.0,yes,1,1.28,3.0,142.3,100,54.67,10.72,4.9,2023-07-16
false,204.0,Yes,1,0.95,0.0,103.3,85,38.36,6.02,3.8,2022-09-26
no,28.0,yess,0,0.0,2.0,160.3,66,39.3,6.53,6.9,2026-02-11
0,166.0,yes,1,3.06,0.0,216.4,94,79.03,6.97,11.1,2023-06-22
0,41.0,YES,0,0.0,1.0,198.7,78,53.52,9.89,11.6,2025-11-10
NO,34.0,yes,1,3.46,3.0,196.5,87,86.11,10.3,12.5,2025-12-27
NO,53.0,yes,1,2.78,1.0,120.8,104,67.49,11.29,10.2,2025-08-17
0,119.0,yes,1,2.77,1.0,104.4,108,56.48,5.48,10.1,2024-05-12
0,57.0,yess,0,0.0,1.0,243.3,81,59.18,8.41,6.6,2025-07-21
0,178.0,Yes,0,0.0,4.0,219.5,132,62.09,13.84,13.8,2023-03-30
No,47.0,yess,1,3.3,1.0,125.1,88,69.42,8.59,12.1,2025-10-02
No,118.0,yes,0,0.0,1.0,156.7,73,33.41,3.3,10.2,2024-05-21
No,20.0,yes,0,0.0,1.0,258.6,86,66.99,12.9,5.8,2026-04-09
no,53.0,YES,0,0.0,2.0,207.5,120,60.74,14.65,7.9,2025-08-21
Si,55.0,no,1,3.66,3.0,127.2,89,73.6,8.29,13.6,2025-08-06
0,106.0,Yes,0,0.0,1.0,229.2,102,53.83,8.51,11.8,2024-08-11
No ,54.0,yess,0,0.0,1.0,168.2,84,44.96,9.7,7.7,2025-08-15
No,27.0,Yes,0,0.0,3.0,171.7,91,48.12,9.72,11.2,2026-02-15
0,96.0,yes,0,0.0,3.0,155.1,100,41.52,6.76,3.7,2024-10-24
0,5.0,yes,0,0.0,3.0,195.5,135,49.91,9.23,9.9,2026-07-19
0,35.0,yes,0,0.0,,154.6,74,40.97,8.51,12.7,2025-12-26
No ,41.0,yes,1,2.87,,162.2,92,77.21,11.93,10.6,2025-11-09
yes,81.0,yes,0,0.0,1.0,76.8,105,29.1,9.42,7.5,2025-02-03
No,45.0,yes,0,0.0,1.0,173.1,54,46.37,9.51,13.3,2025-10-11
False,152.0,yes,0,0.0,1.0,116.3,108,41.36,12.16,13.0,2023-09-28
0,178.0,n0,0,0.0,3.0,129.5,111,40.3,8.64,11.2,2023-03-27
No ,,yes ,0,0.0,2.0,134.5,84,48.74,14.21,14.0,
NO,23.0,YES,0,0.0,1.0,238.1,104,60.11,11.09,13.3,2026-03-14
No ,113.0,Yes,0,0.0,1.0,174.7,119,,11.65,10.6,2024-06-28
No,41.0,yes,1,,5.0,237.1,105,94.86,10.56,13.2,2025-11-09
False,96.0,yes,1,2.89,0.0,242.4,139,96.36,16.03,10.5,2024-10-21
NO,94.0,yes,0,,0.0,218.4,80,68.48,16.0,4.0,2024-11-05
false,188.0,yes ,0,0.0,2.0,153.5,147,48.52,13.23,9.8,2023-01-17
NO,5.0,yes,1,2.45,1.0,156.0,128,72.73,12.24,9.1,2026-07-24
No,37.0,yess,0,0.0,0.0,212.4,119,51.25,7.72,11.0,2025-12-09
No,60.0,Yes,0,0.0,0.0,150.5,81,36.13,5.92,10.4,2025-07-04
No,140.0,yes,0,0.0,1.0,125.2,84,36.83,8.4,8.5,2023-12-19
No,61.0,yes,0,0.0,3.0,173.1,111,38.3,4.57,9.6,2025-06-23
Si,17.0,yes,1,3.8,4.0,108.3,101,74.9,10.33,14.0,2026-04-30
False,96.0,NO,0,0.0,,235.7,97,58.91,10.5,4.5,2024-10-21
false,19.0,yes,1,4.01,,204.2,78,86.86,6.71,14.7,2026-04-13
Si,96.0,Yes,0,0.0,,279.9,113,64.85,10.09,10.4,2024-10-24
No,105.0,YES,0,0.0,2.0,242.4,100,50.38,5.07,9.3,2024-08-21
NO,84.0,yes ,0,0.0,3.0,184.9,84,55.21,11.56,15.1,2025-01-13
No,30.0,yes,0,0.0,2.0,137.7,96,43.34,11.23,15.6,2026-01-28
false,122.0,yess,0,0.0,3.0,189.4,94,,10.53,11.4,2024-04-21
No ,2.0,Yes,0,0.0,0.0,204.2,122,59.5,14.16,12.5,2026-08-14
SI,173.0,no,1,3.01,,156.6,108,73.34,9.58,11.1,2023-05-04
No,94.0,yess,0,0.0,1.0,237.8,104,,11.14,13.1,2024-11-08
no,150.0,yess,0,0.0,3.0,175.8,71,52.34,12.55,8.7,2023-10-12
Yes,,yes ,0,0.0,0.0,261.8,68,66.51,12.17,14.6,2025-03-25
No,142.0,yes,0,0.0,,149.7,114,47.92,12.35,8.3,2023-12-08
si,30.0,yes,0,0.0,1.0,295.8,71,66.65,9.72,13.1,2026-01-30
0,165.0,yes ,0,0.0,2.0,139.1,132,37.44,7.54,7.1,2023-06-26
No,53.0,yes,0,0.0,2.0,147.3,80,41.34,7.93,5.9,2025-08-16
No,112.0,yes,0,0.0,2.0,96.8,121,40.66,12.65,14.2,2024-07-05
NO,39.0,yes ,1,2.64,3.0,191.0,84,77.77,11.12,10.0,2025-11-28
False,17.0,YES,1,1.69,2.0,104.8,61,64.05,17.08,6.2,2026-04-29
0,63.0,yes,0,0.0,1.0,204.8,97,57.77,13.67,10.9,2025-06-13
False,201.0,yes,0,,1.0,227.9,80,,8.02,8.1,2022-10-21
No,35.0,yess,0,0.0,0.0,262.5,102,64.57,11.71,13.0,2025-12-25
No,189.0,yess,0,0.0,,207.1,87,56.38,10.51,14.4,2023-01-13
no,65.0,NO,0,0.0,1.0,212.7,77,57.07,12.0,10.1,2025-05-27
False,189.0,yes,1,3.56,1.0,239.9,100,97.46,11.56,13.1,2023-01-08
NO,111.0,yes,0,0.0,0.0,173.5,105,47.77,8.64,8.2,2024-07-06
false,201.0,Yes,0,0.0,2.0,192.7,88,,6.88,5.5,2022-10-18
No ,24.0,yes,1,1.69,1.0,144.7,107,52.85,5.89,6.5,2026-03-10
False,142.0,yes,0,0.0,2.0,98.0,87,33.33,8.97,9.3,2023-12-05
Yes,26.0,yes,0,0.0,,246.5,86,64.38,12.82,7.6,2026-02-27
No ,52.0,yess,0,0.0,1.0,105.6,84,30.34,7.0,11.4,2025-08-26
no,15.0,yes,0,0.0,4.0,176.8,55,53.09,10.82,10.5,13/05/2026
false,144.0,yes,0,0.0,0.0,204.5,81,54.44,11.52,16.5,2023-11-20
No,109.0,yes,0,0.0,,141.7,91,39.26,9.34,9.6,2024-07-26
No ,174.0,yes ,0,0.0,0.0,123.6,112,42.71,11.77,3.8,2023-04-24
No ,158.0,yes ,0,0.0,3.0,139.4,116,43.37,11.66,9.6,2023-08-13
no,186.0,yes ,0,0.0,3.0,74.7,116,23.14,5.73,9.4,2023-02-03
No,52.0,YES,1,3.45,1.0,154.6,102,73.45,7.06,12.9,2025-08-25
0,201.0,YES,0,0.0,1.0,194.4,118,53.91,12.36,12.1,2022-10-18
No,148.0,yes,0,0.0,0.0,141.8,77,44.23,9.66,11.6,2023-10-25
No ,65.0,yess,0,,1.0,230.8,93,51.26,6.81,9.0,2025-05-29
No,143.0,yes,0,0.0,1.0,169.0,83,44.56,9.64,7.6,2023-11-28
False,63.0,yess,1,3.32,3.0,230.1,96,89.67,9.36,12.3,2025-06-07
no,142.0,yes ,0,0.0,3.0,101.4,112,25.27,4.08,15.8,2023-12-06
No,200.0,yes ,0,,1.0,245.9,128,58.92,9.6,9.0,2022-10-25
No,155.0,NO,1,3.05,0.0,143.8,76,76.94,12.19,11.4,2023-09-08
true,5.0,yes ,0,0.0,4.0,276.1,101,69.75,13.37,13.2,2026-07-24
No ,199.0,yess,1,2.7,2.0,179.1,82,73.28,8.76,10.2,2022-11-01
No ,106.0,yes,0,0.0,2.0,148.0,100,44.26,10.06,12.0,2024-08-10
False,113.0,yess,0,,0.0,127.0,67,43.72,12.74,13.4,2024-06-23
no,138.0,yes,0,0.0,3.0,140.3,83,41.57,10.63,5.8,2024-01-05
No,58.0,yes,0,0.0,2.0,213.7,67,55.13,11.12,3.0,2025-07-15
true,146.0,NO,1,3.82,1.0,225.6,116,86.72,5.81,13.9,2023-11-09
No,87.0,YES,0,0.0,2.0,220.4,100,55.94,10.61,13.5,2024-12-24
False,49.0,yes ,1,3.66,6.0,168.8,107,84.85,10.83,13.5,2025-09-13
NO,101.0,yes,0,0.0,1.0,229.7,90,56.19,8.23,11.8,2024-09-15
No ,145.0,yes ,1,2.93,0.0,195.2,66,85.89,13.15,11.1,2023-11-16
false,64.0,Yes,0,0.0,3.0,130.0,82,40.25,10.45,15.7,2025-06-05
True,24.0,yes,0,0.0,5.0,58.7,110,19.44,4.66,13.6,2026-03-12
false,174.0,yes,0,0.0,3.0,177.2,121,56.54,14.76,7.6,2023-04-22
No ,5.0,yes,0,0.0,1.0,106.6,94,32.29,7.98,8.3,2026-07-20
0,91.0,yes,0,0.0,1.0,155.5,80,42.24,8.34,12.4,2024-11-25
No,176.0,yes,0,0.0,2.0,66.2,97,25.51,8.34,14.0,2023-04-09
false,70.0,Yes,0,0.0,0.0,217.2,92,56.4,10.82,11.5,2025-04-22
Yes,86.0,n0,0,0.0,1.0,89.6,94,44.51,17.01,7.9,
0,54.0,yes ,0,0.0,1.0,92.3,92,30.16,8.15,8.8,2025-08-12
Yes,33.0,n0,0,0.0,4.0,184.9,114,49.33,9.84,13.8,2026-01-03
no,171.0,yess,0,0.0,3.0,99.1,111,40.21,13.58,9.0,2023-05-16
0,13.0,YES,0,0.0,0.0,197.6,147,51.7,10.88,13.2,2026-05-29
False,48.0,yes,0,0.0,2.0,222.2,100,56.4,10.25,7.0,2025-09-24
0,96.0,yes,0,0.0,3.0,189.1,114,52.95,9.09,10.2,2024-10-23
No,148.0,yes,0,,2.0,155.1,119,35.21,5.57,9.1,2023-10-26
Yes,163.0,no,1,,0.0,105.2,116,70.19,11.86,11.8,2023-07-08
false,54.0,Yes,0,0.0,1.0,183.8,86,50.41,8.52,9.5,2025-08-14
No,177.0,yes ,1,1.48,1.0,176.9,99,61.02,9.7,5.1,2023-04-04
0,109.0,yes,0,0.0,,205.8,66,57.64,12.65,10.9,2024-07-25
No,13.0,Yes,0,0.0,2.0,116.0,90,45.72,13.17,13.0,2026-05-25
1,,yes,0,0.0,1.0,113.5,74,33.51,8.48,6.8,2023-05-10
no,19.0,yes,0,0.0,1.0,118.4,116,40.77,10.75,11.2,2026-04-12
No,43.0,YES,0,0.0,1.0,168.2,95,36.62,4.28,8.6,2025-10-27
SI,173.0,n0,0,0.0,0.0,234.9,81,57.17,9.34,9.7,2023-05-01
NO,175.0,YES,1,2.56,3.0,164.8,113,69.43,8.6,9.4,2023-04-20
False,50.0,yess,0,0.0,1.0,209.2,87,50.34,8.31,13.3,2025-09-11
False,43.0,Yes,0,0.0,3.0,116.4,98,40.67,10.58,15.9,2025-10-31
YES,205.0,yes,0,0.0,5.0,147.2,118,39.08,8.04,9.1,2022-09-21
No,127.0,yes,0,0.0,1.0,273.5,92,56.86,5.66,8.2,2024-03-20
false,77.0,yes,1,2.57,3.0,296.4,105,91.46,8.15,9.9,2025-03-04
False,8.0,YES,0,0.0,0.0,170.8,95,49.27,11.71,11.2,2026-07-03
No,68.0,yes,0,0.0,1.0,213.5,116,55.42,10.89,7.1,2025-05-05
No,,yes,0,0.0,1.0,145.1,116,38.15,7.68,8.6,2024-02-17
YES,68.0,No,0,0.0,0.0,237.8,107,57.26,7.93,7.4,2025-05-06
SI,170.0,yes,0,0.0,2.0,335.4,77,75.79,10.57,12.7,2023-05-24
No,62.0,yes,0,0.0,2.0,179.0,76,49.22,10.57,9.1,2025-06-18
0,137.0,yes,1,2.71,2.0,152.0,95,76.67,13.76,10.0,2024-01-11
False,73.0,Yes,0,0.0,0.0,149.4,92,29.69,2.38,13.8,2025-04-01
false,84.0,yess,0,0.0,0.0,210.3,106,56.35,11.45,7.6,2025-01-16
false,37.0,yes,0,0.0,3.0,170.1,84,43.39,8.31,12.7,2025-12-10
SI,203.0,NO,1,5.35,0.0,196.4,88,109.52,12.81,19.9,2022-10-04
No,144.0,yes,0,0.0,0.0,236.8,122,59.63,9.46,13.3,2023-11-19
0,156.0,Yes,0,0.0,2.0,175.2,103,48.7,10.1,8.6,2023-08-30
0,13.0,no,0,0.0,0.0,205.8,135,50.33,8.35,11.0,2026-05-27
false,199.0,yes,0,0.0,3.0,226.9,93,51.58,7.5,9.4,2022-11-03
False,111.0,yes,0,0.0,1.0,138.0,111,37.73,8.32,14.4,2024-07-11
No,55.0,YES,1,2.64,0.0,223.0,102,80.29,9.69,9.7,2025-08-03
false,192.0,Yes,0,0.0,1.0,175.6,107,49.01,11.02,13.8,2022-12-20
No ,69.0,yess,0,0.0,0.0,160.2,116,36.88,5.74,11.8,2025-05-02
No,77.0,YES,0,0.0,3.0,97.5,90,39.62,11.71,11.1,2025-03-06
True,165.0,YES,0,0.0,0.0,116.5,100,37.17,9.79,12.0,2023-06-25
false,134.0,YES,0,0.0,1.0,186.0,119,51.34,9.79,6.7,2024-02-01
No,173.0,Yes,0,0.0,0.0,151.2,98,52.17,15.1,8.2,2023-05-02
False,80.0,yess,1,3.06,4.0,228.7,88,92.06,12.81,11.4,2025-02-12
No ,36.0,yes,0,0.0,1.0,189.7,113,50.61,10.31,13.5,2025-12-17
NO,181.0,Yes,0,0.0,3.0,149.8,98,33.59,4.49,11.0,2023-03-05
NO,109.0,yes,0,0.0,0.0,112.9,97,36.27,9.59,12.2,2024-07-26
no,91.0,yes,0,0.0,1.0,188.8,114,,8.49,10.2,2024-11-26
NO,110.0,yes,1,1.52,1.0,186.7,93,68.28,12.03,5.8,2024-07-17
Yes,183.0,yes,1,3.23,4.0,137.6,105,69.43,7.98,11.8,2023-02-18
No,117.0,yes ,0,0.0,0.0,148.1,94,42.2,9.66,6.9,
False,17.0,yes,0,0.0,3.0,198.3,93,52.83,10.68,7.2,2026-04-30
No ,146.0,yes,0,0.0,2.0,148.4,103,47.17,11.11,12.7,2023-11-07
no,193.0,no ,0,0.0,3.0,59.5,124,30.37,8.54,9.5,2022-12-11
NO,7.0,yes,0,0.0,0.0,220.3,89,45.43,4.25,13.1,2026-07-09
No,84.0,yes,1,3.01,2.0,118.9,81,64.51,8.03,11.2,2025-01-17
No,104.0,yes,0,0.0,0.0,216.2,93,55.99,10.7,11.2,2024-08-24
No ,111.0,YES,0,0.0,0.0,157.9,116,41.44,8.75,8.1,2024-07-10
0,152.0,yes,0,0.0,2.0,106.0,111,39.28,9.89,8.0,2023-09-25
NO,197.0,yes,0,0.0,1.0,161.0,74,32.45,3.2,10.1,2022-11-18
Yes,196.0,yess,0,0.0,0.0,270.4,96,67.45,11.96,7.6,2022-11-21
0,174.0,yes,0,0.0,1.0,48.9,121,22.0,7.12,12.2,2023-04-23
No,77.0,no,0,0.0,0.0,146.8,90,50.62,15.15,8.7,2025-03-07
0,176.0,yes,0,0.0,3.0,202.6,86,50.95,7.98,10.7,2023-04-09
No,177.0,yes,0,0.0,1.0,127.5,95,33.61,7.34,7.5,2023-04-05
No,104.0,Yes,0,0.0,0.0,208.6,119,57.62,12.52,12.9,2024-08-24
si,0.0,yes,0,0.0,2.0,251.8,100,65.06,13.1,13.2,2026-08-24
No,193.0,yes,0,0.0,0.0,84.0,147,27.37,5.93,10.6,2022-12-13
No ,107.0,yes,0,0.0,2.0,143.8,101,46.46,13.05,3.3,2024-08-06
false,,yes,0,0.0,0.0,286.0,100,61.33,6.84,0.0,
False,146.0,yes,0,0.0,1.0,157.6,90,45.64,11.14,6.0,2023-11-07
no,110.0,yes,0,0.0,1.0,133.6,119,40.12,10.29,11.3,2024-07-13
no,119.0,Yes,0,0.0,1.0,243.1,125,55.28,7.63,11.8,2024-05-12
false,86.0,yes,0,0.0,1.0,19.4,91,28.58,12.96,15.0,2024-12-30
no,34.0,yes ,1,4.1,1.0,191.5,97,93.42,11.91,14.9,2025-12-31
false,27.0,YES,0,,0.0,176.6,82,44.83,8.37,15.3,2026-02-14
No,108.0,no,0,0.0,1.0,168.8,82,47.84,10.98,9.4,2024-08-01
No,168.0,yes,0,0.0,1.0,135.6,99,43.9,11.96,10.7,2023-06-09
No,6.0,YES,0,0.0,2.0,219.4,104,67.88,15.04,11.3,2026-07-12
1,4.0,yes ,0,0.0,0.0,253.0,109,64.37,11.98,11.7,2026-07-27
False,199.0,yes,0,0.0,1.0,139.2,96,40.29,9.34,8.9,2022-10-29
No,138.0,yes,0,0.0,1.0,209.3,66,52.95,9.8,11.1,2024-01-02
false,177.0,yess,0,0.0,0.0,70.0,113,,11.5,6.4,2023-04-03
yes,193.0,yes,0,0.0,2.0,229.5,120,67.01,13.79,9.8,2022-12-12
no,115.0,yes ,0,0.0,99.0,171.7,80,45.99,9.6,12.7,2024-06-11
no,141.0,yes,0,0.0,1.0,112.0,91,32.53,8.0,6.1,2023-12-14
True,168.0,yes,0,0.0,3.0,266.8,105,67.3,9.72,8.9,2023-06-09
False,42.0,Yes,0,0.0,1.0,147.4,116,,13.89,12.4,2025-11-07
false,161.0,yes,0,0.0,0.0,225.1,89,44.44,3.84,4.7,2023-07-24
False,144.0,YES,1,3.71,1.0,196.1,139,95.74,13.91,13.8,2023-11-19
no,11.0,yes,0,0.0,3.0,131.3,72,44.48,12.4,6.9,2026-06-08
false,10.0,yess,0,0.0,3.0,206.4,89,54.8,11.63,9.1,2026-06-19
false,144.0,Yes,1,2.29,0.0,194.8,84,74.56,11.1,8.6,2023-11-20
no,99.0,yes,1,2.87,0.0,214.1,113,80.47,9.08,10.7,2024-09-30
No,80.0,Yes,0,0.0,2.0,168.9,96,44.34,8.79,13.4,2025-02-11
False,147.0,yes,0,0.0,1.0,152.7,97,46.39,11.63,12.4,2023-11-02
NO,129.0,yes,0,0.0,3.0,206.3,97,49.8,7.77,9.0,2024-03-07
False,69.0,yes,0,0.0,0.0,211.5,107,64.3,13.64,7.4,2025-04-28
si,87.0,yes,0,0.0,1.0,238.8,125,61.24,12.52,14.1,2024-12-22
False,20.0,yes,0,0.0,2.0,190.0,88,48.7,9.75,11.7,2026-04-04
No,2.0,yes,0,0.0,2.0,144.2,109,39.94,8.78,8.2,2026-08-14
no,148.0,YES,0,0.0,1.0,65.0,101,29.45,9.72,9.8,2023-10-25
si,78.0,yes,0,0.0,0.0,298.4,125,70.74,11.36,13.8,2025-02-22
No,157.0,No,1,3.35,2.0,135.0,59,,9.96,12.3,2023-08-23
Yes,101.0,no,1,3.27,0.0,105.5,116,70.03,11.83,12.0,2024-09-18
False,156.0,yes,0,0.0,1.0,156.2,90,46.19,11.3,6.2,2023-08-29
NO,184.0,Yes,0,0.0,1.0,84.0,133,22.16,4.11,10.7,2023-02-16
No ,139.0,yes,0,0.0,1.0,202.6,122,49.28,6.36,13.0,2023-12-23
No ,189.0,yes ,0,0.0,,211.5,84,58.62,11.41,10.8,2023-01-09
NO,118.0,yes,0,0.0,0.0,192.7,68,58.31,12.98,8.8,2024-05-24
false,128.0,YES,0,0.0,0.0,246.9,103,56.45,7.91,7.1,2024-03-13
SI,183.0,Yes,0,0.0,1.0,326.7,106,71.86,7.57,8.6,2023-02-23
No,55.0,yes,0,0.0,2.0,273.6,104,60.77,8.14,9.2,2025-08-08
False,147.0,yes,1,2.58,2.0,212.1,89,80.97,11.24,9.7,2023-10-28
no,136.0,yess,1,2.54,3.0,82.5,112,59.85,11.26,9.6,2024-01-18
False,99.0,yes,0,0.0,1.0,170.2,100,47.75,10.64,11.6,2024-10-02
0,69.0,yess,1,2.58,1.0,287.9,51,89.59,8.29,9.5,2025-04-29
false,126.0,YES,1,2.6,2.0,186.6,77,74.24,9.43,9.5,2024-03-23
false,187.0,yes,0,0.0,0.0,198.5,87,50.1,9.63,16.0,2023-01-22
No,76.0,yes ,0,0.0,1.0,263.3,127,63.56,10.98,9.6,2025-03-13
No,9.0,yess,0,0.0,3.0,133.4,118,47.27,14.44,14.0,2026-06-24
No ,107.0,yes,0,0.0,0.0,93.0,93,28.85,7.37,10.2,2024-08-05
0,122.0,yes,1,3.35,3.0,179.6,92,81.42,9.51,12.6,2024-04-26
False,165.0,yes ,1,1.27,,242.9,66,68.81,8.54,4.6,2023-06-28
NO,84.0,yes,0,0.0,,132.0,115,48.07,14.77,6.7,2025-01-13
No ,87.0,yess,1,3.15,2.0,118.0,103,67.2,8.26,11.9,2024-12-26
NO,100.0,yess,0,0.0,3.0,197.6,106,49.57,9.12,6.6,2024-09-27
No,85.0,YES,1,3.46,2.0,197.9,93,89.15,12.15,12.9,2025-01-05
No ,168.0,yes,0,0.0,1.0,169.9,95,37.84,4.37,8.3,2023-06-05
false,86.0,no,1,2.2,0.0,127.8,93,58.14,8.21,8.3,2025-01-03
Yes,24.0,NO,0,0.0,3.0,167.7,93,37.1,4.46,13.3,2026-03-10
0,199.0,yes,1,1.61,2.0,221.1,93,74.34,12.1,5.8,2022-11-04
No ,7.0,yess,0,0.0,1.0,178.9,133,39.41,4.9,8.4,2026-07-05
No ,80.0,YES,0,0.0,2.0,149.2,113,49.27,12.06,8.9,2025-02-14
No,27.0,no,0,0.0,3.0,62.8,123,29.33,8.49,9.5,2026-02-17
0,96.0,Yes,1,3.61,1.0,238.7,99,96.28,11.66,13.3,2024-10-24
No,103.0,yes,0,0.0,1.0,109.5,99,34.82,9.5,11.1,2024-09-01
0,63.0,Yes,0,0.0,1.0,236.2,124,59.37,11.16,10.8,2025-06-09
false,41.0,yes ,1,,1.0,132.5,100,63.79,10.6,8.1,2025-11-14
False,66.0,yes,0,0.0,1.0,153.7,67,47.94,11.25,3.5,2025-05-17
NO,91.0,yes,0,0.0,0.0,195.0,103,53.98,11.94,11.9,2024-11-23
False,172.0,yess,0,0.0,1.0,237.5,145,54.56,8.29,10.5,2023-05-10
no,35.0,yes,0,0.0,1.0,153.2,106,,4.69,10.1,2025-12-26
SI,78.0,YES,0,0.0,3.0,258.5,122,63.49,11.52,8.5,2025-02-26
No,185.0,yess,0,0.0,2.0,198.5,56,53.35,11.59,10.0,2023-02-04
No ,98.0,yes,1,3.22,0.0,231.9,109,92.03,11.32,12.1,2024-10-09
no,60.0,yess,1,3.05,0.0,148.7,87,71.91,9.52,11.2,2025-07-01
No,130.0,Yes,0,0.0,3.0,205.9,100,46.8,6.79,10.2,2024-02-26
true,101.0,yes,0,0.0,4.0,123.8,103,39.31,9.56,12.9,2024-09-20
No,124.0,yess,0,0.0,1.0,145.7,119,42.14,9.58,10.1,2024-04-07
No ,64.0,yess,0,0.0,1.0,116.2,106,31.45,6.36,9.2,2025-05-31
False,34.0,yes,0,0.0,1.0,67.7,68,29.16,9.81,12.0,2025-12-29
No ,55.0,yes,0,0.0,3.0,100.8,111,39.92,13.59,9.0,2025-08-06
no,97.0,Yes,0,0.0,3.0,191.5,83,53.3,10.98,7.2,2024-10-16
False,140.0,yes,1,1.84,1.0,128.5,86,57.13,9.45,6.7,2023-12-19
False,181.0,yes ,1,,1.0,143.8,97,71.25,8.47,11.6,2023-03-05
SI,102.0,yes,1,1.79,1.0,319.3,91,97.13,14.09,6.8,2024-09-07
no,146.0,yes,1,1.49,1.0,208.2,39,75.2,13.76,5.5,2023-11-04
No ,0.0,yes,1,,0.0,150.5,104,68.53,8.32,10.5,2026-08-24
no,193.0,YES,0,0.0,0.0,177.2,136,46.91,9.09,6.6,2022-12-14
no,103.0,no,0,0.0,1.0,272.0,86,67.63,10.68,11.8,2024-09-04
NO,,yess,0,0.0,1.0,234.5,84,54.98,7.01,9.4,2025-12-07
no,174.0,yes,0,0.0,1.0,202.9,91,50.01,8.19,9.1,2023-04-25
no,154.0,yes,0,0.0,1.0,210.4,101,,10.16,8.6,2023-09-10
No,140.0,YES,0,0.0,1.0,172.8,76,41.02,6.85,8.6,2023-12-17
no,186.0,yes,1,3.27,1.0,248.3,91,85.16,5.98,11.9,2023-01-28
No,90.0,yes,0,,2.0,103.1,121,32.46,7.12,7.5,2024-12-04
yes,134.0,YES,0,0.0,1.0,292.9,126,69.35,11.65,11.5,2024-02-02
NO,,yes ,0,0.0,3.0,209.7,92,53.72,8.38,14.0,2025-02-23
true,176.0,yess,1,1.73,2.0,189.8,96,60.5,6.25,6.5,2023-04-09
SI,67.0,NO,0,0.0,2.0,235.5,91,61.39,10.54,15.4,2025-05-10
no,20.0,yes,0,0.0,0.0,164.5,109,50.9,13.52,8.2,2026-04-09
no,59.0,yes,0,0.0,3.0,214.1,111,55.34,10.46,9.4,2025-07-10
false,155.0,yes,0,,3.0,204.3,107,57.96,13.06,7.8,2023-09-07
no,183.0,yes,0,0.0,2.0,198.5,91,45.35,5.83,6.1,2023-02-23
NO,201.0,yess,0,0.0,2.0,209.4,97,58.92,13.77,7.9,2022-10-16
true,190.0,yess,0,0.0,,315.5,85,73.5,11.06,12.4,2023-01-02
no,30.0,yes,0,0.0,3.0,129.9,119,47.02,14.49,14.0,2026-01-28
False,168.0,yes,0,0.0,2.0,227.7,144,56.48,10.04,13.0,2023-06-09
no,23.0,YES,1,3.51,0.0,176.5,131,86.69,12.19,13.0,2026-03-19
No,,Yes,1,4.41,1.0,186.1,107,105.01,16.91,16.6,
No,122.0,YES,0,0.0,0.0,197.1,103,53.07,11.27,15.3,2024-04-22
No,8.0,yes,0,0.0,1.0,154.2,119,45.6,11.39,12.3,2026-07-03
0,45.0,yes,0,0.0,0.0,176.0,55,54.74,14.04,9.7,2025-10-11
1,17.0,yes,0,0.0,3.0,289.8,107,63.78,8.87,14.3,2026-05-01
NO,1.0,no,1,1.0,1.0,198.0,81,69.74,16.06,3.7,2026-08-16
No,172.0,yes,1,2.84,3.0,186.4,99,81.06,12.06,10.5,2023-05-09
No ,53.0,yes,0,0.0,0.0,178.8,135,47.21,9.07,6.8,2025-08-16
No,36.0,yess,0,0.0,1.0,163.5,116,45.18,9.75,8.0,2025-12-18
False,173.0,yes,0,0.0,1.0,165.8,131,49.07,12.54,12.6,2023-05-01
0,56.0,yes,0,0.0,2.0,180.9,97,48.18,8.24,10.9,2025-08-01
false,,yess,0,0.0,3.0,129.2,122,30.18,3.47,9.7,2024-03-19
NO,86.0,YES,0,0.0,2.0,228.1,143,58.26,9.99,13.2,2025-01-03
true,142.0,No,0,0.0,1.0,234.2,139,62.74,13.16,9.6,2023-12-07
No,200.0,yes,0,0.0,2.0,205.2,88,55.37,10.45,14.4,2022-10-22
True,22.0,yes,0,0.0,,225.2,100,62.56,14.26,12.1,2026-03-24
no,4.0,YES,0,0.0,1.0,158.8,73,33.91,3.27,10.2,2026-07-25
No,174.0,Yes,1,2.62,2.0,192.4,103,79.24,11.9,9.8,2023-04-28
NO,50.0,no,0,0.0,3.0,171.3,56,44.65,9.0,8.2,2025-09-11
0,59.0,yes ,1,2.56,3.0,212.5,115,77.12,7.97,9.5,2025-07-10
No,,yes,1,1.33,1.0,38.9,115,32.76,7.19,4.9,2022-12-31
No,10.0,yes,0,0.0,0.0,129.3,84,36.48,7.73,13.3,2026-06-13
true,152.0,NO,1,4.0,0.0,153.7,88,75.18,5.44,14.8,2023-09-24
false,166.0,yes,0,0.0,1.0,243.8,46,59.24,9.72,11.7,2023-06-23
1,197.0,yess,0,0.0,4.0,333.5,65,84.72,15.89,5.4,2022-11-14
No,139.0,yes,0,0.0,3.0,231.3,124,56.5,8.37,5.5,2023-12-26
1,90.0,yes,0,0.0,0.0,196.7,99,57.15,13.33,9.3,2024-12-03
No,9.0,yess,0,0.0,0.0,207.5,126,45.1,5.29,13.9,2026-06-25
false,70.0,yes,0,0.0,0.0,191.2,127,49.87,10.27,13.7,2025-04-25
No,202.0,yes,0,0.0,1.0,225.3,66,60.22,12.41,7.8,2022-10-10
false,9.0,yes,0,0.0,2.0,168.8,67,46.44,10.57,7.9,2026-06-21
No ,71.0,yes,0,0.0,0.0,211.6,94,53.65,9.52,13.5,2025-04-16
no,22.0,yes,1,2.4,0.0,106.9,124,,9.5,8.8,2026-03-27
True,11.0,yess,0,0.0,1.0,211.7,63,52.03,8.84,9.1,2026-06-09
No ,56.0,no,0,0.0,1.0,271.1,120,,8.54,8.1,2025-07-30
NO,187.0,YES,0,0.0,1.0,224.4,107,54.78,9.59,12.3,2023-01-27
no,63.0,Yes,0,0.0,2.0,232.8,110,60.79,12.48,9.0,
False,107.0,yess,1,4.65,1.0,119.5,83,75.55,5.51,17.0,2024-08-06
No ,172.0,YES,0,0.0,1.0,205.6,84,53.04,9.78,6.9,2023-05-07
No ,188.0,yes,0,0.0,1.0,205.4,75,53.1,10.25,8.9,
false,69.0,yes,0,0.0,1.0,172.3,102,50.26,12.75,8.8,2025-04-29
0,120.0,yes,0,0.0,1.0,155.2,145,42.27,9.25,10.5,2024-05-05
0,22.0,yes,0,0.0,0.0,176.5,79,52.22,12.93,6.2,2026-03-23
Yes,4.0,yes ,0,0.0,2.0,172.4,95,51.08,12.52,8.2,
SI,94.0,no,0,0.0,1.0,236.8,140,63.18,13.28,9.4,2024-11-07
No,204.0,no,0,0.0,3.0,115.7,85,39.97,11.48,10.1,2022-09-29
No,142.0,yes ,0,0.0,0.0,176.7,136,,11.88,12.1,2023-12-03
no,72.0,yes,1,2.29,,183.4,93,,11.76,8.3,2025-04-09
no,192.0,no ,0,0.0,1.0,214.0,77,56.28,11.98,9.9,
False,132.0,yes,1,3.55,1.0,247.8,93,88.67,7.03,13.1,2024-02-12
no,62.0,yes,0,0.0,0.0,194.5,106,48.59,8.35,11.8,2025-06-14
False,5.0,yes ,1,3.23,1.0,174.4,119,81.23,10.96,12.2,2026-07-18
No,153.0,yess,0,0.0,2.0,96.2,92,30.92,8.14,6.6,2023-09-17
0,126.0,yes ,0,0.0,1.0,190.6,63,47.9,8.33,13.2,2024-03-26
NO,70.0,yes,1,3.47,1.0,70.3,82,62.84,9.13,13.0,2025-04-23
No,87.0,YES,1,2.65,3.0,155.2,140,75.52,13.37,9.8,2024-12-22
No,124.0,yes,0,0.0,0.0,186.0,127,49.77,8.11,9.1,2024-04-08
0,198.0,yes,1,2.58,1.0,290.3,52,,8.35,9.4,2022-11-05
No ,165.0,yes,0,0.0,3.0,215.9,85,51.06,8.24,6.4,2023-06-28
No,74.0,yess,1,2.6,0.0,212.7,110,79.39,10.81,9.4,2025-03-25
0,21.0,yes,0,0.0,,182.5,106,49.65,10.23,9.8,2026-03-28
No,185.0,yes,1,,2.0,192.6,94,102.38,12.48,17.6,2023-02-05
NO,67.0,yes,1,1.75,5.0,240.1,107,81.09,12.65,6.7,2025-05-14
YES,142.0,yes,0,0.0,5.0,159.3,84,43.67,9.69,9.5,2023-12-05
No ,148.0,yes,0,0.0,3.0,101.0,105,35.26,10.11,9.5,2023-10-21
False,141.0,yes,0,0.0,1.0,224.3,142,57.27,10.94,12.3,2023-12-12
No ,78.0,yes,0,0.0,0.0,242.4,136,53.31,6.7,13.1,2025-02-26
True,124.0,yes,0,0.0,4.0,121.7,88,35.0,8.35,12.3,2024-04-11
False,12.0,yes,0,0.0,3.0,208.1,105,56.27,11.84,11.3,2026-05-30
NO,153.0,no ,1,1.55,2.0,126.8,54,56.07,10.83,5.8,2023-09-17
No ,55.0,yes ,0,0.0,1.0,246.0,128,59.27,9.36,12.6,2025-08-07
No ,,YES,0,0.0,0.0,155.8,117,46.62,9.15,11.9,2023-03-07
false,165.0,yess,1,3.19,1.0,126.3,88,69.79,8.62,12.1,2023-06-30
No,188.0,yes,0,0.0,2.0,201.3,103,57.35,11.69,9.2,
No,128.0,Yes,1,3.98,1.0,178.8,88,82.69,8.19,14.7,2024-03-11
False,161.0,yes,0,0.0,0.0,235.7,95,57.06,10.18,11.9,2023-07-27
No,160.0,yes,0,0.0,3.0,51.7,108,25.56,8.15,10.0,2023-08-04
NO,109.0,yess,0,0.0,1.0,0.7,0,19.53,9.58,7.1,2024-07-21
No,82.0,n0,0,0.0,2.0,78.5,104,29.51,9.69,10.1,2025-01-29
no,27.0,yes,0,0.0,0.0,167.4,151,42.7,5.72,8.7,2026-02-16
No ,3.0,YES,1,2.43,2.0,208.6,124,82.81,13.1,9.3,2026-08-04
True,151.0,yes,1,3.0,4.0,132.4,113,69.32,10.32,11.0,2023-09-30
no,60.0,yes,1,2.58,,158.4,107,67.18,8.52,9.6,2025-07-01
NO,36.0,n0,0,0.0,3.0,260.4,67,65.6,12.14,8.4,2025-12-17
no,185.0,yes,0,0.0,1.0,170.0,102,,9.96,11.7,2023-02-05
No ,37.0,yes,0,0.0,4.0,140.9,98,44.99,12.47,6.1,2025-12-11
False,,yes ,0,0.0,0.0,109.8,101,38.12,11.02,10.8,2024-07-23
yes,59.0,yes,0,,3.0,189.1,81,47.79,9.16,10.4,2025-07-05
NO,131.0,yes,0,0.0,3.0,121.7,89,37.12,10.18,10.5,2024-02-22
No,181.0,yess,1,,1.0,212.6,97,71.64,6.96,8.5,2023-03-10
No,53.0,No,0,0.0,3.0,172.1,77,41.75,7.28,6.9,2025-08-17
NO,110.0,yes,1,1.8,1.0,196.7,88,67.31,8.96,6.4,2024-07-16
No,28.0,YES,0,0.0,1.0,188.8,100,44.95,7.42,10.6,2026-02-09
True,15.0,yess,0,0.0,3.0,272.5,102,66.01,9.88,8.8,2026-05-14
No ,172.0,yes,0,0.0,0.0,174.9,103,48.79,8.57,8.3,2023-05-09
Yes,68.0,yes,0,0.0,5.0,139.2,115,36.92,7.91,10.2,2025-05-09
NO,201.0,yes,0,0.0,1.0,170.9,85,,2.94,7.5,2022-10-16
Si,164.0,Yes,0,0.0,0.0,272.2,95,67.02,11.82,7.6,2023-07-06
0,130.0,yes,1,3.64,3.0,147.7,146,79.43,11.03,13.1,2024-02-24
SI,152.0,yess,0,0.0,4.0,75.0,85,26.48,7.93,8.2,2023-09-23
yes,16.0,no,1,3.89,0.0,155.9,88,75.95,5.38,14.6,2026-05-05
0,62.0,yes,0,0.0,1.0,238.1,91,60.55,11.0,9.0,2025-06-16
0,75.0,NO,1,3.18,,227.2,116,85.19,8.59,11.6,2025-03-17
Yes,142.0,yes ,0,0.0,,266.9,87,62.91,10.33,11.1,2023-12-06
NO,117.0,yes,1,2.96,1.0,170.4,116,77.68,11.95,10.7,2024-05-25
NO,90.0,Yes,0,0.0,1.0,229.1,103,54.24,9.0,11.9,2024-12-04
no,158.0,yes,0,0.0,2.0,150.6,113,44.34,8.95,11.8,2023-08-14
false,1.0,yes ,0,0.0,0.0,176.7,79,51.89,12.92,6.2,
no,24.0,yes ,0,0.0,1.0,135.9,93,42.66,10.56,8.5,2026-03-12
0,48.0,Yes,0,0.0,1.0,83.3,120,35.03,12.07,6.7,2025-09-26
no,179.0,yes,0,0.0,1.0,240.5,121,53.11,7.07,9.2,2023-03-22
False,187.0,yes,1,2.21,0.0,180.6,94,73.69,11.55,8.4,2023-01-25
SI,121.0,YES,0,0.0,7.0,115.5,75,38.5,11.02,11.3,2024-04-27
No,154.0,yess,0,0.0,2.0,294.1,87,64.2,8.07,10.1,2023-09-11
No,118.0,yess,0,0.0,2.0,162.8,95,48.67,12.15,9.2,2024-05-18
Si,202.0,Yes,0,0.0,3.0,265.5,83,65.16,11.6,11.2,2022-10-14
NO,,yes,0,0.0,0.0,226.3,89,54.59,9.1,12.5,2023-04-18
false,124.0,yes,0,0.0,2.0,193.3,61,52.37,11.28,7.8,2024-04-07
true,21.0,yes ,0,0.0,4.0,300.0,135,78.12,12.81,13.4,2026-04-03
False,89.0,YES,0,0.0,0.0,155.6,105,43.61,9.33,10.7,2024-12-13
No,188.0,yes,0,0.0,0.0,221.4,84,52.36,8.28,11.3,2023-01-14
False,91.0,yes,0,0.0,0.0,106.8,148,39.97,12.33,15.0,2024-11-29
No,207.0,no,0,0.0,3.0,205.3,135,54.76,10.87,10.5,2022-09-08
Yes,26.0,yes,0,0.0,3.0,255.8,43,62.19,10.73,7.7,2026-02-23
No,100.0,yes ,0,0.0,2.0,126.5,96,36.85,9.36,1.1,2024-09-23
No,176.0,yes,1,1.99,0.0,210.5,112,68.1,7.8,7.1,2023-04-12
si,154.0,no,0,,0.0,225.5,111,53.93,9.34,9.9,2023-09-15
0,49.0,yes,0,0.0,1.0,183.4,141,53.65,12.32,8.8,2025-09-15
no,71.0,yess,0,,3.0,126.0,99,46.28,12.59,11.1,2025-04-18
False,135.0,yes,1,3.03,0.0,215.1,93,79.16,6.81,11.3,2024-01-23
No,128.0,YES,0,0.0,3.0,117.0,97,30.28,4.72,10.6,2024-03-11
1,47.0,yes ,0,0.0,1.0,273.8,82,68.64,12.5,9.6,2025-09-28
No,97.0,yes ,0,0.0,1.0,223.4,112,57.71,10.94,11.1,2024-10-14
false,87.0,yes,1,2.88,1.0,124.2,83,68.03,10.41,10.5,2024-12-24
false,49.0,yes,0,0.0,,170.5,101,53.3,14.92,9.9,2025-09-13
no,38.0,Yes,1,4.0,,220.7,78,96.22,10.82,14.8,2025-11-30
No,55.0,YES,1,2.97,4.0,168.3,82,81.84,12.89,11.3,2025-08-07
false,144.0,No,0,0.0,1.0,202.8,81,53.74,9.58,9.3,2023-11-21
Si,108.0,yes,0,0.0,2.0,227.5,95,65.48,13.8,8.3,2024-08-01
NO,121.0,no,0,0.0,1.0,60.1,112,28.28,10.2,9.0,2024-05-01
No,106.0,yes,1,2.72,2.0,150.6,95,76.49,13.79,10.0,2024-08-16
no,5.0,no,0,0.0,0.0,166.1,98,40.55,7.57,6.3,2026-07-22
NO,17.0,Yes,0,0.0,3.0,203.6,114,57.73,11.47,10.1,2026-04-25
No ,178.0,yess,0,0.0,2.0,154.0,99,42.51,9.93,6.2,2023-03-26
No,11.0,yes,1,1.97,0.0,186.5,116,74.44,12.55,7.4,2026-06-10
0,170.0,yes ,0,0.0,3.0,210.0,106,56.62,11.91,11.2,2023-05-23
NO,198.0,yes,0,,3.0,260.5,95,58.85,8.72,12.0,2022-11-09
No,180.0,yes ,0,,1.0,98.5,104,29.06,6.7,12.2,2023-03-14
No ,136.0,no,0,,1.0,270.1,88,66.81,10.85,11.6,2024-01-13
No,174.0,YES,0,0.0,0.0,108.3,107,42.7,12.13,7.2,2023-04-24
0,10.0,Yes,1,2.59,1.0,291.8,52,90.07,8.29,9.5,2026-06-15
0,78.0,Yes,0,0.0,0.0,209.1,79,60.37,11.98,12.3,2025-02-26
No,100.0,yes,0,0.0,2.0,191.2,102,45.78,7.87,11.2,2024-09-22
no,133.0,YES,0,0.0,3.0,191.5,102,48.55,9.23,9.8,2024-02-08
False,67.0,no,1,2.83,1.0,98.3,115,58.79,7.82,10.4,2025-05-10
False,84.0,yes,0,0.0,3.0,205.3,108,52.86,8.1,13.5,2025-01-15
No ,100.0,yes,1,3.7,1.0,193.1,130,,10.04,13.3,2024-09-23
1,195.0,yes,0,0.0,1.0,290.5,103,70.07,11.56,9.0,2022-11-29
false,188.0,yes,1,2.21,0.0,276.7,121,86.78,10.14,8.3,2023-01-16
No ,129.0,yes,1,3.05,2.0,119.5,82,64.14,7.95,11.2,2024-03-04
0,132.0,yes,0,0.0,1.0,135.2,87,39.56,8.29,15.4,2024-02-12
NO,8.0,yes,0,0.0,3.0,182.7,80,45.67,8.61,13.7,2026-07-03
NO,52.0,yes,0,0.0,2.0,203.7,81,48.28,7.67,9.6,2025-08-29
0,161.0,yes,0,0.0,0.0,104.1,89,,7.5,11.0,2023-07-22
True,143.0,yes,0,0.0,5.0,267.4,144,72.36,15.82,14.3,2023-12-01
0,34.0,yes,0,0.0,2.0,120.7,102,34.89,6.22,13.1,2026-01-01
NO,181.0,yes ,0,0.0,2.0,129.0,103,39.22,10.03,12.9,2023-03-04
No,201.0,Yes,0,0.0,1.0,149.7,142,47.4,10.68,12.0,2022-10-17
0,36.0,yes,1,3.64,0.0,159.1,72,88.56,13.57,13.8,2025-12-13
No,71.0,YES,0,0.0,1.0,159.4,99,52.16,14.93,13.9,2025-04-14
0,152.0,yes,1,3.24,2.0,257.1,76,87.04,7.01,11.8,2023-09-27
No ,142.0,yes,1,4.47,2.0,211.4,110,90.4,5.95,16.4,2023-12-02
False,83.0,yes,0,0.0,1.0,185.2,90,48.99,9.52,13.0,2025-01-22
No,9.0,yes,1,2.96,1.0,221.1,113,81.46,8.17,11.0,2026-06-25
SI,11.0,Yes,0,0.0,1.0,258.4,115,66.98,13.51,9.4,2026-06-11
NO,15.0,Yes,1,3.58,2.0,192.2,83,79.93,6.06,13.2,2026-05-09
No,138.0,yes,0,0.0,3.0,147.0,54,48.26,13.04,8.7,2024-01-01
NO,67.0,yes,0,0.0,3.0,224.4,116,,9.58,11.3,2025-05-14
No,159.0,yes ,0,0.0,2.0,195.1,108,,11.21,10.6,2023-08-09
NO,30.0,yes,1,2.7,,249.0,106,85.98,9.38,10.1,2026-01-29
NO,191.0,yess,1,2.14,1.0,171.0,110,68.87,10.02,8.1,2022-12-26
no,137.0,yes,1,1.94,2.0,221.9,114,79.62,12.71,7.3,2024-01-10
False,165.0,yes ,1,2.72,3.0,163.5,78,,5.74,9.9,2023-06-30
false,118.0,no,0,0.0,1.0,64.6,111,28.23,10.04,9.1,2024-05-21
YES,73.0,Yes,0,0.0,1.0,181.2,92,46.03,9.53,10.4,2025-04-01
No,200.0,YES,0,0.0,2.0,124.2,81,46.57,14.07,10.0,2022-10-23
No,178.0,yes,0,0.0,3.0,164.1,108,43.76,9.15,9.0,2023-03-28
False,31.0,yes,0,0.0,0.0,208.9,115,62.4,12.94,10.8,2026-01-21
false,85.0,NO,1,2.42,1.0,141.0,96,72.77,13.72,8.9,2025-01-04
No ,116.0,Yes,1,3.04,1.0,283.3,82,90.2,7.16,11.3,2024-06-07
No,26.0,yess,0,0.0,3.0,149.9,110,37.83,7.28,9.9,2026-02-26
false,126.0,Yes,1,3.07,3.0,166.1,122,69.12,6.87,11.0,2024-03-25
yes,67.0,yes ,0,0.0,5.0,147.3,73,39.34,8.25,12.3,2025-05-16
1,,yes,0,0.0,4.0,168.7,60,43.4,8.84,7.0,
false,93.0,yess,1,4.33,1.0,152.0,115,80.88,6.74,15.9,2024-11-11
No ,151.0,yes ,0,0.0,4.0,224.7,88,59.09,11.14,13.0,2023-10-01
No ,31.0,yes,0,0.0,1.0,92.6,92,29.85,8.02,8.9,2026-01-21
NO,73.0,yess,0,0.0,2.0,125.4,77,41.09,9.39,11.3,2025-03-29
No,172.0,yess,0,0.0,1.0,170.0,99,46.94,8.63,7.8,2023-05-08
1,173.0,yess,0,0.0,2.0,294.6,140,69.65,11.25,12.8,2023-05-04
no,152.0,yes,1,1.9,0.0,58.0,103,48.88,10.92,7.1,2023-09-27
si,21.0,Yes,0,0.0,1.0,257.8,100,61.86,8.8,10.6,2026-03-30
NO,21.0,yes,1,2.18,2.0,122.2,112,62.71,11.41,8.2,2026-03-31
No,152.0,yes,0,0.0,1.0,178.1,105,49.6,9.46,11.0,2023-09-27
No,0.0,yes,1,,0.0,213.2,99,81.24,11.36,9.7,2026-08-22
1,96.0,yes,0,0.0,,153.8,123,54.7,16.51,5.7,2024-10-21
NO,74.0,yes,0,0.0,1.0,158.0,118,45.47,10.59,10.2,2025-03-25
true,143.0,yes,0,0.0,0.0,252.4,109,63.94,12.18,11.6,2023-11-28
No,83.0,Yes,0,0.0,0.0,162.8,101,52.75,14.58,8.6,2025-01-20
no,150.0,Yes,0,0.0,2.0,159.8,91,43.79,8.69,8.0,2023-10-11
YES,175.0,n0,0,0.0,3.0,120.7,82,33.35,5.93,13.5,2023-04-19
1,175.0,yes,0,0.0,1.0,294.9,126,70.75,11.61,11.5,2023-04-20
NO,43.0,yess,1,1.82,1.0,142.3,107,53.81,6.0,6.7,2025-10-30
No,154.0,yes,0,0.0,3.0,137.5,126,33.56,5.91,12.4,2023-09-10
NO,141.0,yess,0,0.0,3.0,210.7,75,51.67,9.42,4.6,2023-12-10
no,166.0,no,0,0.0,1.0,239.4,131,59.25,9.7,8.6,2023-06-18
0,155.0,yes,0,0.0,0.0,146.2,94,42.43,9.76,6.9,2023-09-06
No,155.0,yes,0,0.0,2.0,143.6,92,41.68,10.41,7.4,2023-09-08
1,102.0,YES,0,,1.0,130.8,95,37.94,8.9,15.4,2024-09-09
No,141.0,yess,0,0.0,0.0,257.2,84,60.32,9.09,13.4,2023-12-09
no,156.0,yess,1,1.46,,176.8,96,67.3,13.21,5.5,2023-08-29
false,45.0,YES,0,0.0,0.0,5.0,100,14.94,6.82,12.1,2025-10-17
No,157.0,Yes,0,0.0,0.0,145.6,78,42.17,9.98,13.9,2023-08-20
No,138.0,Yes,0,0.0,0.0,242.3,81,64.61,11.64,9.6,2024-01-01
No,73.0,yes,0,0.0,3.0,182.4,99,53.61,11.53,7.7,2025-04-01
false,51.0,YES,0,0.0,2.0,94.1,89,33.0,9.72,9.2,2025-09-02
0,8.0,no,0,0.0,2.0,143.5,79,34.94,6.06,7.9,2026-06-28
0,175.0,yess,0,0.0,1.0,59.3,81,30.55,11.59,8.4,2023-04-16
1,,no,0,0.0,3.0,197.9,89,52.08,10.44,11.1,2025-12-17
no,173.0,no ,0,0.0,0.0,155.3,79,35.51,5.21,7.1,2023-05-03
Yes,92.0,no,0,0.0,,228.8,133,61.36,12.75,10.0,2024-11-21
No ,121.0,Yes,1,3.29,2.0,248.6,86,92.8,9.94,12.2,2024-04-30
Yes,154.0,yess,0,0.0,1.0,229.7,129,65.91,15.19,5.5,2023-09-09
false,160.0,yes ,0,0.0,0.0,97.8,121,39.35,13.11,7.4,2023-08-04
False,9.0,YES,1,2.66,1.0,209.3,65,74.91,7.64,9.6,2026-06-23
no,167.0,yes,0,0.0,0.0,203.1,84,49.46,8.49,6.2,2023-06-16
No,133.0,yes,0,0.0,2.0,138.2,106,36.48,7.64,12.4,2024-02-09
false,174.0,Yes,0,0.0,0.0,156.8,102,52.02,14.84,11.0,2023-04-24
No,0.0,yess,1,0.1,1.0,128.0,115,35.02,8.22,0.0,2026-08-22
false,130.0,yes,1,2.79,3.0,312.8,86,92.77,7.49,10.0,2024-02-29
false,200.0,YES,0,0.0,1.0,184.1,74,46.54,8.67,10.5,2022-10-28
No ,95.0,yes ,0,0.0,3.0,220.9,103,57.92,11.63,9.9,2024-10-31
Si,185.0,yes,0,0.0,5.0,137.7,115,37.49,7.89,10.3,2023-02-06
yes,99.0,YES,0,0.0,4.0,119.9,107,40.87,12.07,7.7,2024-10-02
No,203.0,Yes,1,4.02,1.0,163.1,120,91.84,13.17,15.3,2022-10-02
0,112.0,yes,0,0.0,1.0,252.3,76,61.1,9.14,8.3,2024-07-04
no,120.0,yes,0,0.0,,142.9,71,40.43,9.09,12.8,2024-05-08
No,46.0,yes,1,3.04,1.0,251.6,92,87.7,8.68,11.2,2025-10-06
yes,117.0,NO,0,0.0,5.0,215.3,105,,18.18,17.0,2024-05-27
No ,10.0,yes ,0,0.0,1.0,236.1,105,59.84,11.16,13.3,2026-06-17
No,175.0,YES,1,2.47,3.0,209.4,143,72.59,6.44,9.0,2023-04-16
NO,99.0,yess,0,0.0,1.0,161.0,123,44.62,10.57,8.5,2024-10-04
No,201.0,yes,1,2.63,1.0,206.1,64,75.71,7.7,9.6,2022-10-17
false,207.0,yes,0,0.0,0.0,138.6,111,39.22,9.43,8.0,2022-09-08
0,39.0,Yes,0,0.0,3.0,134.1,104,41.07,10.04,11.6,2025-11-28
YES,29.0,YES,0,0.0,3.0,291.3,107,71.48,12.73,10.1,2026-02-06
1,159.0,No,0,0.0,0.0,44.7,89,30.11,13.21,13.2,2023-08-05
No ,175.0,yes,0,0.0,2.0,152.5,100,48.61,12.83,12.6,2023-04-15
True,97.0,yes,0,0.0,1.0,276.8,104,68.93,12.24,10.3,2024-10-15
No,58.0,yes,1,3.21,0.0,215.3,141,87.5,11.3,12.0,2025-07-16
1,10.0,no,0,0.0,1.0,276.1,122,64.11,9.83,7.2,2026-06-19
0,145.0,YES,0,0.0,3.0,204.3,88,60.26,14.4,8.8,2023-11-17
No ,157.0,yes,0,0.0,2.0,85.5,84,36.18,11.9,12.5,2023-08-24
No,170.0,yes,0,0.0,1.0,175.9,89,46.9,9.88,9.3,2023-05-20
No ,194.0,Yes,0,0.0,0.0,110.8,116,38.42,10.9,12.9,2022-12-07
False,136.0,yes ,0,0.0,1.0,147.6,72,40.06,8.24,8.4,2024-01-18
False,163.0,yes ,0,0.0,4.0,213.5,129,56.18,10.96,6.6,2023-07-14
True,173.0,No,0,0.0,0.0,204.7,97,58.87,13.84,11.0,2023-05-01
no,206.0,YES,0,0.0,1.0,141.9,106,34.62,5.54,13.7,2022-09-16
no,133.0,YES,1,1.43,5.0,176.8,96,63.49,10.86,5.4,2024-02-08
No,44.0,yes,0,0.0,3.0,159.8,104,44.51,10.6,10.2,2025-10-19
0,152.0,yess,0,0.0,0.0,150.7,114,39.51,6.81,9.8,2023-09-26
NO,167.0,yes ,0,0.0,1.0,244.9,71,55.05,7.82,11.5,2023-06-14
false,145.0,yes,0,0.0,3.0,218.8,86,47.59,6.62,9.4,2023-11-17
NO,142.0,No,1,3.43,1.0,216.4,80,93.16,12.55,12.7,2023-12-08
NO,27.0,yes ,0,0.0,2.0,238.9,67,53.17,7.69,10.4,2026-02-17
false,123.0,No,0,0.0,2.0,219.5,99,58.47,12.06,10.2,2024-04-13
No,149.0,yes,0,0.0,1.0,216.6,71,55.66,11.49,10.4,17/10/2023
0,135.0,yes,0,0.0,0.0,174.8,93,41.21,6.58,5.5,2024-01-23
No,28.0,yes,1,3.71,5.0,254.5,77,100.56,11.41,13.8,missing_date
0,101.0,yess,1,1.62,2.0,184.0,137,,10.25,5.9,2024-09-18
No,189.0,yess,1,2.67,0.0,242.4,82,86.21,10.18,9.8,2023-01-12
No,21.0,yes,0,0.0,2.0,177.8,90,45.02,7.14,8.3,2026-03-30
No,48.0,yes,1,,2.0,146.1,111,66.47,9.94,8.8,
No,50.0,yes,0,0.0,3.0,247.3,72,62.55,11.97,8.8,2025-09-06
No,65.0,yess,0,0.0,1.0,121.7,128,31.33,5.58,12.5,2025-05-28
false,59.0,yes,0,0.0,0.0,153.2,98,52.9,15.14,8.0,
No,88.0,no,0,0.0,2.0,252.4,145,55.9,7.73,9.9,2024-12-20
No,155.0,yes ,0,0.0,2.0,152.9,81,54.24,14.34,6.5,2023-09-04
NO,16.0,yes,1,,2.0,187.6,103,79.89,11.9,9.8,2026-05-04
No ,16.0,yes,0,0.0,0.0,31.6,133,29.72,14.0,11.4,2026-05-08
True,105.0,Yes,0,0.0,3.0,268.9,85,63.57,10.27,4.3,2024-08-18
False,127.0,yess,1,2.95,1.0,183.5,121,80.04,10.76,10.9,2024-03-21
No,22.0,yess,1,1.24,0.0,157.0,110,59.57,11.52,4.5,2026-03-24
No,12.0,YES,0,0.0,0.0,75.7,120,37.98,14.64,10.8,2026-06-03
false,173.0,yes,1,2.59,1.0,237.7,109,86.73,11.84,9.5,2023-05-02
No,144.0,yess,0,0.0,0.0,63.0,109,30.08,11.04,5.2,2023-11-21
YES,111.0,yes,0,0.0,3.0,290.4,108,70.9,12.83,10.2,2024-07-12
no,183.0,yes,0,0.0,1.0,171.5,101,44.86,9.28,1.9,2023-02-20
No,72.0,yess,1,2.92,0.0,216.0,113,79.93,9.1,10.6,2025-04-06
NO,115.0,yes,0,0.0,1.0,141.7,102,42.64,10.63,11.3,2024-06-08
0,77.0,yes,1,2.34,4.0,226.5,93,77.7,9.62,8.5,2025-03-06
No ,192.0,yes,0,0.0,2.0,144.2,59,51.05,14.32,9.3,2022-12-18
No,82.0,yes,1,1.76,1.0,172.6,118,65.53,10.37,6.6,2025-01-29
true,30.0,yes,0,0.0,2.0,251.6,126,64.75,12.74,9.1,
no,4.0,yes,0,0.0,,205.9,100,52.36,10.61,10.3,2026-07-29
No ,57.0,yes,0,,0.0,110.4,90,35.97,10.42,11.7,2025-07-22
0,150.0,yes ,1,2.0,1.0,284.1,130,82.09,8.17,7.3,2023-10-08
No ,,yes,0,0.0,3.0,222.2,99,51.26,7.37,8.8,2024-11-04
No,31.0,yes,1,2.2,2.0,121.4,96,62.67,10.65,8.5,2026-01-23
false,86.0,yes,1,2.48,0.0,214.4,62,77.87,10.16,9.1,2025-01-01
No,90.0,yes,0,0.0,2.0,188.4,87,49.31,9.82,11.5,2024-11-30
1,,Yes,0,,8.0,151.4,124,41.06,8.43,10.5,2024-12-13
0,68.0,yes,0,0.0,0.0,220.1,105,61.48,13.35,9.4,2025-05-09
0,13.0,yess,0,0.0,2.0,100.9,88,39.28,12.22,9.1,2026-05-26
false,66.0,yes,0,0.0,3.0,243.5,116,57.62,9.69,15.0,2025-05-20
yes,143.0,yes,0,0.0,1.0,281.5,113,69.82,10.98,9.4,2023-11-26
no,113.0,Yes,0,0.0,1.0,233.3,81,62.68,13.39,7.3,2024-06-27
NO,59.0,YES,0,0.0,1.0,157.0,78,47.25,11.74,8.7,2025-07-06
NO,187.0,yes,0,0.0,1.0,186.4,127,52.59,9.81,5.1,2023-01-25
No,130.0,no,1,3.3,2.0,238.2,94,87.85,8.22,12.3,2024-02-25
false,83.0,yes,0,0.0,0.0,154.2,71,48.48,12.29,12.8,2025-01-23
0,87.0,Yes,0,0.0,1.0,140.1,97,43.45,10.78,7.2,2024-12-25
1,200.0,YES,0,0.0,1.0,351.6,75,79.01,10.72,10.0,2022-10-25
No,155.0,Yes,0,0.0,2.0,145.6,78,42.07,7.96,6.0,2023-09-06
No ,0.0,YES,1,2.33,1.0,119.9,99,55.9,7.35,8.5,2026-08-25
no,193.0,YES,0,0.0,0.0,39.4,78,33.77,13.2,10.1,2022-12-16
0,118.0,yes,1,3.39,2.0,153.8,93,78.72,10.95,12.5,2024-05-23
0,200.0,yes,1,3.55,0.0,217.5,105,91.78,11.04,13.0,2022-10-22
No,153.0,yes,0,0.0,1.0,148.4,131,39.9,8.63,9.9,2023-09-20
False,39.0,no,1,2.02,0.0,282.6,88,84.47,9.9,7.5,2025-11-27
0,154.0,yess,0,0.0,1.0,151.1,85,39.16,5.81,6.4,2023-09-12
False,51.0,no,0,0.0,0.0,111.2,90,32.05,7.33,6.3,2025-08-31
No ,132.0,YES,0,0.0,0.0,202.3,69,50.31,8.56,11.0,2024-02-13
no,158.0,YES,1,2.36,0.0,164.7,92,,9.19,8.4,2023-08-12
False,191.0,yes ,0,0.0,1.0,113.0,112,36.75,8.44,9.1,2022-12-25
SI,,yes,0,0.0,4.0,153.8,123,36.04,5.68,15.4,2024-08-26
NO,28.0,yes,0,0.0,1.0,197.3,106,62.06,14.72,7.1,2026-02-13
No,60.0,yes,0,0.0,0.0,169.0,90,45.51,9.37,4.2,2025-07-01
No,106.0,yes,1,1.32,3.0,140.3,101,55.83,10.53,5.0,2024-08-11
NO,106.0,Yes,1,3.45,1.0,260.2,107,95.88,11.09,12.6,2024-08-10
NO,3.0,yes,1,2.02,1.0,200.1,80,67.03,6.63,7.6,2026-08-03
Si,148.0,no,0,0.0,1.0,149.4,126,44.35,11.0,14.4,2023-10-22
no,158.0,yess,0,0.0,1.0,220.8,116,52.01,7.74,10.5,2023-08-17
no,114.0,yes,1,2.21,3.0,214.8,77,78.34,11.72,8.0,2024-06-17
false,132.0,YES,0,0.0,2.0,55.9,95,33.85,14.33,12.3,2024-02-11
No,76.0,yes,0,0.0,2.0,187.1,87,49.13,9.72,11.6,2025-03-10
no,77.0,No,1,3.07,1.0,222.4,79,81.9,7.91,11.4,2025-03-07
No,175.0,yess,0,,2.0,139.0,117,44.74,11.14,12.7,2023-04-16
No,73.0,yes,0,,1.0,207.3,96,58.16,13.75,11.0,2025-03-29
false,137.0,yes,0,0.0,3.0,98.8,90,38.83,11.56,11.0,2024-01-10
No,173.0,yes,0,0.0,1.0,244.2,111,56.34,8.87,9.6,2023-04-29
No ,108.0,yes,0,0.0,1.0,126.4,87,34.27,7.2,11.7,2024-07-27
No,97.0,yes,1,2.9,1.0,127.5,83,67.81,10.53,10.6,2024-10-18
no,155.0,yes,0,0.0,1.0,107.9,106,45.05,14.35,4.9,2023-09-07
YES,28.0,yes,0,0.0,2.0,257.7,66,65.57,12.96,13.6,2026-02-09
Yes,118.0,Yes,1,1.73,1.0,199.3,129,68.85,10.17,6.4,2024-05-19
0,130.0,no,0,0.0,3.0,116.6,86,40.18,11.51,10.1,2024-02-24
No,84.0,yess,1,3.09,2.0,141.8,88,75.19,11.89,11.4,2025-01-13
No ,10.0,yess,0,0.0,1.0,153.6,91,36.86,5.88,9.1,2026-06-19
False,40.0,yes ,0,0.0,0.0,186.0,87,50.95,11.27,11.6,2025-11-16
No,189.0,yess,0,0.0,2.0,259.7,84,55.99,6.5,11.1,2023.01.08
No ,24.0,No,0,0.0,1.0,198.8,89,50.31,9.35,7.9,2026-03-08
No,37.0,yes,0,0.0,3.0,226.7,80,54.53,8.87,7.2,2025-12-10
No ,89.0,yes,0,0.0,1.0,158.2,66,39.64,6.24,11.0,2024-12-12
NO,103.0,YES,0,0.0,1.0,260.1,113,60.34,8.86,15.3,2024-09-04
false,34.0,yes,0,0.0,3.0,183.7,111,,10.28,9.4,2025-12-29
false,168.0,yes,0,0.0,3.0,200.4,97,,10.11,8.7,2023-06-06
no,142.0,no,0,0.0,2.0,137.7,80,34.77,6.13,8.2,2023-12-06
0,4.0,YES,0,0.0,2.0,262.5,123,58.37,7.69,10.7,2026-07-27
yes,16.0,no,0,0.0,4.0,235.0,97,,12.62,7.1,2026-05-02
False,169.0,yes,0,0.0,,205.4,97,57.61,12.06,14.3,2023-05-29
SI,49.0,yes ,0,0.0,3.0,261.9,97,61.9,10.44,6.0,2025-09-13
0,143.0,yes,0,0.0,3.0,183.3,85,52.62,11.91,9.0,2023-11-27
No ,89.0,yes ,0,0.0,1.0,168.1,124,,12.19,11.1,2024-12-13
False,134.0,yes,0,0.0,2.0,177.6,90,53.83,11.51,8.8,2024-02-02
NO,74.0,yes,0,0.0,3.0,242.9,118,57.7,9.6,14.6,2025-03-22
no,76.0,yes,0,0.0,0.0,36.9,133,30.82,13.92,11.5,2025-03-10
0,126.0,yes,0,0.0,0.0,108.8,150,34.97,9.43,12.7,2024-03-29
false,144.0,yes,0,,1.0,146.8,132,45.84,10.2,13.0,2023-11-22
false,27.0,YES,0,0.0,0.0,174.5,106,46.73,7.25,11.8,2026-02-20
false,118.0,yes ,0,0.0,1.0,196.6,66,56.84,13.11,9.0,2024-05-19
No ,188.0,yes ,1,,2.0,89.4,125,69.33,10.94,12.7,2023-01-17
0,15.0,yes,1,3.57,1.0,46.5,63,55.46,6.78,13.3,2026-05-11
0,135.0,yes,0,0.0,1.0,173.9,84,50.67,11.92,7.9,2024-01-22
No ,180.0,Yes,0,0.0,1.0,242.6,104,54.27,7.19,6.6,2023-03-12
0,146.0,n0,0,0.0,0.0,245.7,111,51.52,5.16,10.7,2023-11-08
No,15.0,yes,0,0.0,2.0,158.7,91,37.28,5.95,10.6,2026-05-11
False,106.0,yes,0,0.0,0.0,212.5,77,60.14,13.13,15.6,2024-08-16
No,158.0,yes,0,0.0,1.0,121.7,129,30.57,5.61,12.4,2023-08-14
False,,Yes,1,2.07,1.0,252.2,103,81.79,11.21,7.5,2025-04-13
No ,186.0,yess,1,3.63,0.0,196.4,97,85.96,8.75,13.3,2023-01-29
No,13.0,yes,0,0.0,2.0,136.7,96,35.34,6.18,14.9,2026-05-29
Yes,177.0,n0,0,0.0,0.0,171.2,119,45.48,9.18,9.6,2023-04-04
0,13.0,yes,0,0.0,0.0,173.6,56,54.88,14.16,9.8,2026-05-23
0,116.0,Yes,0,0.0,0.0,206.3,66,56.22,11.97,11.7,2024-06-05
No,77.0,yess,0,0.0,2.0,99.0,87,34.27,8.95,9.4,2025-03-01
No ,,YES,0,0.0,2.0,268.2,95,55.58,6.1,14.5,2023-01-01
0,112.0,yes,1,2.24,0.0,230.0,120,79.96,11.09,7.9,2024-07-01
0,28.0,yes,0,0.0,1.0,202.8,110,45.62,6.33,11.1,2026-02-11
no,200.0,yes,0,0.0,1.0,86.3,83,39.18,13.05,9.0,2022-10-24
No,8.0,yes,1,3.72,1.0,134.0,63,75.38,9.25,13.5,2026-06-27
No,49.0,YES,0,0.0,2.0,167.0,76,49.98,12.1,11.5,2025-09-17
No ,87.0,yes,0,0.0,2.0,189.5,79,47.42,6.8,6.4,2024-12-27
False,131.0,yes,1,3.89,0.0,189.9,87,90.26,11.28,14.3,
SI,168.0,YES,0,0.0,3.0,188.1,81,49.09,9.03,10.6,2023-06-07
No,23.0,yes,0,0.0,0.0,86.4,112,34.85,11.17,15.7,2026-03-20
1,145.0,yes,0,0.0,1.0,241.4,156,64.09,13.67,13.5,2023-11-17
No ,127.0,YES,0,,2.0,168.3,87,44.35,5.88,11.1,2024-03-17
No ,128.0,yess,1,1.99,1.0,264.1,101,78.42,7.91,7.2,2024-03-11
true,178.0,yes,0,,3.0,154.8,120,55.36,16.36,5.7,2023-03-28
False,45.0,yes,1,2.86,1.0,228.2,117,88.33,11.76,10.9,2025-10-16
SI,108.0,Yes,0,0.0,1.0,130.9,95,39.11,9.11,15.5,2024-07-30
yes,59.0,yes,0,0.0,2.0,171.7,96,50.57,12.51,8.4,2025-07-09
NO,161.0,yes,0,0.0,2.0,243.3,115,60.89,9.64,13.4,2023-07-22
false,23.0,yes,1,3.4,3.0,127.5,122,74.93,11.6,12.6,2026-03-20
0,157.0,YES,1,2.87,3.0,269.0,53,93.63,10.02,11.0,2023-08-19
False,,yess,1,2.46,2.0,205.4,125,82.58,13.35,9.3,2025-10-01
0,,yes,0,0.0,2.0,148.5,109,42.23,9.59,16.3,
no,37.0,Yes,0,0.0,1.0,157.2,106,51.86,14.59,9.1,2025-12-12
0,100.0,yes,0,0.0,2.0,156.2,81,55.11,14.38,6.6,2024-09-26
No,136.0,yess,1,,1.0,172.9,116,78.45,11.86,10.6,2024-01-17
False,42.0,Yes,0,0.0,1.0,153.2,129,,10.72,13.9,2025-11-06
False,112.0,YES,0,0.0,3.0,114.1,129,33.64,6.88,7.4,2024-07-04
No,204.0,yess,0,0.0,1.0,206.8,109,54.06,10.92,8.0,2022-09-28
No ,193.0,yes,0,0.0,2.0,211.4,100,51.87,9.15,13.2,2022-12-15
Si,90.0,yes,0,0.0,2.0,270.5,101,67.9,12.69,12.1,2024-12-05
No,26.0,yes ,0,0.0,2.0,151.1,51,50.06,12.29,7.0,2026-02-22
No,43.0,yes ,1,2.24,0.0,74.0,101,51.12,8.67,8.3,2025-10-31
No,123.0,yes ,0,0.0,2.0,169.1,95,44.27,8.95,13.3,2024-04-19
No ,21.0,yes,0,0.0,0.0,217.3,92,56.38,10.77,11.3,2026-04-02
No,49.0,yess,0,0.0,2.0,214.7,95,53.26,9.34,10.0,2025-09-18
NO,200.0,yes,0,0.0,4.0,185.0,35,56.14,13.95,5.8,2022-10-26
NO,45.0,NO,0,0.0,0.0,145.4,117,50.59,13.8,11.0,2025-10-11
No,136.0,yes,0,0.0,2.0,253.5,121,60.66,10.11,9.6,2024-01-14
NO,206.0,Yes,0,0.0,0.0,160.1,94,50.79,13.91,8.9,2022-09-12
No,42.0,yes,0,0.0,1.0,136.7,121,39.33,8.56,9.9,2025-11-02
No,94.0,yess,1,4.16,0.0,128.3,97,84.89,12.37,15.7,2024-11-02
No,110.0,yes,0,0.0,0.0,156.9,93,49.64,13.24,12.5,2024-07-15
Si,127.0,yes,0,0.0,0.0,269.8,96,67.84,11.87,7.8,2024-03-21
No,72.0,yes,0,0.0,5.0,232.1,114,55.14,9.36,11.4,2025-04-08
NO,175.0,yess,0,0.0,1.0,207.3,98,60.79,14.74,10.6,2023-04-19
1,133.0,yes ,1,2.19,4.0,109.9,107,61.85,12.54,8.4,2024-02-07
No,135.0,yes,1,2.64,3.0,221.5,77,81.37,9.13,10.2,2024-01-24
No,76.0,YES,0,0.0,4.0,235.5,125,57.07,9.99,10.0,2025-03-09
0,96.0,yes,0,0.0,0.0,122.4,67,37.97,10.5,14.8,2024-10-23
1,176.0,no ,0,0.0,2.0,245.0,110,57.66,9.09,12.2,2023-04-08
No,196.0,yes,1,2.76,,188.5,65,78.08,10.65,10.0,2022-11-21
0,43.0,YES,0,0.0,1.0,168.9,85,48.39,12.14,9.7,2025-10-30
No,202.0,yess,0,0.0,1.0,205.0,85,52.37,9.85,6.8,2022-10-10
No ,26.0,yes,0,0.0,,114.2,118,31.92,6.18,11.9,
no,54.0,yes,0,0.0,0.0,129.2,126,32.07,5.95,10.8,2025-08-10
No,68.0,yes ,0,0.0,0.0,200.3,71,60.5,15.01,11.9,2025-05-04
No,182.0,yes,0,0.0,0.0,215.5,95,64.46,13.34,4.5,2023-03-02
No ,39.0,Yes,1,1.92,1.0,127.1,93,61.6,11.33,7.3,2025-11-28
No,166.0,yes,0,0.0,1.0,86.0,103,38.75,13.82,10.5,2023-06-22
0,40.0,yes ,0,0.0,1.0,149.6,145,42.71,9.91,14.7,2025-11-19
False,159.0,yess,0,0.0,5.0,260.7,115,57.27,7.19,11.5,2023-08-05
True,16.0,yes,0,0.0,1.0,262.0,122,63.35,10.57,9.0,2026-05-05
yes,28.0,yes,1,3.01,4.0,133.6,113,69.83,10.35,10.9,2026-02-09
No,163.0,yes,0,0.0,4.0,183.0,79,52.38,12.0,7.5,2023-07-13
false,156.0,yes,0,0.0,1.0,222.6,80,49.94,6.5,15.7,2023-09-01
False,11.0,YES,0,0.0,1.0,218.8,75,52.01,8.65,7.9,2026-06-09
no,200.0,yes,0,0.0,1.0,97.3,94,37.39,9.82,0.0,2022-10-22
No,92.0,yes,0,0.0,2.0,193.9,122,56.47,12.08,9.6,2024-11-17
No,136.0,yes,0,0.0,1.0,148.0,85,38.56,5.9,6.4,2024-01-17
No,200.0,yes,0,0.0,2.0,129.0,85,39.82,10.13,14.1,2022-10-27
No,46.0,NO,0,0.0,1.0,219.4,111,51.37,7.76,8.3,2025-10-08
No ,91.0,YES,0,0.0,0.0,208.2,105,55.02,11.32,14.6,2024-11-25
no,170.0,yess,0,0.0,1.0,186.3,103,56.39,12.52,11.0,2023-05-20
No,180.0,Yes,1,3.61,0.0,94.5,86,74.77,13.07,13.4,2023-03-11
No,1.0,yes ,0,0.0,1.0,264.8,82,60.1,8.92,8.6,2026-08-20
No,5.0,YES,1,2.83,2.0,183.6,90,74.34,8.39,10.7,2026-07-23
False,106.0,yes,0,0.0,3.0,195.1,104,53.38,11.64,13.0,2024-08-10
no,194.0,yes,0,0.0,1.0,256.2,119,56.43,7.94,6.0,2022-12-06
no,128.0,no,0,0.0,1.0,184.1,109,48.22,10.33,11.2,2024-03-10
0,60.0,YES,0,0.0,1.0,273.7,112,56.39,6.11,11.8,2025-07-02
No,38.0,yes,1,3.44,2.0,91.7,124,69.06,11.02,12.7,2025-12-04
No,137.0,yess,0,0.0,1.0,260.3,113,59.97,8.78,15.3,2024-01-06
False,14.0,yes,0,0.0,3.0,221.9,98,51.12,7.37,8.9,2026-05-20
0,20.0,no,1,3.5,0.0,176.3,127,83.95,11.05,12.8,
No,47.0,YES,0,0.0,1.0,153.3,88,51.18,13.82,9.4,2025-09-27
false,69.0,yess,1,2.29,2.0,102.9,82,58.56,9.86,8.5,2025-05-02
false,38.0,yes ,1,4.49,1.0,184.0,108,,16.86,16.5,2025-12-05
No,137.0,Yes,0,0.0,0.0,177.1,71,51.6,11.7,12.2,2024-01-07
YES,132.0,Yes,1,2.93,6.0,89.4,91,59.58,8.38,10.9,2024-02-15
NO,72.0,YES,0,0.0,1.0,198.3,92,54.0,12.22,8.8,2025-04-11
No ,34.0,yes,0,0.0,1.0,169.3,82,45.05,9.31,10.2,2025-12-28
True,174.0,YES,0,0.0,5.0,153.0,165,42.15,8.39,11.6,2023-04-24
No ,174.0,yes ,0,0.0,0.0,183.6,117,49.32,7.95,9.5,2023-04-23
False,78.0,Yes,0,0.0,3.0,244.5,86,60.99,11.55,6.2,2025-02-22
yes,194.0,Yes,0,0.0,0.0,262.9,118,69.4,12.61,9.7,2022-12-06
no,35.0,no ,0,0.0,1.0,267.9,120,60.45,9.07,10.3,2025-12-21
yes,98.0,no,0,0.0,5.0,124.9,111,31.37,6.55,10.3,2024-10-11
no,127.0,No,0,0.0,,173.3,87,44.71,7.31,5.7,2024-03-20
No,45.0,yes,1,4.08,1.0,217.2,103,95.26,10.3,14.9,2025-10-13
False,5.0,yes,0,0.0,4.0,220.5,101,62.07,14.22,12.7,2026-07-18
0,199.0,yes,1,2.65,3.0,295.1,105,91.81,8.28,9.8,2022-11-04
NO,199.0,yes,0,0.0,1.0,186.0,117,52.59,9.61,6.7,2022-10-31
no,72.0,yes,0,0.0,3.0,268.2,115,61.81,7.64,17.0,2025-04-09
0,177.0,yes,0,0.0,3.0,115.2,95,39.15,9.64,10.4,2023-04-03
No,,yes,1,3.11,1.0,195.1,106,89.06,14.01,11.4,2025-09-05
0,17.0,yess,0,0.0,0.0,160.5,68,40.51,7.4,8.2,2026-04-25
False,202.0,yes,0,,1.0,246.9,46,,9.66,11.6,2022-10-14
0,17.0,yess,0,0.0,3.0,110.9,133,35.09,8.75,5.4,2026-04-28
1,158.0,yes,0,0.0,4.0,120.6,107,40.39,12.12,7.7,2023-08-16
Yes,205.0,no,1,3.07,0.0,114.3,114,72.29,13.05,11.1,2022-09-23
NO,113.0,yes,0,0.0,2.0,149.4,113,49.28,12.09,8.9,2024-06-22
0,157.0,yes,0,0.0,0.0,226.5,120,53.01,5.61,7.2,2023-08-25
No,103.0,yes,0,0.0,3.0,175.1,93,47.52,9.53,16.2,2024-09-04
no,151.0,Yes,1,2.93,1.0,90.1,86,57.34,7.05,10.9,2023-10-02
No,163.0,yess,0,0.0,1.0,244.2,76,56.99,9.15,12.9,2023-07-12
No,104.0,Yes,0,,2.0,263.6,55,61.6,9.73,8.3,2024-08-28
no,195.0,yess,1,2.4,2.0,178.5,93,70.08,9.43,8.5,2022-11-28
0,110.0,yes,0,0.0,3.0,175.1,91,46.46,9.82,11.1,2024-07-18
no,172.0,yes,1,2.77,2.0,181.5,83,73.47,8.61,10.2,2023-05-08
True,49.0,no,1,3.51,0.0,217.2,93,94.22,11.81,13.3,2025-09-13
NO,198.0,yes,0,0.0,1.0,240.0,85,57.59,9.76,11.0,2022-11-09
No,15.0,Yes,0,0.0,1.0,180.0,123,47.09,9.8,10.1,2026-05-12
no,183.0,yes ,1,2.51,3.0,226.8,119,79.71,9.12,9.4,2023-02-18
false,147.0,yes,0,0.0,2.0,189.2,101,46.56,7.92,11.2,2023-10-28
No,75.0,yes,0,0.0,0.0,115.6,90,40.15,10.85,11.1,2025-03-15
true,,yes ,0,0.0,4.0,322.4,105,77.22,13.39,11.5,2024-12-19
No,61.0,yes,0,,0.0,196.5,111,38.12,2.11,12.4,2025-06-22
No,134.0,YES,0,0.0,1.0,133.4,135,40.85,10.41,7.8,2024-02-01
false,115.0,Yes,0,0.0,0.0,179.2,125,52.18,11.41,11.0,2024-06-08
false,60.0,yes ,0,0.0,1.0,208.9,66,53.29,9.63,11.0,2025-06-29
0,140.0,yes,0,0.0,1.0,164.6,90,45.65,10.52,12.2,2023-12-17
False,90.0,YES,0,0.0,,132.4,122,29.3,3.26,10.0,2024-12-01
no,105.0,no ,1,,2.0,128.3,53,56.84,10.87,5.8,2024-08-17
No,,yes ,0,0.0,4.0,199.9,85,50.98,9.74,14.3,2025-09-23
No,16.0,yes,0,0.0,0.0,188.8,109,58.24,12.88,6.2,2026-05-02
0,190.0,Yes,1,0.74,0.0,148.9,86,42.86,5.64,2.8,2022-12-31
No,15.0,yes,1,2.24,0.0,176.3,94,69.35,9.83,8.3,
NO,164.0,YES,0,0.0,2.0,105.8,94,30.42,7.06,6.5,2023-07-02
No,112.0,yes,1,2.35,2.0,217.8,108,75.45,7.39,9.0,
True,27.0,yes ,0,0.0,5.0,87.5,117,,13.14,13.6,2026-02-19
No,171.0,yes,1,3.61,2.0,183.9,65,85.98,10.68,13.4,2023-05-18
No,48.0,yes ,0,0.0,2.0,147.2,121,39.64,8.85,13.3,2025-09-21
NO,52.0,yess,0,0.0,0.0,213.2,89,54.23,9.84,5.9,2025-08-25
yes,130.0,yes,0,0.0,2.0,246.3,116,67.61,15.15,9.3,2024-02-24
False,113.0,YES,0,,0.0,175.4,65,47.19,9.87,10.6,2024-06-25
False,14.0,yes,0,0.0,0.0,227.2,66,56.24,9.99,14.8,2026-05-22
No,131.0,yes,0,0.0,0.0,218.3,92,1500.0,7.42,6.0,2024-02-19
0,125.0,yes ,0,0.0,1.0,244.2,126,54.3,7.51,11.7,2024-03-30
No,69.0,yes,0,0.0,3.0,199.7,66,43.7,5.23,11.4,2025-04-29
No,39.0,yes,0,0.0,,158.3,69,37.96,6.54,9.5,2025-11-22
No,12.0,yes,0,0.0,0.0,125.0,106,46.85,13.59,12.5,2026-06-04
No ,44.0,yes,0,0.0,0.0,156.9,75,,15.18,12.2,2025-10-22
NO,8.0,yes,0,0.0,,104.6,122,39.71,12.23,6.6,2026-06-30
0,52.0,YES,0,0.0,0.0,164.0,88,52.25,14.13,8.6,2025-08-27
No,71.0,yes ,0,0.0,1.0,136.8,119,40.39,10.22,11.2,2025-04-13
No ,120.0,YES,1,2.67,3.0,153.4,139,77.4,13.44,9.8,2024-05-06
NO,,yes ,0,0.0,3.0,135.5,92,44.84,11.04,13.4,
No,72.0,yes,1,2.08,1.0,197.7,79,66.63,6.51,7.6,2025-04-10
False,73.0,YES,0,0.0,1.0,142.2,117,37.66,7.72,8.6,2025-04-01
NO,9.0,no,0,0.0,0.0,180.4,124,48.1,9.63,8.4,2026-06-20
No,10.0,yes,0,0.0,1.0,159.6,104,50.68,13.42,10.3,2026-06-19
No,185.0,yess,1,3.22,1.0,200.6,78,92.57,15.22,12.0,2023-02-09
No ,38.0,yes,0,0.0,2.0,226.1,92,61.27,10.85,9.1,2025-11-29
No,80.0,Yes,0,0.0,1.0,213.3,111,57.08,11.78,2.7,
No ,30.0,yess,0,0.0,0.0,191.7,83,47.64,8.18,6.2,2026-01-26
1,137.0,n0,0,0.0,1.0,89.6,93,45.41,16.92,7.8,2024-01-08
no,195.0,YES,0,0.0,2.0,243.6,78,60.64,11.45,5.3,2022-11-26
NO,86.0,yes,1,2.51,2.0,219.4,136,79.72,9.32,9.6,2024-12-29
No,108.0,yes,1,2.63,3.0,161.3,101,67.35,8.41,9.5,2024-07-30
NO,67.0,yes,0,0.0,3.0,256.9,111,59.43,9.33,11.4,2025-05-14
No,147.0,Yes,0,0.0,,182.7,100,44.99,8.12,6.9,2023-11-01
Yes,145.0,yes,0,0.0,0.0,268.4,97,66.77,11.54,8.9,2023-11-17
No ,162.0,yes ,1,3.09,3.0,282.1,112,103.03,14.25,11.3,2023-07-18
No,60.0,yes,0,0.0,0.0,124.4,67,39.45,10.41,14.7,2025-07-03
0,155.0,YES,0,0.0,1.0,203.8,69,54.65,11.33,9.7,2023-09-02
False,25.0,yess,0,0.0,2.0,236.1,109,61.48,12.44,9.1,2026-03-04
true,37.0,yes,0,0.0,3.0,268.0,103,65.72,9.63,8.8,2025-12-10
0,197.0,Yes,0,0.0,2.0,149.6,122,53.12,13.75,11.0,2022-11-13
No,188.0,yes,1,3.09,1.0,95.7,89,66.56,11.0,11.3,2023-01-20
No,0.0,yess,0,0.0,1.0,206.6,70,,10.05,12.4,2026-08-24
false,193.0,yes ,1,2.28,3.0,158.8,118,66.71,9.9,8.4,2022-12-10
False,31.0,Yes,0,0.0,1.0,193.0,111,51.72,8.52,10.8,2026-01-18
No,172.0,yes,0,0.0,2.0,181.6,98,,16.39,7.4,2023-05-08
yes,201.0,yes,0,0.0,0.0,288.3,86,65.06,8.81,9.6,2022-10-17
1,108.0,yes ,0,0.0,5.0,133.2,94,47.03,12.32,11.3,2024-07-30
false,85.0,yess,0,0.0,4.0,200.7,96,52.26,10.12,7.1,2025-01-07
False,5.0,yes,1,3.18,1.0,201.4,76,89.86,13.79,11.8,2026-07-21
NO,52.0,yes ,0,,1.0,109.1,99,35.34,9.45,11.0,2025-08-24
NO,77.0,yes ,0,0.0,0.0,111.8,100,,10.9,11.0,2025-03-02
0,107.0,yes,1,2.65,3.0,294.7,106,91.67,8.27,9.8,2024-08-08
No,126.0,Yes,0,0.0,0.0,216.1,92,56.47,10.8,11.4,2024-03-23
NO,109.0,YES,0,0.0,,175.2,73,45.14,8.73,7.5,2024-07-22
No,89.0,yes,1,3.19,2.0,186.0,115,75.7,6.31,11.9,2024-12-08
true,46.0,yes,0,0.0,1.0,239.6,155,64.34,13.74,13.3,2025-10-06
False,75.0,yes,1,,0.0,224.0,82,64.42,8.36,4.4,2025-03-19
NO,106.0,yes,0,0.0,4.0,252.0,89,67.54,11.9,9.6,2024-08-16
NO,94.0,yess,1,1.14,2.0,168.8,70,58.32,10.14,4.0,2024-11-03
false,55.0,yes,0,0.0,3.0,185.3,84,51.77,11.87,8.9,2025-08-02
False,,Yes,1,1.86,2.0,233.0,109,,14.32,6.9,2023-09-08
No,59.0,YES,0,0.0,1.0,135.3,99,41.99,10.57,10.3,2025-07-07
No,62.0,yes ,0,0.0,1.0,209.8,111,54.55,11.01,8.3,2025-06-14
No ,202.0,yes,1,3.0,3.0,167.0,54,79.48,11.95,11.3,2022-10-10
No,172.0,yes,0,0.0,2.0,201.7,99,50.12,9.89,13.2,2023-05-12
No,49.0,yes ,0,0.0,1.0,162.1,100,55.46,15.93,8.2,2025-09-19
False,108.0,Yes,1,3.24,1.0,170.1,116,84.25,13.32,11.8,2024-07-28
0,79.0,yes,0,0.0,1.0,111.1,85,35.67,9.23,9.5,2025-02-18
False,157.0,Yes,0,0.0,1.0,151.1,145,42.26,9.2,10.5,2023-08-22
false,181.0,yes ,0,0.0,1.0,170.5,103,50.94,10.15,11.6,2023-03-06
No,71.0,yes,0,0.0,0.0,210.5,149,52.96,10.57,8.4,2025-04-12
NO,,yes,0,0.0,,150.9,102,4999.99,11.77,9.9,2024-05-13
False,81.0,yes,0,0.0,2.0,141.8,139,45.92,12.01,7.0,01/02/2025
No,70.0,yes,0,0.0,0.0,172.1,102,54.12,13.77,15.3,2025-04-24
no,117.0,yes,0,0.0,4.0,166.7,102,47.0,10.9,13.2,2024-05-26
No,7.0,yes,0,0.0,0.0,125.0,99,35.5,7.05,9.5,2026-07-09
No,196.0,yes,0,0.0,5.0,137.4,71,44.61,12.23,11.3,2022-11-23
No,78.0,yes,0,0.0,0.0,136.1,106,44.97,12.78,10.0,2025-02-27
NO,206.0,yess,0,0.0,2.0,113.1,54,36.76,10.62,7.9,2022-09-15
0,195.0,Yes,0,0.0,0.0,217.8,89,54.03,9.75,5.8,2022-11-26
No,206.0,yes,1,2.08,3.0,231.0,92,74.58,8.53,7.7,2022-09-10
0,3.0,yes,0,0.0,0.0,85.1,115,31.46,9.66,11.0,2026-08-05
NO,144.0,yes,1,2.6,0.0,208.3,81,76.13,8.11,9.6,2023-11-20
NO,81.0,yes,1,3.39,1.0,61.6,102,66.61,12.79,12.5,2025-02-06
0,60.0,yes,0,0.0,1.0,147.9,131,40.16,8.46,10.0,2025-07-01
No,176.0,NO,0,0.0,1.0,270.3,87,67.57,10.76,11.8,2023-04-12
No,5.0,yess,0,0.0,1.0,195.7,72,51.63,10.7,8.0,2026-07-24
No,179.0,yes,0,0.0,2.0,197.9,91,57.46,13.19,9.3,2023-03-18
NO,24.0,yes,0,0.0,4.0,194.0,95,55.92,13.22,9.1,2026-03-11
No ,161.0,yes,1,4.5,0.0,80.4,95,75.93,9.86,16.6,2023-07-22
0,180.0,yes,0,0.0,2.0,210.3,100,53.28,9.23,13.3,2023-03-13
YES,43.0,YES,0,0.0,1.0,269.3,106,70.95,11.43,10.3,2025-10-28
No,142.0,yess,0,0.0,,175.0,79,49.9,11.95,11.8,2023-12-02
No,77.0,yess,0,0.0,0.0,220.1,91,49.24,7.42,6.1,2025-03-01
false,160.0,yes,0,0.0,1.0,200.6,137,49.55,8.41,5.6,2023-07-30
No ,133.0,yess,0,0.0,1.0,173.3,84,36.55,3.05,7.4,2024-02-03
No,51.0,yes ,0,0.0,1.0,271.7,92,56.79,5.81,8.3,2025-09-04
False,207.0,yes,1,2.64,1.0,183.2,80,75.57,10.9,9.8,2022-09-04
false,203.0,yes,1,2.96,1.0,156.7,96,,11.2,11.3,2022-10-01
false,176.0,yess,0,0.0,3.0,180.6,100,53.85,11.48,7.9,2023-04-12
yes,79.0,no,0,0.0,0.0,153.9,107,46.07,11.61,14.0,2025-02-15
No,56.0,yess,0,0.0,,198.2,104,52.9,11.25,15.2,2025-07-31
No,115.0,yes,1,2.2,0.0,175.1,95,69.87,9.67,8.2,2024-06-08
False,34.0,Yes,0,0.0,0.0,179.4,81,51.32,11.57,14.6,2025-12-31
No ,182.0,yes,1,2.77,3.0,245.7,108,81.82,6.44,10.3,2023-02-25
0,70.0,yes,0,0.0,3.0,149.4,122,44.3,11.0,9.8,2025-04-24
No,165.0,Yes,0,0.0,2.0,143.8,80,43.93,11.45,9.9,2023-06-30
No,159.0,no ,0,0.0,0.0,132.2,79,37.31,8.28,10.6,2023-08-06
No,150.0,yes,0,0.0,2.0,164.5,98,48.04,11.42,14.9,2023-10-11
No,22.0,yes,0,0.0,3.0,210.0,89,49.71,8.52,15.9,2026-03-25
no,106.0,yes,1,2.59,2.0,218.9,137,79.33,9.37,9.5,2024-08-14
NO,108.0,yes,0,0.0,1.0,185.1,141,53.92,12.35,8.9,2024-08-02
No,82.0,yes ,1,3.66,2.0,139.9,105,87.43,15.64,13.4,2025-01-29
0,139.0,yes,0,0.0,,224.7,93,57.16,9.76,6.5,2023-12-29
false,57.0,YES,1,2.47,50.0,200.7,87,80.98,13.16,9.1,2025-07-19
false,,Yes,1,2.79,2.0,185.8,105,72.36,7.59,10.4,2023-05-17
yes,141.0,yess,0,0.0,2.0,150.4,73,36.31,6.53,8.5,2023-12-09
Yes,104.0,yes,1,1.63,2.0,247.9,105,77.92,11.17,6.2,2024-08-24
false,182.0,yes,1,3.26,1.0,250.9,91,86.0,5.94,11.9,2023-02-27
No,66.0,yes,0,0.0,1.0,103.6,96,32.26,7.75,8.0,2025-05-22
No,104.0,yes ,0,0.0,1.0,153.2,93,54.58,16.57,13.5,2024-08-24
No ,124.0,yes,1,2.97,1.0,158.4,77,71.61,8.57,11.0,2024-04-12
False,,yes,0,0.0,1.0,225.3,106,52.7,8.9,7.4,
No,26.0,yes,0,0.0,0.0,206.9,89,50.56,9.35,8.4,2026-02-25
NO,65.0,yes,0,0.0,1.0,142.5,123,45.86,12.63,6.4,2025-05-24
No,201.0,YES,0,0.0,1.0,250.4,87,57.59,8.59,5.5,2022-10-21
no,84.0,yess,1,1.97,1.0,218.2,76,66.58,5.67,7.3,2025-01-11
No ,184.0,Yes,0,0.0,1.0,96.5,128,40.25,12.97,7.1,2023-02-11
false,169.0,YES,0,0.0,1.0,148.0,119,41.97,9.61,10.3,2023-05-28
0,98.0,yes,0,0.0,0.0,161.1,94,51.11,13.88,8.8,2024-10-07
No,62.0,yes,0,0.0,0.0,247.7,106,57.49,8.72,11.4,2025-06-15
0,113.0,yes,1,3.14,1.0,217.2,90,89.95,12.93,11.5,2024-06-27
False,106.0,YES,1,2.99,2.0,110.3,71,64.61,9.12,11.0,2024-08-13
False,54.0,Yes,1,3.25,1.0,176.7,119,82.33,10.88,12.2,2025-08-09
No ,139.0,YES,0,0.0,2.0,164.5,113,49.56,11.78,12.1,2023-12-28
False,7.0,Yes,0,0.0,0.0,207.1,100,48.95,8.07,9.5,2026-07-06
True,15.0,yes,0,0.0,4.0,69.5,107,26.14,7.93,9.1,2026-05-13
False,148.0,yes,0,0.0,2.0,252.4,74,61.53,8.27,10.7,2023-10-24
0,68.0,no,0,0.0,2.0,158.1,63,,10.48,9.3,2025-05-04
No ,104.0,yes ,1,3.35,1.0,185.0,111,,15.6,12.2,2024-08-30
true,76.0,yes,1,2.8,5.0,172.9,92,68.2,5.88,10.4,2025-03-13
No,167.0,yess,0,0.0,3.0,90.7,66,31.22,8.95,12.1,2023-06-16
0,14.0,Yes,0,0.0,1.0,143.6,73,38.22,7.35,11.1,2026-05-17
si,176.0,yes ,0,0.0,1.0,159.7,103,51.07,13.86,10.2,2023-04-14
false,152.0,yes ,1,3.15,0.0,71.9,58,54.22,6.13,11.5,2023-09-25
SI,41.0,yes ,0,0.0,1.0,130.0,94,37.74,8.99,15.3,2025-11-13
no,,yes,0,0.0,3.0,212.9,112,57.82,11.35,8.9,
No,103.0,Yes,1,4.32,1.0,138.5,72,83.95,9.77,16.1,2024-09-03
0,101.0,yes ,0,0.0,1.0,246.6,130,57.33,9.44,12.4,2024-09-16
No ,43.0,yes,0,0.0,3.0,102.4,90,39.3,11.63,11.1,2025-10-31
No ,166.0,yes,1,3.07,2.0,208.6,130,76.2,6.56,11.2,2023-06-23
SI,146.0,Yes,0,,5.0,225.9,117,53.74,5.87,4.7,2023-11-05
no,89.0,Yes,0,0.0,2.0,199.4,106,51.72,10.39,8.1,2024-12-09
False,86.0,YES,0,0.0,4.0,211.1,84,67.29,16.43,9.5,2024-12-28
Yes,129.0,yess,0,0.0,2.0,212.1,96,57.59,12.55,12.4,2024-03-08
false,160.0,Yes,0,0.0,0.0,78.9,98,34.22,11.33,14.0,2023-07-29
no,4.0,yes,1,2.82,2.0,193.5,85,69.3,4.55,10.4,2026-07-29
1,155.0,yes,0,0.0,2.0,210.8,96,56.61,12.35,12.3,2023-09-04
No,99.0,yes,1,1.78,,172.8,119,66.42,10.2,6.7,2024-10-01
YES,100.0,yes,0,0.0,4.0,134.3,111,41.98,10.5,12.2,2024-09-24
no,168.0,yes,1,2.19,1.0,199.1,122,78.83,13.63,8.0,2023-06-07
false,51.0,yes ,0,0.0,0.0,207.2,79,60.8,12.07,12.2,2025-09-01
1,156.0,no,1,,0.0,217.3,108,65.32,9.3,3.9,2023-09-01
False,109.0,yes ,1,3.47,3.0,178.4,92,82.0,9.39,12.5,2024-07-26
False,72.0,yes ,1,2.8,2.0,189.2,105,72.74,7.63,10.5,2025-04-05
no,201.0,yes,0,,1.0,213.5,66,56.96,10.8,5.3,2022-10-15
No,18.0,yes ,1,3.08,0.0,215.1,112,83.39,9.35,11.4,2026-04-19
false,158.0,yes ,1,2.04,1.0,243.7,89,,7.45,7.5,2023-08-15
False,7.0,yes,0,0.0,2.0,159.9,86,52.48,12.89,7.0,2026-07-04
false,201.0,Yes,0,0.0,0.0,208.8,119,57.01,12.62,12.7,2022-10-21
Yes,167.0,yess,0,0.0,1.0,295.1,126,70.1,11.55,11.4,2023-06-12
No,70.0,yes ,0,0.0,1.0,202.7,77,52.61,10.34,8.9,2025-04-21
No,10.0,yess,0,0.0,1.0,169.6,90,48.4,8.03,8.7,2026-06-15
No,190.0,yes,0,0.0,0.0,205.6,69,50.28,8.49,10.9,2023-01-01
true,26.0,no,0,0.0,2.0,100.5,108,47.59,15.47,13.7,2026-02-24
false,60.0,Yes,0,0.0,1.0,217.0,67,55.85,10.8,5.1,2025-07-04
no,53.0,no,1,3.48,,200.4,75,88.11,11.44,12.9,2025-08-17
false,57.0,yes,0,0.0,1.0,124.1,95,30.34,5.14,13.0,2025-07-23
Si,156.0,No,0,0.0,3.0,121.0,83,34.77,5.91,13.8,2023-08-26
No,51.0,yes,0,0.0,2.0,73.5,120,36.29,13.2,11.9,2025-08-31
No ,7.0,yes,0,0.0,1.0,228.1,67,60.05,12.64,7.8,2026-07-10
no,15.0,yes,0,0.0,2.0,210.7,119,55.89,11.55,6.4,2026-05-10
yes,20.0,NO,0,0.0,1.0,222.5,79,66.61,16.23,8.7,2026-04-07
no,77.0,yes,1,2.34,0.0,288.7,101,90.43,10.12,8.6,2025-03-02
No,47.0,yes ,0,0.0,0.0,123.8,100,35.14,8.01,9.3,2025-09-30
No,17.0,No,0,0.0,1.0,180.5,109,48.27,10.26,11.0,2026-04-27
NO,82.0,yes,0,0.0,1.0,140.6,76,41.29,8.52,7.6,2025-01-29
No,184.0,yes,0,0.0,1.0,107.0,94,48.15,16.66,6.7,2023-02-11
Si,10.0,yes ,1,2.43,6.0,208.8,106,70.01,5.45,9.1,2026-06-15
No,116.0,yes ,0,0.0,3.0,190.0,157,51.74,8.7,11.2,2024-06-01
False,114.0,YES,0,0.0,3.0,188.4,93,,12.51,7.3,2024-06-20
false,109.0,yes,0,0.0,1.0,179.7,124,45.49,8.16,6.6,2024-07-20
NO,117.0,yes ,1,2.49,0.0,71.1,121,45.46,4.95,9.2,2024-05-28
Si,173.0,YES,0,0.0,0.0,198.9,98,57.06,13.22,9.4,2023-05-05
false,,yes,0,0.0,3.0,221.4,116,55.27,9.69,11.4,
No,190.0,Yes,0,0.0,0.0,72.1,89,38.09,15.26,8.6,2023-01-01
No ,50.0,yes ,0,0.0,2.0,216.6,93,53.09,9.31,10.0,2025-09-08
NO,198.0,yes,0,0.0,1.0,203.6,115,52.46,8.94,9.6,2022-11-09
False,12.0,yes ,0,0.0,1.0,190.4,106,48.3,9.19,13.0,2026-06-01
No,135.0,yes,0,0.0,2.0,157.8,87,51.96,12.92,7.0,2024-01-26
No,50.0,yes,0,0.0,0.0,146.4,85,43.59,10.83,11.6,
No,62.0,YES,0,0.0,0.0,146.4,102,49.05,14.22,12.1,2025-06-16
False,28.0,yes,0,0.0,1.0,142.9,102,46.37,11.27,10.0,2026-02-10
no,131.0,yes,0,0.0,0.0,205.1,95,57.58,12.88,12.1,2024-02-21
No,41.0,yes,0,0.0,,195.9,80,48.59,8.35,12.8,2025-11-14
No,49.0,yess,0,0.0,3.0,133.5,72,36.79,7.66,14.7,2025-09-18
no,154.0,yes,0,0.0,1.0,193.4,112,52.18,8.38,10.9,2023-09-15
no,164.0,Yes,1,2.18,2.0,117.6,112,62.12,11.41,8.3,2023-07-05
No ,32.0,yes ,0,0.0,0.0,149.2,110,47.02,13.41,8.8,2026-01-13
Yes,199.0,YES,1,1.54,3.0,195.5,128,55.97,3.9,5.7,2022-11-02
0,85.0,yes,0,0.0,3.0,173.8,82,51.36,12.13,9.7,2025-01-10
No,176.0,yes ,0,0.0,2.0,86.5,82,38.19,12.43,10.2,2023-04-14
False,25.0,Yes,1,4.0,,217.0,101,95.32,10.19,15.1,2026-02-28
No,173.0,Yes,0,0.0,1.0,175.5,78,50.78,12.01,10.3,2023-04-29
No ,9.0,yes,1,,2.0,159.1,84,73.05,11.09,9.4,2026-06-21
0,68.0,yess,0,0.0,2.0,179.1,87,53.07,13.47,14.0,2025-05-04
Yes,154.0,yes,0,0.0,2.0,321.3,106,77.93,12.54,11.2,2023-09-13
No,162.0,yes,0,0.0,1.0,178.3,104,49.76,9.44,11.0,2023-07-20
0,159.0,yes,0,0.0,1.0,189.4,127,52.9,9.8,5.1,2023-08-06
False,43.0,yes,0,0.0,1.0,163.6,120,49.19,12.52,9.1,2025-10-28
0,203.0,yes ,1,1.67,1.0,149.6,98,66.38,13.96,6.2,
false,182.0,no ,0,0.0,2.0,157.5,62,44.48,10.4,9.3,2023-02-28
No,29.0,yess,0,0.0,1.0,173.1,53,46.64,9.51,13.3,2026-01-31
False,64.0,Yes,1,3.64,2.0,243.5,111,89.19,6.58,13.5,2025-06-03
False,153.0,No,1,2.38,1.0,142.6,96,72.34,13.63,8.9,2023-09-19
no,112.0,n0,0,0.0,0.0,192.9,107,53.23,9.33,11.6,2024-07-02
No,59.0,yes ,0,0.0,1.0,233.3,78,52.08,6.75,13.4,2025-07-09
No,190.0,yes,0,0.0,3.0,232.8,100,54.54,8.06,14.1,2023-01-01
No,9.0,yes ,1,2.55,3.0,139.3,96,69.19,11.49,9.4,2026-06-22
No,8.0,YES,0,0.0,1.0,146.0,78,41.79,8.24,10.4,2026-07-02
0,17.0,yes,1,2.65,2.0,189.7,104,79.12,11.86,9.7,2026-04-30
no,181.0,Yes,0,0.0,1.0,157.8,103,34.66,4.42,7.3,2023-03-04
No,173.0,yes ,1,2.94,2.0,152.8,85,74.29,10.68,10.7,2023-04-30
no,189.0,yes,0,0.0,,149.6,91,46.32,10.36,12.5,2023-01-12
No ,55.0,YES,0,0.0,0.0,206.5,124,52.36,9.98,8.6,2025-08-05
No,83.0,yes,0,0.0,1.0,227.3,116,57.19,10.22,14.1,2025-01-20
No,51.0,yes,1,2.56,3.0,160.5,100,68.48,8.38,9.5,2025-08-30
NO,204.0,yes ,1,3.02,1.0,189.8,108,79.65,9.7,11.2,2022-09-27
No,40.0,yes,0,,1.0,186.9,115,45.94,7.97,7.5,2025-11-17
No,72.0,yes,0,0.0,1.0,149.7,132,39.48,8.62,9.8,2025-04-06
True,117.0,yes,0,0.0,3.0,155.0,122,55.33,16.57,5.5,2024-05-28
No,33.0,yes,0,0.0,0.0,245.5,107,58.22,8.81,11.2,2026-01-04
NO,12.0,yess,0,0.0,0.0,210.2,118,57.0,12.71,12.8,2026-06-04
No,71.0,Yes,1,3.57,1.0,153.4,91,69.76,4.22,13.4,2025-04-18
si,163.0,no,1,3.69,3.0,131.4,89,,8.33,13.6,2023-07-08
false,32.0,yes,1,2.07,1.0,234.9,124,82.01,11.81,7.8,2026-01-15
no,192.0,yes,0,0.0,3.0,182.0,115,44.8,7.67,12.2,2022-12-20
No,176.0,Yes,1,1.87,1.0,126.8,86,56.29,9.39,6.9,2023-04-12
No,19.0,Yes,0,0.0,2.0,185.0,97,48.31,10.05,8.8,2026-04-16
NO,203.0,yes,0,0.0,1.0,217.1,96,54.15,9.67,13.3,2022-10-07
false,93.0,yes,1,2.66,3.0,295.5,105,91.71,8.22,9.7,2024-11-14
no,143.0,yes,1,3.26,0.0,40.2,125,50.49,6.66,11.9,2023-11-26
No,168.0,YES,1,2.45,1.0,151.9,69,66.25,8.82,9.0,2023-06-06
No,108.0,yess,0,0.0,1.0,158.9,98,44.64,8.63,5.5,2024-07-31
No ,165.0,yes,1,2.94,1.0,75.6,139,60.97,10.37,10.9,2023-06-25
False,105.0,yes ,1,2.9,2.0,181.3,92,78.97,11.9,10.7,2024-08-21
SI,121.0,yes ,0,0.0,2.0,290.9,98,72.26,11.05,13.8,2024-05-02
No,186.0,yes ,0,0.0,1.0,181.9,107,55.73,12.59,11.7,2023-01-30
0,1.0,yes,0,0.0,0.0,194.5,99,44.8,7.5,6.7,2026-08-20
false,100.0,yes ,0,0.0,0.0,186.0,91,51.32,10.92,5.4,2024-09-23
No ,136.0,yess,0,0.0,0.0,211.8,118,50.25,8.29,9.3,2024-01-14
No,91.0,yes ,0,0.0,2.0,203.3,106,4999.99,10.24,8.1,2024-11-24
No,66.0,YES,0,0.0,2.0,119.0,148,40.84,11.65,4.5,2025-05-21
No,66.0,yess,1,3.53,1.0,156.3,92,69.68,4.15,13.2,2025-05-22
NO,102.0,yess,0,0.0,1.0,154.5,67,47.93,11.39,3.4,2024-09-11
No,34.0,yes,0,0.0,1.0,167.7,120,42.68,8.52,12.5,2026-01-01
No ,28.0,Yes,0,0.0,2.0,141.5,79,41.42,8.08,6.0,2026-02-13
False,96.0,YES,1,2.89,1.0,238.0,85,87.94,10.73,10.7,2024-10-23
yes,3.0,no,1,3.97,0.0,155.6,89,75.41,5.3,14.8,2026-08-07
No,33.0,yes,0,0.0,,121.7,88,42.43,12.72,10.7,2026-01-08
No ,53.0,yes,0,0.0,0.0,237.3,121,60.72,9.49,13.3,2025-08-17
NO,140.0,YES,0,0.0,1.0,187.2,99,45.84,7.96,7.0,2023-12-21
No,153.0,yes,0,0.0,1.0,133.2,79,44.49,10.4,10.2,2023-09-22
No ,119.0,Yes,0,0.0,3.0,97.0,96,29.95,7.36,9.9,2024-05-14
False,58.0,yes ,0,0.0,1.0,126.0,84,37.27,8.58,8.6,2025-07-12
no,39.0,yes,0,0.0,2.0,197.8,111,52.42,10.73,10.8,2025-11-26
No,97.0,yes,0,0.0,1.0,157.5,130,45.55,10.84,13.8,2024-10-12
No,81.0,Yes,1,2.63,2.0,87.3,124,55.92,8.64,9.7,2025-02-03
no,150.0,yess,0,0.0,3.0,264.0,109,56.58,6.46,10.6,2023-10-09
NO,71.0,yes,0,0.0,3.0,193.8,104,53.64,11.69,13.0,
false,65.0,yes,1,2.75,0.0,155.2,108,74.03,11.12,10.2,2025-05-30
True,159.0,yess,0,0.0,0.0,290.3,119,71.1,12.87,13.3,2023-08-09
no,153.0,yess,0,0.0,1.0,175.6,127,52.21,13.04,11.4,2023-09-16
False,94.0,Yes,0,0.0,3.0,245.9,118,58.86,9.4,14.9,2024-11-06
false,180.0,yes,1,3.57,0.0,91.1,105,68.04,10.02,13.1,2023-03-15
No,81.0,Yes,0,0.0,1.0,151.9,134,40.08,8.16,8.0,2025-02-01
No,6.0,YES,0,0.0,1.0,158.3,103,49.66,13.56,10.3,2026-07-16
false,65.0,yess,1,4.79,1.0,96.8,138,80.44,9.67,17.5,2025-05-28
No,190.0,yes,0,0.0,0.0,133.2,84,39.4,9.12,8.8,2023-01-03
No,39.0,no,0,0.0,2.0,162.5,63,45.16,10.42,9.2,2025-11-26
No,169.0,yes,1,2.32,0.0,197.4,91,76.06,10.68,8.7,2023-05-31
false,32.0,yes ,1,2.85,0.0,112.3,70,61.34,7.73,10.7,2026-01-12
0,95.0,YES,0,0.0,2.0,91.9,127,31.27,8.94,14.0,2024-10-26
False,152.0,yes,0,0.0,1.0,166.6,83,45.63,9.58,7.7,2023-09-26
Yes,117.0,Yes,0,0.0,4.0,109.5,139,38.81,11.95,10.0,2024-05-26
No,62.0,yes,0,0.0,1.0,135.3,120,38.77,8.99,7.6,2025-06-14
No,82.0,YES,1,1.86,3.0,192.0,106,68.32,9.67,6.9,2025-01-26
SI,131.0,yes,0,0.0,8.0,151.1,125,39.28,8.26,10.3,2024-02-17
False,44.0,YES,0,0.0,1.0,185.3,87,51.06,8.42,9.5,2025-10-21
No ,172.0,yes ,0,0.0,0.0,189.0,100,43.08,5.72,7.4,2023-05-09
No,51.0,yes,1,3.67,0.0,234.8,113,99.16,13.37,13.9,2025-09-04
Yes,137.0,yes,0,0.0,2.0,266.3,85,62.79,10.35,11.0,2024-01-09
NO,202.0,yes,0,0.0,1.0,241.0,111,57.65,8.98,9.7,2022-10-13
no,78.0,Yes,0,0.0,1.0,132.7,93,45.84,13.55,7.0,2025-02-23
no,167.0,yes,1,2.84,2.0,210.8,67,78.38,7.38,10.7,2023-06-12
Si,2.0,yes ,0,0.0,1.0,320.2,60,67.86,7.7,10.3,2026-08-13
Si,39.0,Yes,0,0.0,0.0,165.4,67,40.28,7.23,10.3,2025-11-23
0,145.0,yes ,0,0.0,,222.7,122,49.95,7.39,6.8,2023-11-16
No,103.0,Yes,0,0.0,1.0,234.5,76,62.04,10.86,13.8,2024-09-05
False,115.0,YES,0,0.0,3.0,154.1,115,42.59,9.48,12.3,2024-06-08
false,190.0,NO,1,,2.0,126.3,137,69.51,13.7,8.9,2023-01-05
no,16.0,YES,0,0.0,1.0,145.6,108,42.84,8.58,5.4,2026-05-08
No ,113.0,no ,0,0.0,0.0,250.9,104,61.12,10.72,9.2,2024-06-23
False,39.0,yes,0,0.0,0.0,132.1,84,38.51,9.02,9.0,2025-11-23
No,134.0,YES,1,1.92,2.0,220.2,113,80.03,12.75,7.2,2024-01-27
False,122.0,yes,0,0.0,1.0,261.2,108,58.15,7.83,11.6,2024-04-26
No ,31.0,YES,0,0.0,1.0,273.0,150,63.61,9.35,13.7,2026-01-18
0,37.0,YES,1,2.72,1.0,211.7,109,77.32,8.52,10.1,2025-12-10
no,132.0,Yes,1,3.16,3.0,200.3,104,86.54,12.27,11.5,2024-02-15
No,32.0,yess,0,,2.0,168.4,112,49.2,11.82,11.8,2026-01-16
False,182.0,yess,0,,,191.5,97,56.09,12.65,7.2,2023-03-03
0,144.0,yes,1,1.58,2.0,222.5,94,73.64,11.87,5.9,2023-11-18
0,107.0,yes,1,2.86,0.0,211.0,113,79.86,9.14,10.6,2024-08-07
No,111.0,yes,1,2.45,3.0,204.6,143,71.12,6.37,9.1,2024-07-07
No ,147.0,yess,1,1.63,0.0,100.1,54,54.54,12.37,6.0,2023-10-30
No ,65.0,yes ,1,3.47,1.0,281.3,120,102.29,11.23,13.1,2025-05-29
False,27.0,yes ,0,0.0,3.0,249.6,82,54.9,7.48,8.1,2026-02-20
false,132.0,yes ,0,0.0,2.0,222.4,93,57.87,11.4,12.5,2024-02-13
1,201.0,no,1,3.75,4.0,294.8,100,104.81,10.06,13.8,2022-10-18
No ,115.0,yes ,1,2.39,1.0,211.8,120,78.29,10.01,8.8,2024-06-08
False,48.0,yes,1,3.99,1.0,193.3,96,93.4,11.96,15.0,2025-09-22
0,142.0,yes,1,3.88,2.0,73.3,105,66.49,8.71,14.5,2023-12-03
0,78.0,No,1,2.05,0.0,278.6,88,85.48,9.88,7.5,2025-02-23
1,178.0,yes,0,0.0,6.0,160.8,79,43.61,8.91,9.6,2023-03-28
No,48.0,Yes,1,3.04,7.0,153.1,89,79.84,13.31,11.4,2025-09-24
No,82.0,yes ,0,0.0,2.0,107.1,134,31.82,7.13,10.8,2025-01-30
No ,24.0,yess,0,0.0,1.0,264.5,80,60.92,9.09,8.6,2026-03-07
NO,182.0,yess,1,1.57,1.0,93.9,97,54.84,13.44,5.8,2023-03-03
NO,152.0,yes ,0,0.0,2.0,165.2,114,38.97,6.49,10.0,2023-09-25
no,108.0,yes,0,0.0,3.0,174.3,93,48.68,9.74,16.2,2024-08-02
false,118.0,yes,0,0.0,1.0,238.4,84,57.65,9.79,10.7,2024-05-19
No,71.0,no,1,3.25,,189.8,110,79.8,8.48,12.0,2025-04-12
no,165.0,Yes,0,0.0,1.0,199.7,108,59.82,14.29,11.3,2023-06-26
false,181.0,yes,1,3.91,2.0,193.2,112,95.04,12.92,14.7,2023-03-08
Si,174.0,yes,0,0.0,2.0,265.8,86,62.0,10.36,11.1,2023-04-26
false,126.0,YES,0,0.0,1.0,91.5,142,38.06,10.54,9.3,2024-03-23
False,71.0,yes,1,4.06,1.0,179.7,104,95.81,14.21,14.8,2025-04-12
no,164.0,yes,0,0.0,3.0,213.2,95,49.66,7.54,12.3,2023-07-06
True,46.0,No,0,,2.0,127.5,113,47.73,13.06,9.6,2025-10-07
no,201.0,Yes,1,2.4,1.0,210.8,119,77.81,10.2,8.8,2022-10-19
No ,177.0,yes ,0,0.0,0.0,132.4,101,44.51,12.8,11.7,04-05-2023
No ,192.0,yess,0,0.0,2.0,155.9,113,49.34,13.0,12.1,2022-12-19
NO,34.0,yess,0,0.0,2.0,143.3,79,40.29,7.92,5.9,2025-12-31
False,122.0,yess,0,0.0,4.0,173.9,113,53.75,13.4,0.0,2024-04-25
No ,27.0,YES,0,0.0,2.0,209.5,120,61.05,14.77,8.0,2026-02-15
0,132.0,Yes,0,0.0,2.0,102.9,102,29.15,6.92,9.1,2024-02-14
No,103.0,yes,0,0.0,1.0,139.1,101,46.32,10.77,11.2,2024-09-03
SI,8.0,yes,1,2.79,2.0,105.4,78,61.93,9.13,10.1,2026-06-27
No,67.0,yes,0,,0.0,115.9,70,43.56,12.53,7.5,2025-05-12
NO,37.0,yes,1,2.52,2.0,206.1,110,83.14,12.81,9.5,2025-12-09
No ,23.0,No,0,0.0,,156.2,70,51.78,15.28,2.3,2026-03-19
No,126.0,yess,1,1.03,1.0,190.2,115,64.99,12.87,3.8,2024-03-23
false,153.0,yess,0,0.0,1.0,224.1,139,53.24,7.97,11.2,2023-09-18
No,4.0,yes ,0,0.0,3.0,206.2,91,49.06,7.82,13.4,2026-07-30
1,164.0,yess,0,0.0,4.0,277.0,100,69.68,13.27,13.2,2023-07-06
no,188.0,yes,0,0.0,3.0,157.1,107,42.08,8.33,8.9,2023-01-16
si,190.0,yess,1,2.53,1.0,182.6,144,74.56,10.83,9.1,2023-01-01
No ,170.0,yes ,0,0.0,1.0,135.7,105,36.78,7.74,9.4,2023-05-20
NO,132.0,yes,0,0.0,1.0,198.1,107,61.28,14.9,7.0,2024-02-11
No,23.0,no,0,0.0,2.0,241.6,90,46.22,3.13,10.7,2026-03-15
0,165.0,Yes,0,0.0,1.0,114.4,105,31.08,6.26,9.5,2023-06-25
No,,yes,0,0.0,1.0,245.2,47,59.49,9.84,11.7,2024-03-25
No,148.0,NO,1,0.96,1.0,197.9,81,71.34,16.09,3.9,2023-10-22
NO,,yes,1,2.43,1.0,244.6,137,85.61,11.76,8.9,2023-06-19
False,140.0,yes,0,0.0,1.0,193.6,95,49.53,9.95,18.1,2023-12-22
0,131.0,no,0,0.0,3.0,233.2,91,,7.65,11.3,2024-02-17
0,27.0,yes,0,0.0,0.0,153.2,88,45.45,9.3,10.9,2026-02-20
No,143.0,yes,0,0.0,2.0,140.5,96,38.43,7.21,9.9,2023-12-01
No,89.0,yes,0,0.0,0.0,209.7,70,60.38,12.65,12.4,2024-12-08
false,183.0,no,0,0.0,2.0,208.8,141,55.28,10.3,7.9,2023-02-21
NO,24.0,yes,0,0.0,3.0,211.4,111,52.06,9.34,6.3,2026-03-12
0,132.0,yes ,1,3.17,1.0,127.9,104,64.9,7.11,11.6,2024-02-16
false,50.0,yes,0,0.0,1.0,196.8,107,62.05,14.9,7.0,2025-09-06
false,158.0,yess,0,0.0,0.0,204.9,88,49.18,8.19,8.4,2023-08-17
1,46.0,YES,0,0.0,4.0,152.5,132,43.14,9.95,9.6,2025-10-10
False,7.0,yes ,0,0.0,0.0,203.8,116,56.36,10.26,10.6,2026-07-09
no,200.0,yes ,0,0.0,0.0,153.0,71,48.28,12.17,12.8,2022-10-24
No,62.0,YES,0,0.0,1.0,155.3,95,43.95,10.35,12.9,2025-06-16
No,54.0,yes,0,0.0,1.0,162.4,99,55.3,15.91,8.3,2025-08-12
NO,27.0,yes,0,0.0,1.0,156.5,92,42.76,9.57,13.1,2026-02-20
No ,104.0,no,1,2.97,1.0,197.0,111,88.34,14.69,11.0,2024-08-27
No,93.0,Yes,0,0.0,3.0,200.1,65,44.02,5.39,11.4,2024-11-09
No ,85.0,no,1,3.22,1.0,161.2,110,74.24,8.5,11.8,2025-01-07
No ,162.0,no,1,2.74,1.0,150.7,99,65.67,7.48,9.9,17/07/2023
No,83.0,Yes,0,0.0,1.0,179.5,122,48.32,9.88,10.3,2025-01-24
No ,44.0,yess,0,0.0,2.0,212.1,110,57.81,11.79,8.8,2025-10-21
0,135.0,yess,0,0.0,3.0,177.0,71,53.54,12.5,8.9,2024-01-26
0,58.0,yes,0,0.0,1.0,226.2,89,55.44,8.24,11.7,2025-07-18
true,99.0,yes,1,2.5,2.0,217.2,125,82.14,11.54,9.3,2024-10-01
Si,93.0,yes,0,0.0,2.0,263.8,116,63.1,9.65,7.5,2024-11-15
0,174.0,yess,0,0.0,0.0,149.3,119,42.76,10.16,14.3,2023-04-27
si,154.0,yes,0,0.0,1.0,265.0,79,69.63,14.01,8.3,2023-09-09
0,193.0,yes,0,0.0,2.0,211.5,68,52.38,7.85,9.6,2022-12-16
No ,124.0,yess,1,2.9,1.0,213.2,128,90.39,14.52,10.5,2024-04-12
No,56.0,yes ,1,3.93,1.0,65.1,76,66.38,9.18,14.5,2025-07-28
False,134.0,yes,1,4.0,1.0,218.9,102,94.73,10.35,15.0,2024-01-27
No,15.0,yes ,0,0.0,1.0,162.3,90,44.19,9.91,10.4,2026-05-12
No,91.0,YES,0,0.0,0.0,249.5,107,58.13,8.77,11.2,2024-11-28
No ,150.0,yess,1,1.83,1.0,174.2,118,65.8,10.2,6.6,2023-10-07
false,110.0,yes,0,0.0,2.0,197.8,108,52.32,10.42,8.0,2024-07-18
No ,160.0,no,0,0.0,2.0,140.6,80,34.59,6.18,8.1,2023-07-29
No,51.0,YES,0,0.0,2.0,173.5,114,52.23,12.84,0.0,2025-09-03
false,143.0,yes ,0,0.0,2.0,159.6,145,45.0,10.06,16.7,2023-12-01
No,80.0,yes,0,0.0,3.0,208.3,121,50.12,8.26,12.5,2025-02-10
No,119.0,YES,0,0.0,3.0,193.4,126,50.18,7.74,9.5,2024-05-15
No ,39.0,yes ,1,3.15,4.0,225.4,88,,12.83,11.6,2025-11-23
No,129.0,yes,0,0.0,3.0,198.7,134,49.31,9.34,9.9,2024-03-07
No,114.0,yes,0,0.0,1.0,138.3,131,44.62,10.32,8.0,2024-06-20
No,168.0,yes,0,0.0,1.0,190.0,127,52.83,9.7,5.2,2023-06-03
No ,198.0,yes,1,2.96,,144.8,105,74.33,11.17,11.2,2022-11-07
no,89.0,yess,0,0.0,1.0,170.3,131,49.98,12.5,12.6,2024-12-11
No,55.0,yes ,1,0.99,1.0,139.0,59,,11.2,3.7,2025-08-05
Si,101.0,Yes,0,0.0,1.0,230.6,129,64.01,15.08,5.5,2024-09-14
false,107.0,yes,0,0.0,1.0,187.6,99,48.66,10.02,12.5,2024-08-04
false,107.0,yes,0,0.0,1.0,168.3,120,42.43,8.4,12.3,2024-08-04
no,108.0,yes,0,0.0,3.0,211.5,75,52.87,9.39,4.7,2024-07-28
no,18.0,yes,1,3.01,2.0,176.8,65,75.54,8.68,11.3,2026-04-22
false,121.0,yes,0,0.0,3.0,130.3,89,,6.91,10.3,2024-05-03
NO,98.0,YES,0,0.0,0.0,159.8,132,46.04,10.82,9.2,2024-10-08
No ,171.0,no,0,0.0,1.0,169.8,81,48.92,10.91,9.4,2023-05-17
NO,39.0,Yes,0,0.0,1.0,57.7,120,33.16,13.14,11.9,2025-11-22
No ,56.0,YES,0,0.0,1.0,138.2,99,42.18,10.64,10.6,2025-07-27
0,131.0,yess,0,0.0,3.0,109.2,146,38.97,11.26,15.5,2024-02-17
no,39.0,yes,0,,2.0,158.0,115,43.65,9.99,8.5,2025-11-22
false,85.0,yess,0,0.0,3.0,216.2,114,55.67,10.89,12.0,2025-01-04
True,86.0,yes ,0,0.0,0.0,286.4,123,73.06,11.44,14.7,2024-12-28
Si,62.0,yes,0,0.0,5.0,240.0,86,62.45,11.27,8.1,2025-06-17
No,134.0,yess,0,,1.0,186.6,73,46.81,8.89,10.3,2024.01.27
false,170.0,yes,1,3.22,2.0,185.1,93,79.85,8.78,12.0,2023-05-24
No,74.0,yess,0,,0.0,133.5,85,39.45,9.0,8.8,2025-03-28
No ,121.0,yes,1,3.1,1.0,180.5,91,80.59,10.8,11.5,2024-05-02
no,158.0,yes,0,0.0,0.0,243.8,124,47.44,2.91,11.3,2023-08-12
false,136.0,yess,1,2.07,3.0,165.1,97,69.24,11.12,7.8,2024-01-14
NO,166.0,yes,1,3.11,1.0,133.1,100,69.68,8.66,11.6,2023-06-20
Si,21.0,no ,0,0.0,1.0,165.6,85,53.06,14.21,11.4,2026-04-01
no,179.0,yes,0,0.0,3.0,146.1,63,48.47,13.76,8.8,2023-03-24
NO,188.0,YES,0,0.0,2.0,152.4,74,40.74,8.54,12.6,2023-01-14
No,163.0,YES,1,,1.0,173.4,110,68.42,10.1,8.0,2023-07-13
No ,43.0,no,0,0.0,0.0,228.2,104,59.64,10.46,11.9,2025-10-26
NO,158.0,yes ,0,0.0,,136.9,101,44.26,11.95,10.5,2023-08-15
false,144.0,yes,1,2.57,3.0,159.4,101,68.85,8.44,9.6,2023-11-23
True,109.0,n0,0,0.0,2.0,191.1,109,57.77,12.87,9.8,2024-07-25
No,175.0,yes,0,0.0,0.0,132.6,74,39.98,9.92,5.9,2023-04-17
Yes,157.0,Yes,0,0.0,0.0,278.8,112,65.95,10.04,10.4,2023-08-19
SI,82.0,yes,1,4.27,2.0,151.5,63,89.72,12.97,15.8,2025-01-26
NO,59.0,yes,1,2.91,2.0,183.6,91,74.25,8.46,10.5,2025-07-05
No,79.0,Yes,0,0.0,3.0,184.0,111,49.23,10.23,9.2,2025-02-15
No,35.0,yess,0,0.0,1.0,151.5,115,45.43,10.93,3.9,2025-12-20
NO,117.0,no,0,0.0,2.0,121.3,58,40.31,11.82,11.5,2024-05-29
False,42.0,yes,0,0.0,1.0,197.8,61,53.77,11.17,8.9,2025-11-03
No,171.0,YES,1,3.38,2.0,82.0,139,61.89,7.68,12.7,2023-05-13
No,102.0,yes ,0,0.0,1.0,276.3,103,58.31,6.47,8.2,2024-09-12
NO,18.0,yes,1,3.08,4.0,145.0,104,74.87,10.22,11.5,2026-04-20
NO,144.0,yes,0,0.0,1.0,198.7,83,48.51,8.55,12.0,2023.11.23
No,142.0,yes,1,1.34,1.0,240.2,66,69.0,8.59,4.8,2023-12-04
0,121.0,yes,1,3.46,2.0,154.0,93,78.77,10.84,12.5,2024-04-29
False,122.0,yes,0,0.0,1.0,77.5,95,28.42,9.08,12.1,2024-04-26
No,86.0,n0,0,0.0,0.0,175.6,85,44.6,7.23,5.6,2024-12-29
No,63.0,Yes,0,0.0,1.0,205.2,108,50.51,8.44,2.6,2025-06-13
false,154.0,yess,1,2.56,1.0,136.7,59,67.55,11.52,9.5,2023-09-09
No,150.0,yes ,1,3.51,0.0,197.7,73,94.19,14.76,13.2,2023-10-11
No,145.0,yess,0,0.0,1.0,134.5,94,43.14,11.5,8.6,2023-11-15
0,175.0,yes,0,0.0,1.0,213.9,78,50.55,5.93,7.5,2023-04-21
No,120.0,yes,0,0.0,2.0,195.5,110,53.33,11.09,10.7,2024-05-09
No,17.0,YES,0,0.0,2.0,167.9,93,48.61,11.54,9.1,2026-04-26
No ,47.0,yes,1,4.01,0.0,220.1,79,,8.13,15.0,2025-10-03
0,73.0,yes,0,0.0,3.0,232.4,119,52.77,7.57,11.6,2025-03-31
YES,165.0,No,1,5.4,,196.7,88,110.13,12.76,20.1,2023-06-30
No,15.0,yes,0,0.0,3.0,138.6,116,44.29,11.76,9.7,2026-05-12
false,15.0,yes,1,2.25,3.0,157.9,120,66.61,9.91,8.4,2026-05-14
NO,49.0,yes,0,0.0,1.0,170.4,114,46.06,9.95,11.6,2025-09-16
No,84.0,yes,0,0.0,1.0,148.4,86,49.0,13.46,14.7,2025-01-16
no,105.0,yes,0,0.0,0.0,171.5,77,39.22,6.11,9.9,2024-08-20
True,166.0,yes ,0,0.0,2.0,249.6,83,64.74,11.3,10.2,2023-06-21
False,156.0,yes,0,0.0,3.0,234.3,100,58.51,10.57,12.5,2023-09-01
0,22.0,yes,0,0.0,0.0,169.1,102,50.11,13.11,13.5,2026-03-25
No ,66.0,yes,0,0.0,0.0,146.7,86,52.34,13.3,7.0,2025-05-23
Yes,195.0,YES,0,0.0,0.0,261.3,68,66.2,12.34,14.8,2022-11-26
No ,61.0,yes,1,3.24,1.0,249.1,90,,6.05,12.1,2025-06-21
0,,yes,0,0.0,1.0,145.1,77,41.95,8.61,7.6,2026-01-20
No,34.0,yes,0,0.0,1.0,207.8,115,,10.86,7.2,2025-12-28
false,68.0,yes,0,0.0,0.0,226.8,89,56.27,9.69,14.9,2025-05-03
no,191.0,yes,1,2.89,2.0,148.7,99,76.8,12.34,10.8,2022-12-29
False,92.0,YES,0,0.0,1.0,137.6,102,44.86,10.48,11.0,2024-11-18
No ,119.0,yes,0,0.0,0.0,181.6,120,47.56,9.5,12.0,2024-05-14
NO,34.0,yess,0,0.0,0.0,194.8,133,51.79,10.59,11.5,2026-01-01
No ,116.0,yes,1,1.97,0.0,145.9,106,72.1,15.55,7.1,2024-06-03
NO,35.0,yes,0,0.0,2.0,143.0,108,39.28,8.78,8.1,2025-12-26
false,153.0,yes,0,0.0,0.0,190.4,99,42.96,5.71,7.3,2023-09-19
No,115.0,YES,0,0.0,3.0,147.5,64,47.97,13.85,8.8,2024-06-11
No,130.0,yes,0,0.0,0.0,137.4,94,39.17,7.99,7.7,2024-03-01
Yes,127.0,yes,0,0.0,1.0,224.6,89,64.76,15.67,16.2,2024-03-22
No,169.0,Yes,0,0.0,1.0,229.0,89,56.12,8.13,11.8,2023-05-30
No,188.0,yes,0,0.0,3.0,53.5,107,24.82,8.11,10.0,2023-01-19
No ,112.0,yes ,0,0.0,1.0,212.3,105,59.72,11.21,9.0,2024-07-05
False,22.0,yes,0,0.0,1.0,200.5,89,60.91,15.25,6.7,2026-03-25
false,,no ,1,2.7,4.0,220.2,77,85.38,11.67,10.2,2023-10-08
NO,150.0,yes,0,0.0,1.0,115.1,87,29.34,5.62,7.1,2023-10-07
no,135.0,no,1,2.6,1.0,127.7,122,62.2,8.88,9.5,2024-01-25
no,55.0,yes,0,0.0,2.0,114.6,90,45.65,13.05,13.2,2025-08-07
False,78.0,yess,0,0.0,0.0,158.7,133,45.61,10.64,9.1,2025-02-26
false,42.0,YES,1,2.61,2.0,190.3,104,80.13,11.8,9.8,2025-11-07
No,28.0,yes,1,3.42,3.0,184.9,94,,8.33,12.6,2026-02-12
YES,142.0,no,0,0.0,4.0,123.1,106,33.22,6.43,6.3,2023-12-04
false,196.0,no,0,0.0,1.0,130.7,64,44.97,13.11,11.2,2022-11-25
False,152.0,yes,1,3.2,1.0,129.1,105,75.83,12.49,11.9,2023-09-28
0,111.0,yess,1,4.05,0.0,216.5,78,92.12,8.07,15.0,2024-07-06
False,137.0,yes ,0,0.0,2.0,212.5,72,53.03,8.23,8.3,2024-01-06
No,96.0,yes ,1,3.32,2.0,189.9,94,76.61,5.9,12.4,2024-10-21
no,173.0,Yes,1,2.0,1.0,200.3,79,66.53,6.52,7.7,2023-05-01
NO,168.0,yes ,0,0.0,2.0,183.6,112,54.41,11.91,5.6,2023-06-07
SI,34.0,yes ,0,0.0,4.0,104.5,114,32.02,5.99,12.0,2026-01-01
yes,84.0,yes,1,3.46,2.0,203.6,99,90.7,12.34,13.1,2025-01-15
0,27.0,no,0,0.0,2.0,104.1,134,47.17,16.01,8.3,2026-02-15
no,122.0,yess,0,0.0,2.0,142.7,88,,10.52,12.4,2024-04-24
False,165.0,yes,0,0.0,1.0,170.7,84,52.24,13.95,12.2,2023-06-29
False,21.0,yes,1,3.02,2.0,138.4,94,73.95,11.87,11.0,2026-03-29
no,175.0,Yes,0,0.0,1.0,110.7,112,37.51,8.44,9.2,2023-04-20
No ,0.0,yes ,1,2.71,4.0,237.6,63,85.89,10.2,10.1,2026-08-24
No,139.0,yes,1,2.69,0.0,268.7,111,93.2,11.16,10.3,2023-12-27
No,88.0,yes ,0,0.0,0.0,108.6,128,40.04,12.79,8.8,2024-12-17
Yes,152.0,yes,0,0.0,1.0,160.6,103,50.55,13.74,10.0,2023-09-24
No,96.0,yes,0,0.0,2.0,219.3,114,55.31,10.4,12.2,2024-10-19
Yes,104.0,yes,0,0.0,4.0,111.1,139,39.02,11.91,10.0,2024-08-29
No,78.0,yes,0,0.0,1.0,116.2,117,30.66,6.33,12.1,2025-02-26
No,94.0,yess,0,0.0,0.0,144.0,90,42.35,9.11,12.3,2024-11-07
No ,1.0,yes,1,2.48,1.0,215.2,100,76.94,8.7,8.9,2026-08-21
false,174.0,Yes,0,0.0,1.0,205.6,97,57.91,13.69,10.8,2023-04-28
NO,174.0,Yes,0,0.0,0.0,227.9,66,55.63,9.96,14.6,2023-04-27
No,36.0,yes ,0,0.0,0.0,176.8,85,54.98,11.19,12.3,2025-12-17
No,81.0,yes ,0,,2.0,213.4,88,56.83,12.0,9.8,2025-02-07
NO,104.0,yess,0,0.0,4.0,178.2,115,44.39,7.89,9.3,2024-08-29
No ,37.0,yess,0,,2.0,127.3,77,41.44,9.52,11.2,2025-12-10
0,205.0,no,0,0.0,1.0,134.4,50,43.49,10.96,11.8,2022-09-23
Yes,85.0,yes ,0,0.0,0.0,142.7,126,43.76,9.91,13.3,2025-01-09
No,189.0,yes ,0,0.0,1.0,162.1,84,43.49,8.02,11.8,2023-01-11
True,53.0,no,0,0.0,0.0,278.0,122,64.22,7.75,9.1,2025-08-17
False,184.0,Yes,0,0.0,1.0,125.9,127,37.02,9.51,14.2,2023-02-15
No,206.0,Yes,1,2.79,1.0,127.1,100,66.2,9.85,10.3,2022-09-12
no,100.0,yes,0,0.0,0.0,151.7,93,49.63,13.13,12.4,2024-09-22
no,12.0,yes,0,0.0,1.0,185.7,118,52.61,9.72,6.7,2026-06-05
0,169.0,yess,1,2.55,3.0,215.5,115,76.71,8.11,9.6,2023-05-31
no,169.0,Yes,1,,1.0,230.0,100,79.12,12.85,6.3,2023-05-29
False,37.0,yes,0,0.0,3.0,156.8,68,37.89,6.6,9.7,2025-12-08
no,52.0,yess,0,0.0,3.0,136.7,125,33.41,6.05,12.5,2025-08-26
No,135.0,yes ,0,0.0,1.0,223.9,119,57.7,11.43,8.9,2024-01-25
No,116.0,yes,0,0.0,1.0,147.3,144,43.36,9.78,14.8,2024-06-01
no,142.0,yes ,1,,3.0,273.8,99,93.12,9.73,11.0,2023-12-03
false,41.0,yes,0,0.0,0.0,181.1,79,52.06,11.71,14.9,2025-11-09
No ,-14.0,YES,0,0.0,2.0,187.0,108,45.7,7.74,9.9,2026-12-01
false,160.0,Yes,0,0.0,5.0,279.5,126,65.66,8.95,15.2,2023-08-03
0,121.0,yes,0,0.0,1.0,158.5,90,41.24,7.8,8.4,2024-04-30
True,57.0,yes,0,0.0,0.0,166.5,106,55.31,13.74,8.8,2025-07-25
No ,57.0,yes ,0,0.0,2.0,147.4,128,33.88,5.38,11.1,2025-07-20
false,88.0,yess,0,0.0,3.0,224.4,99,53.75,8.64,11.0,2024-12-15
No ,22.0,YES,1,2.02,0.0,244.8,95,81.15,10.85,7.5,2026-03-24
No ,30.0,yes,0,0.0,1.0,197.8,90,60.21,15.31,6.6,2026-01-24
True,20.0,yes,0,0.0,1.0,286.9,124,66.87,10.28,7.2,2026-04-10
0,8.0,yes,0,0.0,2.0,137.7,106,38.21,7.7,12.5,2026-06-28
No,127.0,YES,0,0.0,4.0,225.5,100,61.86,14.25,12.7,2024-03-21
Yes,52.0,yes,0,0.0,1.0,223.9,102,63.12,14.26,11.9,2025-08-29
No,162.0,Yes,0,0.0,2.0,262.5,55,,9.7,8.3,2023-07-21
0,141.0,yess,0,0.0,2.0,120.7,129,,10.74,16.0,2023-12-10
0,121.0,yes,1,2.68,1.0,148.8,68,67.43,8.61,10.1,2024-04-29
No,131.0,Yes,0,0.0,,295.5,127,64.4,6.5,9.6,2024-02-18
false,97.0,yes,0,0.0,2.0,201.0,106,53.17,10.43,8.2,2024-10-15
true,140.0,Yes,0,0.0,0.0,336.5,120,76.66,11.35,15.7,2023-12-18
false,14.0,yes,1,2.6,1.0,221.1,104,79.44,8.54,9.7,2026-05-19
No,162.0,yes,0,0.0,1.0,92.5,92,30.1,7.99,8.9,2023-07-17
true,17.0,Yes,0,0.0,2.0,163.4,134,48.99,11.96,11.7,2026-04-29
No,27.0,yes,0,0.0,0.0,171.2,113,46.66,9.77,11.2,2026-02-16
0,41.0,yes,0,0.0,2.0,187.5,92,50.96,10.68,8.5,2025-11-14
no,43.0,n0,0,0.0,0.0,182.2,122,47.61,9.59,8.4,2025-10-25
No,72.0,yes ,1,3.49,0.0,235.0,98,90.72,9.07,12.9,2025-04-05
True,82.0,yes,0,0.0,4.0,119.6,96,35.27,8.41,11.9,2025-01-26
NO,110.0,yes ,0,0.0,1.0,122.8,76,35.98,8.48,12.7,2024-07-16
false,5.0,yes,0,0.0,2.0,174.4,100,46.75,10.12,9.1,2026-07-24
No,35.0,yes,0,0.0,3.0,181.3,93,45.86,8.95,11.5,2025-12-23
false,131.0,YES,1,1.7,1.0,231.9,100,79.05,12.82,6.4,2024-02-21
No,50.0,no ,0,0.0,2.0,212.9,105,49.44,7.93,5.1,2025-09-09
No ,102.0,yess,0,0.0,0.0,220.7,84,52.14,8.28,11.2,2024-09-07
No,,yes ,0,0.0,2.0,221.2,110,51.03,7.97,10.5,2025-09-19
no,140.0,yes,0,0.0,1.0,272.3,112,56.78,5.93,11.7,2023-12-19
Si,188.0,no,1,3.67,0.0,222.9,90,87.76,8.17,13.6,2023-01-14
No ,128.0,yes,0,0.0,0.0,87.9,112,33.84,11.31,15.6,2024-03-13
No,29.0,Yes,0,0.0,1.0,161.6,122,47.97,10.99,9.6,2026-02-05
no,197.0,yes,1,2.0,1.0,189.3,101,83.23,18.04,7.2,2022-11-17
NO,24.0,YES,0,0.0,2.0,88.9,79,34.65,9.07,9.5,2026-03-12
False,78.0,no ,1,3.3,2.0,175.9,104,81.96,11.21,12.3,2025-02-27
false,11.0,yes,1,2.55,2.0,187.0,77,74.21,9.45,9.6,2026-06-09
0,156.0,yess,1,3.06,1.0,199.7,122,86.63,11.74,11.4,2023-08-31
No,141.0,yes ,1,2.93,0.0,233.5,94,88.67,11.1,11.1,2023-12-14
False,188.0,yes,0,0.0,1.0,246.8,101,59.25,10.2,9.3,2023-01-18
No,8.0,yes ,0,0.0,1.0,185.3,82,52.83,12.53,9.6,2026-07-03
No,9.0,yes,0,0.0,2.0,199.1,117,46.74,7.72,6.9,2026-06-23
No,193.0,Yes,0,0.0,2.0,125.9,67,41.4,9.0,15.8,2022-12-15
0,138.0,yes,0,0.0,3.0,74.3,115,34.59,12.48,9.5,2024-01-05
NO,28.0,YES,0,0.0,1.0,208.7,112,54.49,11.01,8.3,2026-02-07
Yes,152.0,No,0,0.0,0.0,279.0,122,64.31,7.89,9.1,2023-09-23
NO,59.0,yes,1,1.94,0.0,202.3,117,77.91,13.42,7.3,2025-07-06
No,28.0,yess,1,4.32,0.0,241.3,112,102.75,10.1,16.0,2026-02-13
No,19.0,YES,0,0.0,1.0,222.8,141,57.34,10.75,12.3,2026-04-17
No ,88.0,yes,1,2.65,1.0,181.4,79,75.56,10.9,9.7,2024-12-14
yes,138.0,no ,0,0.0,1.0,91.0,93,45.3,17.01,7.9,2024-01-05
No,43.0,Yes,1,3.66,4.0,278.0,135,102.89,11.08,13.3,2025-10-29
No,169.0,Yes,0,0.0,1.0,236.3,105,59.66,11.07,13.2,2023-05-29
No,30.0,yes ,1,2.67,1.0,177.5,85,68.32,6.58,9.9,2026-01-25
NO,130.0,yes ,0,0.0,1.0,163.6,111,45.14,8.13,9.1,2024-02-27
false,92.0,no,0,0.0,1.0,189.9,130,52.5,9.5,10.8,2024-11-17
No,92.0,yes ,0,0.0,0.0,129.7,77,33.76,6.46,13.1,2024-11-17
Yes,17.0,yes ,0,0.0,4.0,177.0,127,39.54,5.1,10.5,2026-04-30
no,24.0,yess,0,0.0,4.0,250.9,87,67.68,11.88,9.7,2026-03-10
No ,,Yes,0,0.0,,219.2,67,55.36,10.95,5.3,2022-10-14
No,8.0,yes,1,2.46,1.0,154.8,69,67.17,8.88,9.0,2026-07-01
Yes,206.0,no,0,0.0,4.0,211.0,61,44.88,5.16,9.7,2022-09-15
0,66.0,yes,1,4.22,1.0,271.0,99,108.62,12.23,15.4,2025-05-21
No,134.0,yes,0,0.0,1.0,151.1,105,43.43,7.61,3.5,2024-01-28
false,135.0,yes,0,0.0,4.0,208.4,112,,8.46,9.9,2024-01-21
false,193.0,yes,0,0.0,1.0,174.3,105,,10.59,11.6,2022-12-16
No,120.0,yes ,0,0.0,0.0,246.1,102,64.54,13.26,11.4,2024-05-06
si,157.0,no,0,0.0,0.0,175.0,119,45.12,9.23,9.8,2023-08-20
No ,53.0,yes,0,0.0,0.0,142.0,96,42.34,8.94,6.4,2025-08-19
0,157.0,yes ,0,0.0,3.0,229.0,100,54.53,7.92,14.2,2023-08-21
No,9.0,no,0,0.0,1.0,216.5,77,57.28,12.02,10.1,2026-06-23
False,123.0,yes,0,0.0,,249.8,101,57.91,8.88,6.1,2024-04-18
yes,64.0,yes,1,1.75,1.0,324.3,92,96.33,14.19,6.8,2025-06-06
NO,121.0,yes ,1,4.68,2.0,196.4,64,101.59,12.79,17.1,2024-04-29
NO,179.0,yes ,0,0.0,2.0,209.9,74,53.07,9.7,8.8,2023-03-21
No ,204.0,yes,0,0.0,2.0,165.7,94,50.93,11.92,10.1,2022-09-30
No,93.0,yess,0,0.0,2.0,94.8,120,,12.6,14.4,2024-11-13
No ,117.0,yes,0,0.0,1.0,221.5,55,56.33,10.56,6.8,2024-05-30
No,89.0,YES,0,0.0,3.0,185.5,84,55.23,11.64,14.8,2024-12-12
No,62.0,yes,0,0.0,0.0,106.9,102,37.75,11.05,10.9,2025-06-19
No,70.0,yes ,0,0.0,1.0,121.4,84,35.68,8.35,8.8,2025-04-23
YES,193.0,yes ,0,0.0,3.0,258.7,43,62.91,10.74,7.9,2022-12-12
No,41.0,yess,0,0.0,1.0,215.9,76,49.45,7.12,12.1,2025-11-08
si,101.0,yes,0,0.0,1.0,242.6,156,,13.62,13.6,2024-09-14
NO,163.0,no ,0,0.0,3.0,222.6,80,59.21,12.16,11.9,2023-07-09
0,168.0,YES,0,0.0,0.0,161.3,69,39.7,7.3,8.2,2023-06-07
yes,,YES,1,3.85,2.0,172.4,80,85.99,10.45,14.2,2023-05-17
No,107.0,no,1,2.62,0.0,189.7,109,72.42,7.43,9.8,2024-08-04
No,78.0,yes ,0,,1.0,180.5,90,47.22,7.68,7.5,2025-02-28
No,195.0,NO,0,0.0,1.0,202.0,121,54.78,12.38,10.4,2022-11-27
NO,70.0,yes,0,0.0,1.0,161.0,84,43.39,8.08,11.7,2025-04-24
No,173.0,yes,0,0.0,1.0,145.3,106,41.89,9.71,7.9,2023-04-29
No,123.0,Yes,0,0.0,3.0,242.2,88,61.46,11.72,6.1,2024-04-13
NO,106.0,yess,1,3.58,2.0,112.4,151,76.19,12.08,13.0,
No,102.0,yess,1,4.29,1.0,220.8,78,100.3,11.15,16.0,
0,15.0,yes,1,2.75,1.0,93.0,83,60.04,8.97,10.2,2026-05-09
false,190.0,yes,0,0.0,0.0,218.6,88,45.6,4.4,13.1,2023-01-05
no,90.0,yes,0,0.0,1.0,49.8,101,33.32,14.09,18.2,2024-12-02
1,49.0,yess,1,3.25,6.0,81.5,105,68.92,12.94,11.9,2025-09-17
No ,199.0,yess,1,2.96,3.0,164.4,123,70.39,6.72,10.9,2022-11-03
No ,34.0,yes,1,1.84,1.0,110.5,84,58.39,11.93,6.9,2026-01-01
No,169.0,yes,0,0.0,1.0,104.2,129,38.95,12.0,7.9,2023-05-29
NO,179.0,yes,0,0.0,3.0,232.9,119,53.84,7.54,11.4,2023-03-22
False,122.0,yess,1,2.39,3.0,230.2,88,83.72,12.39,8.9,2024-04-22
No,106.0,yess,0,0.0,2.0,142.9,84,41.07,8.17,8.1,2024-08-10
No,3.0,yes,0,0.0,3.0,169.4,116,42.74,5.72,16.9,2026-08-05
No,197.0,YES,1,1.62,3.0,192.5,86,69.21,10.93,6.0,2022-11-16
No ,195.0,yes,0,0.0,3.0,238.7,95,62.15,12.39,12.4,2022-11-26
True,125.0,no,0,0.0,0.0,46.8,120,23.17,8.8,13.4,2024-03-31
No,14.0,YES,0,0.0,,159.6,100,44.72,8.72,5.5,2026-05-19
True,7.0,yess,0,0.0,1.0,135.8,119,45.66,11.39,10.2,2026-07-10
No,162.0,yes,1,3.07,1.0,172.2,106,81.71,12.3,11.6,2023-07-19
No,84.0,YES,0,0.0,3.0,246.2,73,64.16,12.03,8.8,2025-01-11
Si,52.0,yes,0,0.0,3.0,273.1,118,65.88,11.49,16.4,2025-08-25
No ,173.0,YES,1,2.54,2.0,236.5,68,84.36,9.9,9.6,2023-05-02
No,134.0,yess,0,0.0,1.0,201.6,85,55.14,10.54,7.8,2024-01-29
0,14.0,yes,0,0.0,1.0,191.3,105,,9.18,12.9,2026-05-19
no,0.0,yes,0,0.0,3.0,230.2,117,59.0,11.29,7.5,2026-08-23
NO,171.0,Yes,1,1.99,0.0,213.1,102,,7.01,7.2,2023-05-15
false,35.0,yes,1,2.12,3.0,213.2,77,78.4,11.69,8.1,2025-12-22
NO,52.0,yes,1,1.94,2.0,160.6,78,72.65,13.72,7.6,2025-08-26
yes,121.0,yes ,0,0.0,1.0,235.5,103,65.7,14.09,2.0,2024-05-01
No,206.0,yes,0,0.0,2.0,147.5,116,44.78,11.6,7.9,2022-09-14
No ,60.0,yes ,0,0.0,1.0,140.9,111,,15.3,9.9,2025-06-30
No,86.0,yes,0,0.0,1.0,215.8,71,57.76,11.64,10.4,2025-01-02
YES,61.0,yes,0,0.0,5.0,147.1,72,40.85,8.21,12.3,2025-06-21
NO,55.0,Yes,0,0.0,3.0,115.5,129,32.81,6.97,7.3,2025-08-04
False,12.0,yes,0,0.0,0.0,68.3,114,31.61,11.51,6.5,2026-06-03
False,69.0,yess,1,4.3,0.0,110.7,139,81.84,10.79,16.1,2025-04-28
0,88.0,yess,0,0.0,1.0,222.9,120,57.75,11.43,8.8,2024-12-19
false,147.0,yess,0,0.0,0.0,240.5,130,57.98,8.14,11.9,2023-11-01
No,133.0,Yes,0,0.0,1.0,176.1,102,41.33,6.61,11.7,
NO,147.0,yess,0,0.0,0.0,101.6,75,37.36,10.91,9.8,2023-10-30
No ,1.0,yes,0,0.0,1.0,145.8,132,45.59,10.01,13.1,2026-08-18
True,198.0,YES,0,0.0,1.0,105.5,107,37.53,10.5,8.1,2022-11-06
False,31.0,yes,0,0.0,,180.7,59,55.4,14.2,5.9,2026-01-21
NO,155.0,yess,1,3.44,3.0,199.3,86,86.52,10.41,12.8,2023-09-05
NO,68.0,yes,0,0.0,1.0,248.9,82,56.53,8.19,7.6,2025-05-06
No ,165.0,yes,0,0.0,3.0,174.3,92,48.11,9.61,16.2,2023-06-28
NO,188.0,yess,0,0.0,2.0,126.6,113,,7.77,14.5,2023-01-15
No,175.0,yes,1,2.66,1.0,217.5,102,84.1,11.15,10.0,2023-04-17
No,32.0,yes ,0,0.0,2.0,98.4,117,,10.64,10.4,2026-01-14
No ,128.0,yess,0,0.0,2.0,152.0,100,48.34,12.84,12.5,2024-03-10
True,59.0,YES,0,0.0,0.0,166.3,105,54.77,13.71,8.7,2025-07-09
si,189.0,No,0,0.0,1.0,194.3,90,,12.78,14.3,2023-01-09
False,74.0,yes,0,0.0,1.0,193.6,97,47.71,8.39,11.3,2025-03-28
Yes,41.0,Yes,0,0.0,4.0,153.6,122,36.13,5.61,15.3,2025-11-08
No ,77.0,yes,1,2.98,2.0,172.0,95,,10.36,11.1,2025-03-04
no,40.0,yess,0,0.0,3.0,151.0,121,44.42,10.79,9.9,2025-11-18
false,153.0,n0,0,0.0,0.0,162.3,99,41.18,7.63,6.4,2023-09-16
SI,193.0,yes ,0,0.0,4.0,85.4,112,34.68,11.05,11.6,2022-12-14
No,,yes ,0,0.0,2.0,131.9,97,37.53,8.22,8.2,2024-10-07
No ,105.0,yes,0,0.0,1.0,54.3,102,23.42,8.16,10.2,2024-08-23
False,,yes,0,0.0,1.0,100.1,47,30.37,8.0,12.3,04/01/2026
yes,29.0,Yes,0,0.0,5.0,132.8,93,47.56,12.44,11.4,2026-02-02
NO,134.0,yes,0,0.0,4.0,307.1,97,61.28,3.34,9.1,2024-01-31
false,59.0,yes,0,0.0,0.0,188.1,121,50.42,8.76,10.2,2025-07-07
true,67.0,YES,0,0.0,2.0,268.3,102,66.77,12.98,12.0,2025-05-15
0,183.0,yes,0,,0.0,178.9,98,54.99,12.71,8.1,2023-02-19
No ,163.0,yes,0,0.0,0.0,164.5,78,35.64,3.7,6.4,2023-07-14
No ,48.0,YES,1,3.61,4.0,209.5,89,92.61,12.13,12.9,2025-09-23
No,174.0,yes ,1,3.35,1.0,200.6,100,81.19,7.28,12.3,2023-04-24
No,59.0,yes,0,0.0,1.0,255.6,109,63.43,11.25,13.8,2025-07-06
False,107.0,yes,0,0.0,2.0,86.2,77,39.86,12.93,7.3,2024-08-08
no,70.0,yes,0,0.0,3.0,154.6,81,50.22,14.41,6.0,2025-04-20
NO,144.0,yes,0,0.0,2.0,123.5,90,,10.61,10.8,2023-11-18
False,131.0,yess,1,3.06,1.0,70.2,94,60.76,10.36,11.5,2024-02-17
No,,yess,1,1.79,,142.8,107,52.24,5.93,6.7,
0,40.0,yes,0,0.0,0.0,204.3,128,52.64,9.86,13.2,2025-11-15
No,142.0,yes ,1,3.71,1.0,161.4,123,82.03,9.8,13.7,2023-12-05
NO,38.0,yess,0,0.0,2.0,197.0,111,52.21,10.76,10.6,2025-12-01
false,11.0,yes,0,0.0,1.0,197.0,114,53.99,10.21,11.2,2026-06-09
false,117.0,yess,0,0.0,2.0,153.9,119,36.18,5.54,9.1,2024-05-26
0,52.0,YES,0,0.0,4.0,219.5,92,53.92,9.6,10.4,2025-08-27
false,168.0,YES,0,0.0,2.0,189.0,97,57.23,12.75,7.2,2023-06-09
No,203.0,yess,0,0.0,0.0,108.0,89,36.73,10.5,11.8,2022-10-05
1,150.0,NO,1,2.02,0.0,146.0,103,59.45,8.07,7.7,2023-10-09
No,170.0,yess,0,0.0,,221.2,112,57.13,11.03,10.9,2023-05-24
False,198.0,no,1,,0.0,172.5,101,80.79,10.44,12.2,2022-11-09
False,140.0,yes,0,0.0,1.0,122.0,87,43.12,12.65,10.8,2023-12-22
False,98.0,Yes,0,0.0,2.0,90.4,90,33.81,9.58,9.1,2024-10-10
Yes,159.0,yes,0,0.0,0.0,278.2,75,65.72,8.8,8.4,2023-08-06
No ,18.0,YES,1,,3.0,154.2,79,64.16,9.35,8.3,2026-04-18
NO,70.0,yes ,1,3.17,1.0,154.1,111,80.79,13.21,11.9,2025-04-20
no,137.0,yess,1,1.5,2.0,133.0,110,53.77,9.1,5.9,2024-01-12
0,92.0,YES,0,0.0,2.0,135.7,99,40.93,10.13,12.6,2024-11-16
True,192.0,no,0,0.0,1.0,277.1,122,64.01,9.75,7.2,2022-12-21
Yes,131.0,yes,0,0.0,2.0,322.1,106,77.88,12.56,11.2,2024-02-23
False,171.0,yes,0,0.0,2.0,218.7,97,49.74,7.17,11.0,2023-05-18
Si,8.0,yes,0,0.0,1.0,226.3,109,63.88,14.88,11.2,2026-06-29
Si,154.0,yes,0,0.0,1.0,271.1,68,,11.43,9.8,2023-09-10
No,69.0,yes,0,0.0,2.0,204.0,89,50.73,7.18,7.6,2025-04-27
False,33.0,yess,0,0.0,1.0,222.9,106,54.06,9.6,12.2,2026-01-07
No,33.0,yess,1,2.27,2.0,210.0,98,70.79,6.89,8.7,2026-01-09
No,16.0,YES,0,0.0,1.0,167.3,124,50.12,12.2,11.0,2026-05-07
No,114.0,yess,0,0.0,1.0,186.6,97,49.3,8.9,12.2,2024-06-18
false,137.0,yes,1,2.62,0.0,212.3,114,79.56,9.49,9.5,2024-01-11
No ,107.0,yes,0,0.0,0.0,76.6,97,33.15,11.37,14.1,2024-08-04
SI,194.0,Yes,0,0.0,1.0,224.5,109,64.18,15.02,11.3,2022-12-09
No ,18.0,yes,1,0.87,0.0,148.0,86,43.67,5.71,2.9,2026-04-19
True,205.0,no,1,2.79,5.0,136.7,91,68.56,10.04,10.2,2022-09-18
no,62.0,yes ,1,2.3,0.0,199.0,90,74.51,10.75,8.6,2025-06-16
False,40.0,yes,1,2.96,2.0,121.0,98,73.96,13.51,11.3,2025-11-21
no,,yes,1,2.83,1.0,160.7,103,72.08,9.34,10.4,2024-10-31
No,167.0,no,0,0.0,3.0,255.3,89,63.94,11.52,9.1,2023-06-16
No ,122.0,no,0,0.0,3.0,259.7,67,66.81,12.19,8.4,2024-04-24
No,,yes ,0,0.0,5.0,280.5,126,65.89,9.04,15.1,2026-05-30
No,37.0,yes,1,2.41,1.0,208.5,119,77.08,10.13,8.7,2025-12-11
NO,69.0,yes ,1,3.06,1.0,196.9,106,88.16,13.92,11.2,2025-04-29
No,85.0,yes,0,0.0,2.0,193.0,89,47.5,6.99,5.5,2025-01-07
No,131.0,yes,1,2.83,1.0,126.9,100,66.67,9.73,10.2,2024-02-19
No,151.0,yes ,0,0.0,1.0,157.0,79,41.65,8.43,12.3,2023-10-04
0,65.0,YES,0,0.0,0.0,201.7,87,51.4,9.92,6.8,2025-05-30
false,103.0,yess,0,0.0,3.0,165.8,84,43.07,8.3,12.8,2024-09-04
NO,38.0,yes,0,0.0,2.0,251.9,81,59.77,9.76,8.2,2025-11-29
No,47.0,yes,0,0.0,1.0,247.1,112,56.37,8.93,9.6,2025-10-03
no,15.0,yes,1,3.42,2.0,158.8,51,81.8,11.93,12.6,2026-05-14
1,94.0,yes,0,0.0,,297.5,126,69.97,11.49,11.5,2024-11-03
false,197.0,YES,0,0.0,2.0,110.1,95,32.99,7.68,9.8,2022-11-15
False,132.0,yes,1,,1.0,131.4,105,76.66,12.33,12.0,2024-02-14
NO,18.0,yess,0,0.0,,170.2,113,45.77,9.58,11.1,2026-04-20
False,36.0,yes,0,0.0,2.0,238.0,107,57.92,9.38,11.7,2025-12-18
0,162.0,YES,0,0.0,2.0,150.1,72,53.55,14.3,6.2,2023-07-16
No,151.0,yes,0,0.0,2.0,154.1,148,48.71,13.12,9.8,2023-10-06
No,176.0,Yes,0,0.0,1.0,205.1,69,47.14,4.82,8.1,2023-04-11
no,32.0,yes,0,0.0,2.0,236.1,100,57.15,9.91,13.1,2026-01-13
no,148.0,yes ,0,0.0,3.0,98.4,96,29.89,7.23,10.0,2023-10-21
no,46.0,no,1,2.98,999.0,140.9,140,76.01,12.13,11.2,2025-10-10
false,82.0,yes,0,0.0,0.0,140.6,110,38.69,6.52,12.2,2025-01-29
No,159.0,yes,0,0.0,2.0,155.5,103,44.52,10.12,9.7,2023-08-07
No,73.0,no,1,2.39,2.0,126.6,137,70.11,13.72,8.7,2025-04-03
true,,yes,0,0.0,0.0,304.8,105,67.66,9.42,8.5,2026-07-22
NO,121.0,YES,0,0.0,3.0,211.4,110,52.2,9.37,6.4,2024-05-01
No ,3.0,yes,1,1.33,1.0,181.9,106,62.44,10.16,5.2,2026-08-05
NO,3.0,yes,1,,0.0,185.9,100,80.05,13.07,8.9,2026-08-04
No,164.0,yes,0,0.0,0.0,106.6,87,35.49,9.1,13.4,2023-07-06
False,197.0,yes ,1,2.38,2.0,29.6,122,40.26,6.49,8.6,2022-11-13
No,86.0,yes,0,0.0,6.0,169.7,84,52.69,12.72,6.0,2024-12-29
False,27.0,yess,0,0.0,2.0,151.4,147,49.02,13.18,9.9,2026-02-17
false,191.0,YES,0,0.0,,217.2,95,53.06,9.27,10.1,2022-12-29
False,53.0,yes,0,0.0,1.0,211.1,111,57.19,11.69,2.6,2025-08-16
no,60.0,yes,1,4.26,0.0,199.8,107,92.7,9.58,15.5,2025-07-02
No,118.0,Yes,1,3.04,1.0,164.2,102,82.66,13.52,11.6,2024-05-24
0,154.0,yess,0,0.0,2.0,103.5,72,42.22,14.23,13.3,2023-09-09
1,144.0,No,0,0.0,,47.3,119,24.01,8.93,13.3,2023-11-23
No,133.0,Yes,0,0.0,1.0,132.9,104,35.88,7.52,9.4,2024-02-03
True,140.0,Yes,0,0.0,4.0,103.0,139,39.27,11.86,10.0,2023-12-21
Si,176.0,Yes,0,0.0,1.0,224.4,110,63.81,15.02,11.0,
No,102.0,yes ,0,,1.0,91.5,108,39.39,13.87,12.7,2024-09-08
false,92.0,Yes,0,0.0,2.0,110.4,86,41.3,11.95,9.6,2024-11-20
no,55.0,yess,1,1.98,3.0,235.9,104,75.77,9.55,7.3,2025-08-07
si,132.0,yess,0,0.0,0.0,275.9,81,68.35,10.08,8.9,2024-02-13
No ,13.0,yes,1,,3.0,140.2,95,69.41,11.59,9.3,2026-05-28
No,32.0,Yes,0,0.0,1.0,177.5,66,52.43,12.32,10.3,2026-01-16
NO,84.0,Yes,0,0.0,2.0,189.9,87,49.86,9.72,11.7,2025-01-16
No ,182.0,yes,0,0.0,1.0,209.9,120,51.84,8.73,11.4,2023-03-01
No,124.0,yes,0,0.0,2.0,234.5,101,,9.89,13.1,2024-04-10
false,88.0,yes,1,2.44,3.0,228.8,88,84.76,12.42,9.0,2024-12-19
0,2.0,yess,0,0.0,2.0,250.3,119,55.58,7.46,9.7,2026-08-14
false,78.0,yes,1,2.42,1.0,224.5,74,87.87,14.41,9.0,error_system
No,8.0,yes,1,2.02,0.0,241.8,94,83.65,13.09,7.6,2026-07-03
false,133.0,yes,0,0.0,2.0,228.0,111,57.18,9.45,10.0,2024-02-03
no,152.0,YES,0,0.0,2.0,175.7,92,54.9,14.36,11.9,2023-09-28
NO,201.0,yes ,0,0.0,1.0,132.8,119,32.65,6.12,8.6,2022-10-16
No,173.0,Yes,1,2.56,3.0,212.9,115,76.99,8.17,9.4,2023-05-01
False,100.0,yes,1,3.51,1.0,266.0,93,92.53,7.41,13.0,2024-09-21
No,28.0,yes,0,0.0,0.0,183.1,83,44.87,7.61,11.9,2026-02-08
No,154.0,yess,0,0.0,2.0,179.6,66,47.87,10.4,12.8,2023-09-10
No,35.0,yes ,1,1.99,0.0,203.4,118,77.89,13.31,7.4,2025-12-20
No,80.0,yes,1,3.52,0.0,223.5,104,92.35,11.17,13.3,2025-02-10
False,35.0,Yes,0,0.0,2.0,87.4,111,40.33,13.3,9.8,2025-12-23
no,100.0,yes,1,2.21,1.0,259.3,135,,7.48,8.0,2024-09-23
Yes,83.0,No,0,0.0,1.0,345.9,54,80.77,12.5,13.3,2025-01-18
NO,115.0,yes,1,2.14,1.0,89.9,103,49.03,7.46,7.6,2024-06-11
no,171.0,Yes,0,0.0,3.0,50.0,90,23.8,8.11,9.6,2023-05-15
NO,143.0,yes,0,0.0,1.0,91.6,107,39.7,13.72,12.8,2023-11-30
No,141.0,yes ,0,0.0,3.0,218.4,77,55.35,10.68,11.3,2023-12-13
No,52.0,yes,1,1.23,4.0,159.8,113,61.52,12.66,4.3,2025-08-23
No,91.0,yess,0,0.0,6.0,203.8,107,50.25,7.16,11.3,2024-11-24
No,194.0,yes,0,0.0,1.0,121.3,128,31.0,5.74,12.5,2022-12-03
false,164.0,No,0,0.0,1.0,221.2,111,50.73,7.87,8.2,2023-07-03
NO,171.0,n0,0,0.0,1.0,142.3,139,44.12,11.43,10.9,2023-05-17
No,143.0,yes,0,0.0,3.0,127.4,102,39.47,8.37,9.4,2023-11-28
false,157.0,yes,0,0.0,,171.5,90,46.96,9.79,11.2,2023-08-24
false,144.0,yess,1,0.1,2.0,61.8,97,25.36,8.94,0.1,2023-11-22
si,204.0,YES,0,0.0,1.0,352.8,75,79.21,10.83,10.2,2022-09-25
True,200.0,yes ,0,0.0,,243.1,84,52.7,6.8,9.2,2022-10-26
NO,56.0,yes,0,0.0,0.0,184.9,94,54.46,12.52,10.5,2025-07-31
NO,2.0,yes,0,0.0,2.0,145.0,132,38.93,6.76,11.2,2026-08-11
NO,25.0,yes,0,0.0,1.0,224.6,111,55.53,9.59,9.3,2026-02-28
False,46.0,yes,0,0.0,3.0,168.9,71,50.79,10.16,5.8,2025-10-04
no,80.0,yes,0,0.0,,207.2,103,47.06,6.6,11.3,2025-02-13
false,43.0,YES,1,2.37,1.0,209.0,119,77.75,10.22,8.9,2025-10-25
false,143.0,yes,1,3.04,0.0,210.6,112,83.05,9.38,11.4,2023-11-26
No,161.0,yes,0,,2.0,184.6,113,54.04,12.07,5.6,2023-07-22
no,90.0,yes,0,0.0,3.0,124.0,117,40.52,9.67,6.4,2024-12-05
No,112.0,yes,1,3.07,1.0,211.3,101,88.99,12.69,11.6,2024-07-01
NO,167.0,no,0,0.0,3.0,148.6,82,39.99,7.41,12.4,2023-06-16
No,92.0,yes ,0,0.0,1.0,209.2,49,58.02,11.87,9.9,2024-11-16
No,27.0,yes ,0,0.0,2.0,216.4,111,56.97,11.77,8.9,2026-02-20
No,132.0,yes ,0,0.0,1.0,161.2,82,42.78,7.68,14.2,2024-02-16
si,113.0,yes,1,2.35,2.0,89.3,86,62.14,13.72,8.6,2024-06-26
SI,121.0,yes,0,0.0,5.0,145.6,118,37.84,8.05,9.0,2024-05-02
No,171.0,no,0,0.0,1.0,200.6,122,52.5,10.76,11.8,2023-05-18
False,96.0,yess,0,0.0,,203.8,102,59.31,12.14,11.0,2024-10-19
No,113.0,yes,0,0.0,1.0,118.3,82,40.79,9.4,11.6,2024-06-24
0,,yes,1,1.32,0.0,170.7,89,63.66,12.24,4.8,
True,64.0,Yes,0,0.0,1.0,247.0,96,62.83,12.42,13.7,2025-06-02
1,66.0,yess,0,0.0,1.0,289.8,104,70.94,11.69,9.1,2025-05-20
False,156.0,YES,0,0.0,6.0,153.5,89,49.52,13.29,11.0,2023-08-27
0,57.0,yes ,0,,1.0,133.6,134,41.55,10.3,7.8,2025-07-25
No ,173.0,YES,0,0.0,1.0,103.3,118,36.3,10.25,10.1,2023-04-30
no,152.0,yes,0,0.0,1.0,54.0,102,24.19,8.31,10.0,2023-09-26
0,4.0,yes,0,0.0,2.0,160.9,90,38.61,5.98,10.7,2026-07-30
No,151.0,yes,0,0.0,1.0,153.7,55,51.67,13.25,15.5,2023-10-04
no,144.0,yes,0,0.0,1.0,180.0,123,47.93,9.79,10.1,2023-11-24
No,195.0,no,0,0.0,2.0,154.6,113,,9.07,11.2,2022-11-26
0,26.0,Yes,0,0.0,1.0,146.0,102,,11.26,10.0,2026-02-22
NO,5.0,yes ,0,0.0,0.0,158.7,76,53.05,15.26,12.0,2026-07-21
Yes,201.0,yes,1,3.45,2.0,201.5,99,91.65,12.33,13.0,2022-10-19
No,105.0,Yes,0,0.0,2.0,145.6,109,41.31,9.69,16.4,2024-08-19
No ,20.0,yess,0,0.0,1.0,154.5,84,44.36,10.82,13.8,2026-04-05
false,101.0,n0,0,0.0,3.0,110.0,55,38.15,11.19,10.0,2024-09-19
YES,96.0,yess,0,0.0,0.0,337.3,120,76.89,11.3,15.9,2024-10-20
0,115.0,no ,1,3.31,1.0,185.9,109,80.44,8.55,12.1,2024-06-14
No,181.0,yes ,1,3.16,,92.0,87,64.05,9.8,11.6,2023-03-06
no,131.0,YES,0,0.0,3.0,200.4,93,53.76,10.73,7.2,2024-02-22
no,51.0,yes,0,0.0,2.0,248.7,109,58.22,8.51,9.6,2025-09-05
Yes,10.0,YES,0,0.0,2.0,174.0,96,51.56,12.48,8.3,2026-06-14
No,185.0,no,0,0.0,2.0,198.3,126,54.6,12.23,12.6,2023-02-05
No,175.0,yes,0,0.0,0.0,146.8,56,45.59,9.71,9.2,2023-04-16
false,171.0,yes,1,2.41,1.0,227.5,114,74.88,7.24,8.8,2023-05-18
no,60.0,Yes,1,2.91,2.0,150.3,98,76.07,12.32,10.7,2025-07-03
No,153.0,yes ,0,0.0,5.0,260.4,115,56.64,7.33,11.5,2023-09-20
true,7.0,yes,0,0.0,4.0,88.6,112,33.75,11.02,11.6,2026-07-05
NO,68.0,Yes,0,0.0,0.0,113.9,100,37.76,10.15,11.5,2025-05-04
0,131.0,yes,0,0.0,,185.9,99,43.45,5.88,7.4,2024-02-18
no,38.0,Yes,1,2.05,2.0,164.4,77,66.49,10.19,7.9,2025-12-04
No ,115.0,yess,0,0.0,3.0,156.9,99,41.33,6.86,3.8,2024-06-08
NO,95.0,yes,1,2.47,1.0,171.1,106,81.9,15.48,9.1,2024-10-28
No,136.0,YES,0,0.0,3.0,149.5,122,44.64,10.81,9.8,2024-01-15
No,55.0,yes,1,3.35,2.0,259.5,121,97.56,10.58,12.7,2025-08-02
No,,yes ,0,0.0,3.0,113.7,107,36.28,9.44,14.2,
false,,yess,0,0.0,1.0,225.9,113,59.16,12.43,7.1,2024-06-25
true,143.0,yess,0,0.0,0.0,205.5,98,50.62,9.54,8.9,2023-11-25
no,48.0,Yes,0,,0.0,212.4,77,57.74,12.61,13.9,2025-09-21
No,186.0,No,1,3.25,2.0,237.1,93,,8.23,12.3,2023-02-03
0,117.0,yes,1,2.49,1.0,153.8,109,71.33,12.26,9.1,2024-05-31
0,163.0,yes ,0,0.0,3.0,160.5,120,52.19,14.35,6.9,2023-07-10
no,17.0,yes,1,1.16,2.0,47.3,62,37.14,10.1,4.2,2026-04-29
No,108.0,yess,0,0.0,3.0,203.1,118,58.53,12.98,9.2,2024-07-31
false,31.0,yes,0,0.0,1.0,215.6,77,55.35,10.26,5.6,2026-01-23
No,39.0,yes,0,0.0,0.0,206.9,80,52.73,9.69,11.1,2025-11-25
No,110.0,Yes,1,2.15,3.0,215.0,78,78.68,11.74,8.0,2024-07-19
false,80.0,no,1,2.9,1.0,172.5,138,74.2,9.15,10.6,2025-02-11
0,65.0,YES,0,0.0,1.0,164.7,93,52.56,12.82,10.1,2025-05-29
False,149.0,yes ,0,0.0,0.0,148.5,91,42.41,9.61,12.3,2023-10-19
no,129.0,yes,1,2.63,0.0,158.7,122,74.7,12.89,9.6,2024-03-06
False,185.0,yes,0,0.0,0.0,195.0,92,52.42,10.56,11.1,2023-02-07
SI,101.0,yes,0,0.0,2.0,276.8,102,63.44,9.58,7.5,2024-09-20
0,201.0,YES,1,2.95,2.0,249.2,94,93.61,12.83,10.8,2022-10-18
0,4.0,yes,1,3.04,2.0,122.4,96,74.82,13.57,11.2,2026-07-30
No ,148.0,yes,1,2.39,2.0,178.1,109,75.21,11.45,9.2,2023-10-25
No,108.0,Yes,0,0.0,3.0,205.5,107,55.9,11.65,7.7,2024-07-29
false,6.0,YES,0,0.0,,211.8,125,57.74,12.45,14.4,2026-07-16
no,105.0,yes,0,0.0,1.0,203.2,65,55.88,12.36,12.0,2024-08-20
0,186.0,YES,0,0.0,1.0,159.6,108,45.24,10.95,12.5,2023-02-03
0,170.0,yes,0,0.0,0.0,210.8,115,54.35,10.58,9.6,2023-05-26
no,-7.0,yes ,0,0.0,4.0,208.9,125,57.27,12.44,14.2,2026-10-15
No,94.0,yes,0,0.0,1.0,233.1,64,57.95,10.49,9.2,2024-11-06
Si,15.0,YES,0,0.0,4.0,157.1,133,45.76,9.24,8.7,2026-05-14
NO,181.0,yess,0,0.0,1.0,164.7,131,50.11,12.55,12.5,2023-03-07
0,102.0,yes,1,2.37,1.0,189.1,114,78.37,12.67,8.9,2024-09-09
False,155.0,Yes,0,0.0,0.0,171.9,85,51.04,12.76,5.8,2023-09-02
No,145.0,yes,0,0.0,1.0,210.7,88,51.29,8.65,8.7,2023-11-13
No,2.0,yes ,1,1.81,4.0,168.4,124,70.93,13.38,6.7,2026-08-14
No,146.0,yes ,0,0.0,1.0,197.6,73,51.87,10.5,7.9,2023-11-04
No,194.0,yes,0,0.0,3.0,145.0,114,40.33,8.09,7.2,2022-12-03
No,106.0,yes,0,0.0,1.0,242.8,47,59.9,9.63,11.7,2024-08-10
SI,136.0,yes,0,0.0,4.0,167.8,71,46.77,10.66,10.7,2024-01-15
no,166.0,yess,0,0.0,2.0,84.9,82,36.01,12.11,12.5,2023-06-18
False,48.0,YES,0,0.0,5.0,234.5,81,,10.44,15.0,2025-09-22
No,148.0,no,0,0.0,0.0,233.7,102,60.21,11.0,12.7,2023-10-26
yes,176.0,yes,0,0.0,3.0,268.3,113,64.87,11.11,11.3,2023-04-08
Yes,56.0,yess,0,0.0,1.0,294.2,89,76.26,14.73,10.8,2025-07-31
yes,81.0,No,1,3.74,3.0,129.0,89,73.95,8.37,13.5,2025-02-06
NO,43.0,n0,0,0.0,1.0,271.6,85,67.41,10.75,11.8,2025-10-31
Yes,22.0,yes,0,0.0,1.0,219.5,91,56.22,11.13,10.2,2026-03-24
false,99.0,Yes,0,0.0,2.0,183.7,93,49.78,9.13,12.8,2024-10-04
Yes,145.0,n0,0,0.0,4.0,185.5,113,49.04,10.02,13.9,2023-11-13
0,0.0,yess,0,0.0,3.0,171.0,83,43.13,8.3,12.8,2026-08-27
No,16.0,yes,1,2.04,1.0,305.2,121,94.4,12.5,7.5,2026-05-03
False,189.0,YES,1,1.59,2.0,185.5,138,64.65,10.18,5.9,2023-01-12
YES,82.0,YES,0,0.0,1.0,236.6,124,62.04,12.27,13.8,2025-01-29
0,36.0,yes ,0,0.0,,171.2,83,43.62,8.39,12.8,2025-12-16
Yes,,n0,1,3.76,4.0,293.4,102,104.16,9.91,13.9,
0,53.0,yes,0,0.0,1.0,228.7,102,54.3,8.38,10.0,2025-08-21
No,22.0,yes,1,2.33,0.0,166.5,93,66.18,9.09,8.5,2026-03-27
No,6.0,Yes,1,1.33,2.0,183.4,75,,8.99,5.0,2026-07-16
No ,177.0,yes,0,0.0,2.0,171.2,79,38.93,5.48,11.9,2023-04-06
NO,73.0,YES,0,0.0,,137.1,109,44.02,11.9,13.8,2025-04-01
False,53.0,yes,1,2.44,2.0,162.5,75,63.72,6.83,8.8,2025-08-19
False,178.0,yes,0,0.0,2.0,57.6,95,34.61,14.39,12.1,2023-03-29
0,77.0,yes,0,0.0,0.0,196.2,87,49.55,9.55,16.2,2025-03-01
No,187.0,no,0,0.0,0.0,128.1,91,38.83,10.3,8.3,2023-01-27
No ,182.0,yes,0,0.0,1.0,232.0,107,59.41,10.62,13.2,2023-02-27
SI,42.0,NO,1,2.96,4.0,158.7,121,,10.46,11.0,2025-11-01
yes,150.0,yes,0,0.0,1.0,234.5,103,65.77,14.05,2.1,2023-10-08
True,187.0,no ,0,0.0,0.0,292.5,78,65.53,9.42,14.5,2023-01-25
No,,yes ,0,0.0,1.0,164.3,135,41.12,7.19,12.6,2025-06-08
No,168.0,yes ,1,1.93,1.0,196.8,106,73.33,12.3,7.3,2023-06-08
No ,74.0,yes,1,3.59,0.0,199.4,98,85.28,8.69,13.4,2025-03-28
false,78.0,Yes,1,3.5,2.0,191.6,83,79.69,6.05,13.3,2025-02-23
false,124.0,yes,0,0.0,1.0,192.9,77,46.84,9.24,5.9,2024-04-10
true,186.0,no,0,0.0,4.0,125.9,106,33.74,6.44,6.3,2023-02-03
No ,198.0,yess,0,0.0,1.0,184.0,141,52.97,12.23,8.9,2022-11-05
No,1.0,yess,1,3.06,4.0,223.7,88,92.44,12.79,11.4,2026-08-16
No,87.0,yes,0,0.0,3.0,244.3,72,62.5,11.99,8.9,2024-12-22
No,98.0,yes,0,0.0,1.0,88.1,141,37.17,10.7,9.2,2024-10-09
false,57.0,yes,0,0.0,1.0,107.5,114,42.35,12.37,8.9,2025-07-23
SI,172.0,Yes,0,0.0,1.0,290.1,103,70.36,11.74,8.9,2023-05-09
1,62.0,no,0,0.0,0.0,233.3,79,57.49,9.28,9.6,2025-06-18
No ,62.0,yes,0,0.0,1.0,190.1,107,46.3,7.58,7.4,2025-06-16
No,153.0,yes,1,3.46,2.0,190.1,75,90.95,13.48,12.6,2023-09-17
Yes,115.0,no,0,0.0,0.0,242.0,101,72.31,17.6,11.3,2024-06-14
false,91.0,Yes,1,3.9,2.0,283.5,104,,11.24,14.4,2024-11-28
NO,19.0,yess,0,0.0,0.0,89.0,102,35.65,9.76,11.0,2026-04-17
false,,yes,0,0.0,1.0,204.4,49,55.85,11.23,12.8,2025-12-24
Yes,180.0,yess,0,0.0,4.0,175.9,129,38.71,5.15,10.4,2023-03-11
NO,26.0,yes ,1,,1.0,225.3,114,75.23,7.29,8.9,2026-02-23
No,49.0,yes,1,2.83,2.0,175.5,87,74.61,9.53,10.4,2025-09-16
false,98.0,yes,0,0.0,2.0,193.5,97,44.62,5.88,9.4,2024-10-06
0,50.0,yes ,0,0.0,2.0,139.9,100,46.29,13.27,3.5,2025-09-12
0,110.0,yess,0,0.0,0.0,176.7,121,39.08,4.8,10.7,2024-07-18
No,156.0,yes,0,0.0,2.0,195.9,56,48.81,7.43,12.9,2023-08-29
No,1.0,YES,0,0.0,3.0,127.0,113,31.81,6.63,10.7,2026-08-15
SI,119.0,yes,0,0.0,2.0,266.0,90,64.64,10.49,14.0,2024-05-11
No,45.0,yess,0,0.0,1.0,71.1,95,28.52,8.93,12.2,2025-10-11
False,188.0,yes,1,3.81,2.0,243.8,126,103.56,13.67,14.1,2023-01-14
No,120.0,yes,0,0.0,1.0,140.3,131,45.12,10.48,8.0,2024-05-04
No,28.0,yess,1,2.65,0.0,132.3,112,68.35,10.34,9.5,2026-02-13
false,84.0,YES,0,0.0,2.0,221.1,101,58.24,9.28,11.9,2025-01-12
Yes,120.0,yes,0,0.0,4.0,60.0,116,20.38,3.82,8.1,2024-05-06
False,39.0,Yes,0,0.0,1.0,175.5,144,48.3,10.8,10.0,2025-11-24
false,59.0,yes,0,0.0,1.0,294.0,127,65.66,6.29,9.7,2025-07-08
1,59.0,yes,1,3.11,,150.2,84,71.48,8.48,11.5,2025-07-10
0,124.0,yes,0,0.0,3.0,78.4,117,33.63,10.01,9.7,2024-04-06
No,120.0,yes,0,0.0,1.0,146.1,122,41.51,8.77,7.7,2024-05-08
No,191.0,yes,0,0.0,1.0,177.8,128,56.75,15.14,7.6,2022-12-24
no,120.0,yes,0,0.0,1.0,218.9,140,53.15,7.92,11.4,2024-05-05
si,122.0,yes ,1,1.73,2.0,190.3,96,60.72,6.09,6.4,2024-04-22
no,80.0,yes,1,2.51,3.0,146.7,71,,8.53,9.3,2025-02-13
False,155.0,yes,0,0.0,2.0,43.5,108,20.89,7.45,9.8,2023-09-07
No,,YES,0,0.0,3.0,228.6,120,65.12,14.72,0.1,
false,84.0,yes,0,0.0,3.0,193.5,103,48.58,9.14,9.8,2025-01-17
Yes,87.0,yes,1,3.01,4.0,134.6,113,70.02,10.5,11.1,2024-12-21
0,56.0,n0,0,0.0,2.0,181.9,126,45.6,8.73,12.0,2025-08-01
No,102.0,yes,0,0.0,3.0,185.7,119,47.94,10.21,14.1,2024-09-13
No,,yess,0,0.0,0.0,245.3,104,55.89,7.96,7.1,2025-01-20
false,138.0,YES,0,0.0,2.0,191.5,100,45.7,7.7,11.3,2023-12-31
No,1.0,yes,0,0.0,1.0,79.3,119,34.57,9.95,12.0,2026-08-21
false,153.0,yes,1,2.78,0.0,142.1,95,69.4,10.33,10.0,2023-09-22
no,4.0,Yes,1,2.99,1.0,140.5,76,71.13,9.65,11.0,2026-07-30
Si,52.0,yes,0,0.0,2.0,265.0,116,64.36,9.74,7.4,2025-08-24
NO,142.0,yes,0,0.0,2.0,234.5,101,56.0,9.9,8.3,2023-12-06
yes,137.0,n0,0,0.0,1.0,254.6,128,55.98,7.13,12.2,2024-01-11
No,81.0,yes,0,0.0,1.0,210.9,79,54.08,8.75,15.5,2025-02-03
1,15.0,yess,0,0.0,2.0,313.8,101,,8.39,5.8,2026-05-10
SI,132.0,yes,0,0.0,0.0,240.8,81,,13.48,10.1,2024-02-13
no,40.0,yes,1,1.89,,133.8,113,58.83,11.1,6.6,2025-11-15
no,192.0,yes,0,0.0,5.0,281.4,127,66.44,9.02,15.2,2022-12-21
0,126.0,yes ,1,2.32,1.0,117.6,100,,7.28,8.6,2024-03-25
0,100.0,yes,1,1.95,3.0,193.3,106,68.54,9.74,6.9,2024-09-25
No ,5.0,yes,0,0.0,1.0,178.0,109,41.16,4.55,9.6,2026-07-18
0,138.0,yes,0,0.0,1.0,163.7,90,45.29,10.52,12.2,2023-12-31
No,148.0,yes,0,0.0,1.0,206.2,122,53.73,10.83,6.8,2023-10-23
False,184.0,yes,0,0.0,4.0,222.0,126,57.5,10.32,7.0,2023-02-17
No,23.0,Yes,0,0.0,,309.7,97,61.5,3.32,9.2,"Mar 16, 2026"
0,105.0,yes,1,2.4,1.0,157.0,109,71.77,12.08,9.1,2024-08-21
No ,12.0,yes,0,0.0,,234.7,85,55.53,6.97,9.6,2026-05-31
0,169.0,yes,0,0.0,1.0,163.9,89,46.19,10.63,12.1,2023-05-28
NO,207.0,yes ,0,0.0,4.0,196.9,62,45.04,6.76,13.3,2022-09-05
no,138.0,yes,1,3.24,2.0,145.1,34,79.22,13.17,11.9,2024-01-02
No,81.0,yes,1,2.98,2.0,194.0,104,82.59,11.59,11.1,2025-02-04
0,26.0,YES,0,0.0,3.0,114.1,107,36.08,9.45,13.9,2026-02-25
No,105.0,yes,0,0.0,4.0,182.0,80,51.67,12.16,7.5,2024-08-18
no,29.0,yes,1,3.0,2.0,209.4,129,77.15,6.51,11.0,2026-01-31
no,51.0,yes,0,0.0,2.0,202.6,81,49.18,8.42,9.2,2025-09-04
false,109.0,YES,0,0.0,2.0,184.2,113,54.17,11.98,5.5,2024-07-23
false,182.0,Yes,0,0.0,1.0,258.5,112,60.14,8.79,15.3,2023-03-03
0,207.0,no,0,0.0,1.0,214.6,77,57.19,12.08,10.0,2022-09-06
False,162.0,yess,0,0.0,3.0,75.0,116,34.06,12.54,9.5,
No,-27.0,yes,0,0.0,1.0,159.2,104,35.18,4.52,7.3,2027-02-28
SI,60.0,no ,0,0.0,2.0,281.6,89,69.33,12.48,8.5,2025-07-03
0,163.0,YES,0,0.0,0.0,197.0,106,47.82,8.52,13.9,2023-07-10
False,86.0,no,0,0.0,0.0,132.9,79,36.63,8.2,10.8,2024-12-28
No ,85.0,YES,0,0.0,,127.7,77,41.17,10.79,14.2,2025-01-10
No ,18.0,yes,1,2.82,1.0,215.1,139,82.31,9.84,10.7,2026-04-18
No,192.0,yes,0,0.0,2.0,231.9,86,49.4,5.13,11.3,2022-12-23
NO,17.0,yes,0,0.0,2.0,198.5,89,57.53,12.66,11.3,2026-04-25
0,76.0,No,0,0.0,4.0,218.2,111,57.84,11.39,12.0,2025-03-12
false,184.0,Yes,1,3.15,1.0,128.3,105,76.48,12.36,11.9,2023-02-14
False,59.0,yes ,0,0.0,,182.6,65,55.61,14.09,5.0,2025-07-10
No,150.0,yes,0,0.0,3.0,167.6,97,48.2,11.15,12.8,2023-10-09
false,194.0,yes,1,4.2,2.0,146.5,103,75.24,4.51,15.5,2022-12-07
no,109.0,yes ,0,0.0,2.0,102.0,119,27.21,5.75,11.3,2024-07-21
No,188.0,yes,0,,2.0,196.0,96,48.77,9.44,12.6,2023-01-20
No,169.0,yes ,0,0.0,3.0,210.4,94,53.13,7.57,7.7,2023-05-29
0,4.0,yes,0,0.0,2.0,170.6,103,51.29,12.69,10.4,2026-07-27
no,21.0,YES,0,0.0,1.0,163.0,112,56.75,14.49,7.3,2026-03-29
si,119.0,yes ,0,0.0,5.0,127.2,70,41.71,10.67,10.4,2024-05-12
No ,,yes,0,0.0,0.0,104.7,149,40.43,12.61,14.8,2026-05-25
No,25.0,yes ,1,4.76,1.0,97.3,137,80.08,9.78,17.6,2026-03-03
No ,83.0,Yes,0,0.0,3.0,205.3,87,59.45,13.97,10.9,2025-01-21
Yes,34.0,NO,0,0.0,3.0,149.6,69,41.17,8.67,17.8,2026-01-02
False,193.0,yes,0,0.0,4.0,206.4,115,51.01,8.68,10.0,2022-12-15
No,89.0,yess,0,0.0,2.0,89.5,78,34.52,8.87,9.6,2024-12-13
0,9.0,yes,0,0.0,3.0,234.1,104,47.27,4.0,5.8,2026-06-24
No,165.0,YES,1,3.28,1.0,167.0,138,71.31,5.56,12.3,2023-06-27
No,108.0,YES,1,,2.0,181.9,76,59.19,8.91,4.7,2024-07-30
No,7.0,yess,1,1.71,1.0,228.9,101,80.71,12.78,6.3,2026-07-08
No ,42.0,yes,1,4.45,0.0,80.7,93,75.31,9.92,16.6,2025-11-07
No,111.0,yess,0,0.0,1.0,238.0,83,58.22,9.89,11.0,2024-07-07
No,120.0,yes,1,2.69,1.0,187.5,65,78.5,10.57,10.0,2024-05-07
0,153.0,yes,0,0.0,1.0,166.9,119,45.42,9.95,9.8,2023-09-21
False,171.0,YES,0,0.0,0.0,233.9,108,53.34,7.12,12.5,2023-05-13
No,,yess,0,0.0,4.0,217.1,92,54.22,9.45,10.4,2023-01-02
False,202.0,yes,0,0.0,0.0,204.3,96,57.39,12.02,14.4,2022-10-12
no,185.0,yes ,0,0.0,4.0,210.2,114,51.71,8.55,9.8,2023-02-09
true,15.0,no,0,0.0,1.0,177.0,110,45.69,8.48,7.7,2026-05-11
No,150.0,YES,0,0.0,0.0,105.3,128,40.5,12.99,8.7,2023-10-09
False,20.0,yes ,0,0.0,,149.5,105,43.79,9.9,9.2,2026-04-10
Si,124.0,Yes,0,0.0,2.0,272.8,85,65.47,10.67,13.2,2024-04-09
YES,121.0,no,0,0.0,1.0,287.9,118,70.83,13.03,10.1,2024-04-29
No,80.0,yess,0,0.0,0.0,109.6,89,36.66,10.32,11.5,2025-02-08
False,195.0,yes,1,2.95,1.0,79.4,140,60.58,10.3,10.8,2022-11-28
No,152.0,Yes,1,3.38,1.0,254.1,129,101.34,14.37,12.1,2023-09-23
yes,123.0,yess,0,0.0,2.0,249.0,116,68.23,15.25,9.2,2024-04-19
1,16.0,n0,0,0.0,1.0,243.2,119,65.16,11.6,9.7,2026-05-04
NO,10.0,yes,0,0.0,1.0,222.1,84,51.81,8.32,13.3,2026-06-16
false,74.0,yes ,0,,1.0,192.1,72,50.92,10.44,8.8,2025-03-26
False,109.0,yes,1,,2.0,219.9,92,,9.21,11.2,2024-07-22
No,119.0,YES,1,3.04,3.0,73.1,163,56.93,8.28,11.0,
No,20.0,yes,1,2.71,3.0,310.9,87,92.39,7.46,10.0,2026-04-09
No,147.0,yes,1,3.25,2.0,251.1,87,92.67,9.97,12.2,2023-11-01
No,100.0,yess,0,0.0,1.0,147.0,107,,8.54,5.2,2024-09-26
no,164.0,yes,0,0.0,2.0,143.4,108,40.68,8.75,8.1,2023-07-04
no,135.0,Yes,0,0.0,1.0,235.2,121,58.59,10.92,11.7,2024-01-26
false,144.0,yes,0,0.0,1.0,164.1,108,50.78,11.73,9.3,2023-11-22
no,25.0,Yes,0,0.0,0.0,183.7,119,42.03,6.08,11.0,2026.03.05
No,189.0,Yes,0,0.0,0.0,160.9,94,51.25,13.83,8.8,2023-01-08
No,138.0,YES,0,0.0,1.0,102.9,94,34.13,9.52,14.3,2024-01-04
NO,205.0,yes,1,2.69,0.0,121.3,115,64.46,9.38,10.0,2022-09-17
false,177.0,yes ,0,0.0,0.0,42.6,78,32.76,13.22,9.9,2023-04-02
True,178.0,YES,0,0.0,3.0,242.2,83,62.86,12.2,10.0,2023-03-27
No,134.0,yes,0,0.0,1.0,149.7,98,45.31,11.67,12.6,2024-02-01
No,9.0,yes,0,0.0,3.0,135.0,96,43.19,11.61,7.6,2026-06-25
true,162.0,yess,0,0.0,5.0,227.5,115,52.42,6.12,4.5,2023-07-15
No,77.0,yes ,0,0.0,2.0,141.3,91,40.57,7.19,7.9,2025-03-01
false,69.0,yess,1,2.06,3.0,150.3,112,59.52,8.04,7.5,2025-05-02
no,126.0,yes,0,0.0,2.0,212.5,94,52.55,6.87,10.0,2024-03-29
0,202.0,yes,0,0.0,1.0,96.9,98,36.12,11.31,10.5,2022-10-13
No,86.0,yes,1,2.4,1.0,241.5,136,86.15,11.7,9.1,2025-01-02
False,37.0,YES,1,2.78,2.0,252.5,105,86.27,9.4,9.8,2025-12-06
no,137.0,yes,0,0.0,1.0,198.0,108,51.72,10.09,9.0,2024-01-07
Yes,103.0,yes,0,0.0,5.0,242.0,87,61.94,11.27,8.3,2024-09-03
No,69.0,Yes,0,0.0,1.0,208.0,88,,8.62,8.8,2025-04-28
False,193.0,YES,0,0.0,2.0,187.2,109,48.01,9.75,4.9,0000-00-00
No,168.0,YES,1,2.64,1.0,225.4,104,79.16,8.63,9.7,2023-06-09
NO,26.0,yes,1,1.97,2.0,165.9,81,72.04,13.67,7.6,2026-02-27
yes,125.0,yes,1,2.96,4.0,129.6,113,70.03,10.46,11.1,2024-04-01
0,118.0,yes,1,4.46,2.0,208.3,110,90.4,5.82,16.5,2024-05-19
NO,177.0,Yes,1,2.28,0.0,179.1,104,72.64,11.29,8.6,2023-04-05
No ,178.0,yess,1,1.76,2.0,283.2,92,80.04,8.88,6.3,2023-03-26
SI,99.0,yes,0,0.0,7.0,146.4,82,,9.43,8.0,2024-10-02
no,132.0,Yes,1,4.05,,217.8,78,,8.26,14.9,2024-02-15
No,202.0,yess,0,0.0,1.0,206.4,122,,10.81,6.8,2022-10-12
no,52.0,yes,0,0.0,2.0,195.0,97,48.79,9.3,12.7,2025-08-29
No,164.0,yes,0,0.0,2.0,232.1,105,55.58,8.76,12.5,2023-07-06
yes,98.0,NO,0,0.0,2.0,134.7,95,34.57,6.65,12.4,2024-10-05
no,142.0,yes,0,0.0,1.0,203.9,110,45.62,6.4,11.0,12-04-2023
false,113.0,yes,0,0.0,1.0,81.6,76,29.68,8.27,7.3,2024-06-28
No,71.0,yes,0,0.0,3.0,254.3,111,60.66,9.32,11.5,2025-04-15
True,178.0,yes,0,0.0,0.0,239.7,83,52.05,6.73,9.4,2023-03-26
0,179.0,yess,0,0.0,1.0,115.9,128,36.79,8.38,12.7,2023-03-19
No,4.0,NO,1,2.16,1.0,233.6,75,83.64,13.17,7.8,2026-07-28
SI,57.0,yes,0,0.0,4.0,179.5,101,45.53,8.53,13.8,2025-07-25
No,59.0,Yes,0,0.0,2.0,120.9,81,37.51,9.19,10.7,2025-07-11
yes,85.0,yes ,0,0.0,4.0,142.6,78,32.78,4.41,8.8,2025-01-06
No ,,yess,0,0.0,1.0,108.4,69,42.84,13.47,12.5,2023-06-23
no,51.0,yes,0,0.0,3.0,241.0,88,61.12,11.77,6.2,2025-09-02
False,36.0,yes,1,3.05,1.0,261.1,97,94.38,11.01,11.4,2025-12-18
0,24.0,yes,1,4.31,0.0,239.5,112,102.49,10.18,16.4,2026-03-08
0,150.0,Yes,0,0.0,0.0,211.1,150,53.94,10.59,8.6,2023-10-11
No,191.0,yes,0,0.0,2.0,209.6,104,46.87,6.66,11.3,2022-12-29
0,182.0,YES,0,0.0,2.0,164.0,76,49.91,12.24,11.4,2023-03-03
No,78.0,YES,0,0.0,1.0,180.3,69,43.56,7.13,11.1,2025-02-26
0,25.0,yess,1,3.18,1.0,259.1,118,96.96,12.97,11.6,2026-03-04
NO,3.0,yes ,0,0.0,1.0,231.1,109,46.54,3.89,13.1,2026-08-05
false,0.0,YES,0,0.0,1.0,199.7,60,53.0,11.01,9.0,2026-08-27
0,119.0,yes,0,0.0,1.0,136.5,101,43.27,11.96,10.4,2024-05-16
No,163.0,YES,0,0.0,0.0,171.2,95,49.29,11.78,11.2,2023-07-11
No ,,yess,0,0.0,3.0,231.3,90,51.23,7.3,9.6,
No ,122.0,Yes,0,0.0,1.0,145.2,117,38.04,7.6,8.7,2024-04-26
No,168.0,yes,0,0.0,2.0,275.1,104,62.05,7.97,9.1,2023-06-09
NO,,yes,0,0.0,3.0,114.3,118,41.78,12.35,11.1,2024-10-27
SI,159.0,yes,0,0.0,1.0,229.4,141,62.81,13.38,8.8,2023-08-05
No,41.0,yes ,0,0.0,2.0,191.2,101,55.39,12.53,9.5,2025-11-09
No,100.0,yes,0,0.0,0.0,77.0,87,,12.33,10.3,2024-09-23
No,117.0,no,0,0.0,2.0,120.2,57,41.32,11.63,11.4,2024-05-26
No,38.0,yes,1,2.82,2.0,177.7,87,74.17,9.41,10.4,2025-12-01
True,186.0,no,0,0.0,2.0,142.7,89,,8.9,16.8,2023-02-03
No,134.0,YES,0,0.0,2.0,120.5,81,36.72,9.2,11.0,2024-02-02
False,18.0,yes,0,0.0,3.0,233.0,121,65.23,14.51,0.1,2026-04-21
NO,29.0,no,1,2.93,1.0,199.4,110,88.64,14.7,11.0,2026-01-31
no,171.0,yess,0,0.0,2.0,152.0,117,43.38,10.0,11.0,2023-05-15
False,190.0,yes,1,3.78,0.0,221.7,105,90.25,8.05,14.0,2023-01-04
false,85.0,yes,0,0.0,1.0,260.6,104,61.12,8.02,11.8,2025-01-09
NO,43.0,yes,0,0.0,2.0,139.3,94,44.62,11.98,8.6,2025-10-31
No,124.0,yes,0,0.0,2.0,259.4,85,55.25,6.47,10.8,2024-04-07
true,152.0,yess,0,0.0,1.0,256.2,125,66.44,13.73,11.1,2023-09-27
No,159.0,yes,0,0.0,0.0,74.6,121,37.52,14.55,10.8,2023-08-10
No,67.0,yes ,0,0.0,0.0,205.4,87,48.48,6.48,14.0,2025-05-12
No,8.0,yes,0,0.0,0.0,159.9,109,52.33,12.88,10.1,2026-06-30
No,37.0,yess,0,0.0,3.0,152.2,97,34.11,4.48,11.0,2025-12-06
No,198.0,No,0,0.0,0.0,68.9,109,42.63,16.89,11.9,2022-11-11
No,157.0,no ,1,3.09,1.0,176.1,106,73.46,7.73,11.0,2023-08-24
no,61.0,no,0,0.0,1.0,143.8,116,43.9,10.91,11.6,2025-06-23
No,166.0,yes,0,0.0,3.0,169.2,70,51.07,10.3,5.9,2023-06-22
False,52.0,yes,1,3.08,1.0,238.3,84,86.8,8.3,11.1,2025-08-24
No,180.0,yes ,1,0.1,1.0,149.4,95,,7.6,0.0,2023-03-17
No,15.0,yes,1,2.28,0.0,290.9,100,90.23,10.2,8.7,2026-05-11
No,23.0,yes,0,0.0,3.0,124.1,81,38.5,10.09,6.8,
False,168.0,Yes,1,2.59,2.0,160.8,84,72.73,11.1,9.6,
0,12.0,yes,1,4.13,1.0,192.9,96,94.34,11.97,15.1,2026-06-04
NO,89.0,Yes,0,0.0,0.0,222.4,123,48.37,5.55,10.6,2024-12-08
0,75.0,yes,0,0.0,2.0,129.0,97,38.16,9.29,1.0,2025-03-15
false,189.0,yess,0,0.0,0.0,160.8,138,49.5,11.18,11.2,2023-01-09
NO,20.0,yes,1,3.41,2.0,215.0,91,81.91,6.97,12.3,2026-04-10
false,48.0,yess,0,0.0,0.0,126.2,125,31.92,5.85,10.8,2025-09-20
No,67.0,yes,0,0.0,0.0,193.8,100,52.88,9.54,11.3,2025-05-15
false,107.0,Yes,0,0.0,7.0,164.1,82,48.47,12.64,9.7,2024-08-05
No,14.0,yes,1,3.73,0.0,221.2,104,90.06,8.01,14.0,2026-05-18
False,114.0,Yes,1,3.04,1.0,239.8,80,81.54,6.08,11.1,2024-06-17
No,12.0,yes ,0,,0.0,148.4,89,42.08,9.55,12.1,2026-05-31
No,188.0,yes,1,3.03,1.0,183.5,116,72.3,6.35,11.3,2023-01-14
No ,88.0,YES,0,0.0,0.0,138.1,118,42.91,10.14,13.4,2024-12-16
no,73.0,YES,0,0.0,2.0,134.8,110,43.81,9.88,13.3,2025-04-04
No,77.0,yes,0,0.0,1.0,187.9,110,41.32,5.61,13.3,2025-03-02
No,176.0,YES,1,1.4,3.0,139.2,101,55.11,10.61,4.9,2023-04-10
No,178.0,YES,0,0.0,2.0,194.2,123,56.6,12.18,9.8,2023-03-29
False,21.0,yes ,0,0.0,0.0,224.5,87,50.6,7.01,6.4,2026-04-01
false,106.0,yes,0,0.0,1.0,232.8,105,57.83,8.56,13.0,2024-08-15
no,171.0,yess,0,0.0,2.0,244.7,115,55.82,8.37,11.1,2023-05-17
yes,8.0,yes ,0,0.0,2.0,291.4,98,71.0,11.07,14.0,2026-06-27
NO,158.0,YES,0,0.0,1.0,251.3,88,57.73,8.8,5.5,2023-08-14
No,6.0,yes,1,3.64,1.0,209.6,95,92.43,11.76,13.5,2026-07-14
No,171.0,yes,1,2.53,1.0,231.5,39,80.86,9.32,9.4,2023-05-18
No,186.0,yes,0,0.0,1.0,149.3,145,43.17,9.79,14.9,2023-02-02
No,114.0,yes,1,2.36,2.0,176.3,93,,9.41,8.6,2024-06-19
Si,107.0,Yes,0,0.0,1.0,273.8,69,65.57,11.41,9.5,2024-08-06
NO,,yes,0,0.0,0.0,175.3,61,48.39,10.04,11.2,
NO,27.0,yes,0,0.0,1.0,259.8,87,67.69,12.97,5.8,2026-02-15
False,99.0,Yes,0,0.0,1.0,261.8,108,52.96,5.11,9.8,2024-10-01
Yes,84.0,YES,0,0.0,4.0,172.7,123,43.9,8.67,12.5,2025-01-14
No,23.0,Yes,0,0.0,2.0,138.1,85,47.84,14.23,14.0,2026-03-14
NO,1.0,yes,1,3.23,1.0,126.7,104,75.84,12.41,11.9,2026-08-16
YES,34.0,yes,1,3.16,4.0,136.5,116,74.64,12.25,11.4,2025-12-30
No,35.0,Yes,0,0.0,1.0,142.7,117,38.06,7.68,8.5,2025-12-24
No,132.0,yes,0,0.0,3.0,188.8,126,39.62,4.5,15.3,2024-02-15
No,29.0,yess,0,0.0,0.0,215.6,93,54.71,10.83,11.4,2026-02-02
No,117.0,Yes,0,0.0,1.0,124.5,98,38.01,9.0,8.0,2024-05-25
No ,24.0,yes,0,0.0,1.0,189.6,105,48.84,9.11,13.1,2026-03-11
No,191.0,no,0,0.0,3.0,169.4,114,41.06,7.53,10.0,2022-12-26
No,85.0,n0,1,2.56,4.0,242.7,117,86.56,10.82,9.7,2025-01-07
No ,137.0,yes,1,2.45,1.0,154.3,68,67.44,8.67,9.0,2024-01-11
no,181.0,yes ,0,0.0,2.0,154.6,113,49.26,12.92,11.9,2023-03-08
No ,66.0,yes,0,0.0,3.0,133.4,121,28.82,3.33,10.0,2025-05-23
No,164.0,yes,0,0.0,1.0,122.0,83,35.75,8.3,8.8,2023-07-04
0,147.0,yess,0,0.0,4.0,227.1,107,57.51,10.71,10.5,2023-10-30
no,178.0,yes,0,0.0,0.0,215.2,105,55.77,10.35,8.8,2023-03-25
0,99.0,yes,0,0.0,2.0,166.7,122,44.68,9.21,12.8,2024-09-29
No,187.0,yes,0,0.0,1.0,100.1,128,41.26,13.1,7.0,2023-01-23
SI,147.0,yes,1,2.78,2.0,107.2,77,62.63,9.06,10.4,2023-10-28
Si,19.0,YES,0,0.0,6.0,122.2,47,31.65,6.38,8.4,2026-04-11
No,33.0,yes ,0,0.0,1.0,108.1,128,46.02,14.2,14.9,2026-01-04
No,197.0,yes,0,0.0,0.0,157.6,102,49.02,13.01,14.1,2022-11-16
No ,11.0,yess,0,0.0,2.0,154.0,100,38.99,6.9,12.2,2026-06-10
NO,9.0,Yes,1,3.53,1.0,247.0,95,90.03,7.02,12.9,2026-06-21
No ,186.0,YES,0,0.0,0.0,191.2,102,44.13,6.0,9.1,2023-02-02
NO,94.0,No,1,3.12,1.0,142.0,140,76.55,12.14,11.3,2024-11-08
no,121.0,yess,0,0.0,2.0,198.2,91,45.68,5.93,6.1,2024-05-02
False,98.0,yes,0,0.0,2.0,191.9,98,56.56,12.73,7.2,2024-10-10
False,113.0,YES,1,2.45,0.0,162.3,113,70.07,10.26,9.2,2024-06-22
Yes,185.0,yes,0,0.0,3.0,267.8,104,61.3,7.99,13.8,2023-02-04
false,24.0,yes,0,0.0,0.0,163.2,138,43.83,7.69,11.5,2026-03-07
No ,116.0,yes,1,2.69,2.0,155.1,95,75.7,13.61,10.0,2024-06-02
False,185.0,yes,0,0.0,0.0,117.8,100,36.67,10.01,11.5,2023-02-06
no,147.0,yes,0,0.0,2.0,156.9,103,43.84,10.17,9.8,2023-11-03
no,160.0,Yes,0,0.0,2.0,196.9,93,52.91,10.47,10.5,2023-08-03
no,161.0,yess,0,0.0,1.0,143.2,115,50.35,12.42,13.6,2023-07-24
False,62.0,yes,0,0.0,1.0,223.4,68,60.25,12.44,7.8,2025-06-20
False,128.0,Yes,1,3.32,,183.9,137,80.1,9.12,12.3,2024-03-09
false,20.0,yes ,0,0.0,2.0,114.3,122,32.89,6.22,10.1,2026-04-08
0,168.0,no,1,3.2,,128.9,118,68.34,8.61,11.8,2023-06-06
No,105.0,yes ,0,0.0,4.0,225.4,87,58.79,11.1,13.0,2024-08-17
No,65.0,YES,1,2.61,0.0,120.2,100,65.4,11.6,9.6,2025-05-29
No,,yes,0,0.0,1.0,175.1,85,50.8,12.0,7.9,
No,11.0,yes,0,0.0,0.0,197.5,130,52.36,10.73,12.4,
1,107.0,yess,0,0.0,1.0,229.6,141,63.08,13.37,8.7,2024-08-09
no,194.0,yess,0,0.0,1.0,124.7,90,34.16,7.24,10.4,2022-12-09
No,94.0,Yes,0,0.0,1.0,146.6,81,48.09,11.19,8.5,2024-11-07
1,23.0,no,0,,3.0,148.4,68,40.42,8.58,17.9,2026-03-15
No,64.0,yes,0,0.0,3.0,101.9,100,29.25,6.75,15.7,2025-06-02
No,101.0,yes ,1,3.17,1.0,136.5,80,67.7,7.08,11.8,2024-09-15
True,76.0,no,0,0.0,4.0,236.2,98,62.12,12.57,7.2,2025-03-12
0,146.0,YES,1,2.45,1.0,153.9,109,71.99,12.19,9.0,2023-11-06
0,94.0,yes,0,0.0,0.0,195.1,57,51.21,9.91,14.9,2024-11-04
NO,177.0,yess,1,,2.0,218.4,92,77.92,11.06,8.0,2023-04-02
No,91.0,yes,1,2.86,1.0,183.6,126,76.74,9.84,10.4,2024-11-27
false,155.0,yes,0,0.0,0.0,83.9,116,33.43,10.98,8.9,2023-09-07
no,122.0,yes,1,2.59,2.0,177.3,88,72.18,9.06,9.5,2024-04-22
No,178.0,Yes,1,2.63,2.0,152.3,95,77.6,13.76,9.8,2023-03-25
0,133.0,yess,0,0.0,1.0,205.8,64,56.22,12.26,12.2,2024-02-05
False,166.0,yess,0,0.0,1.0,96.2,126,29.42,7.34,10.8,2023-06-21
1,184.0,no,0,0.0,0.0,234.8,81,58.18,9.39,9.7,2023-02-17
Yes,42.0,yes,0,0.0,2.0,238.0,46,65.34,14.07,8.6,2025-11-02
No,92.0,no,0,0.0,0.0,141.0,116,50.57,13.77,10.9,2024-11-22
No ,128.0,yes,0,0.0,3.0,117.9,105,38.33,8.41,12.2,2024-03-10
No,43.0,yes,0,0.0,1.0,164.8,116,45.72,9.73,8.1,2025-10-29
No,160.0,yes,0,0.0,2.0,180.7,58,55.1,14.03,5.8,2023-08-01
YES,108.0,Yes,0,0.0,0.0,225.1,106,55.08,9.02,11.7,2024-07-28
no,155.0,yes,1,2.42,1.0,210.9,112,80.95,12.5,8.7,2023-09-04
No ,39.0,yes ,0,0.0,0.0,210.9,58,57.67,12.1,12.1,2025-11-25
0,171.0,yes,0,0.0,3.0,123.1,74,44.95,13.91,15.5,2023-05-13
false,29.0,Yes,0,0.0,1.0,172.5,77,50.71,12.78,16.2,2026-02-04
NO,18.0,yess,1,2.48,2.0,205.0,126,83.01,13.26,9.3,2026-04-24
No ,32.0,yes,1,2.05,1.0,195.0,92,76.61,12.73,7.8,2026-01-15
NO,90.0,yess,0,0.0,1.0,163.3,116,44.73,9.91,8.0,2024-11-30
False,91.0,yes,1,1.81,1.0,216.1,123,79.79,14.27,7.0,2024-11-24
no,122.0,YES,1,2.57,3.0,158.3,107,66.78,8.37,9.4,2024-04-25
0,40.0,YES,0,0.0,2.0,155.2,75,41.65,8.6,12.5,2025-11-15
NO,24.0,yes,1,3.08,2.0,96.7,56,64.45,10.16,11.4,2026-03-08
si,178.0,yes,0,0.0,,252.1,121,66.24,13.33,13.0,2023-03-29
false,178.0,yess,0,0.0,1.0,264.8,82,61.27,9.05,8.6,2023-03-30
No,29.0,yes ,1,,2.0,191.8,73,90.45,13.48,12.7,2026-02-05
No,151.0,yes,1,2.34,2.0,206.0,97,70.72,6.89,8.7,2023-10-06
no,67.0,yes,0,0.0,0.0,210.5,80,60.16,11.93,12.2,2025-05-10
No,156.0,no ,0,0.0,0.0,107.4,76,28.73,6.25,12.9,2023-08-29
0,134.0,YES,1,2.47,1.0,158.2,83,66.28,8.11,9.5,2024-01-27
No,182.0,yes,0,0.0,1.0,274.6,150,63.23,9.31,13.7,
No,26.0,YES,0,,1.0,161.1,110,44.53,8.23,9.1,2026-02-24
0,,no ,0,0.0,0.0,142.2,116,50.72,13.46,10.8,2023-09-20
No,114.0,n0,0,0.0,0.0,126.1,93,39.41,10.32,8.3,2024-06-15
No ,83.0,yes ,1,2.09,1.0,172.4,111,,10.01,8.1,2025-01-19
No,89.0,yes,1,2.61,2.0,122.3,92,68.06,11.84,9.7,2024-12-12
No,81.0,yes,0,0.0,1.0,203.9,125,50.55,9.08,13.7,2025-02-01
Yes,15.0,no,0,0.0,0.0,163.8,117,50.96,11.56,13.5,2026-05-09
False,92.0,yes ,0,0.0,1.0,168.8,109,51.75,11.82,9.3,2024-11-16
Yes,38.0,no,1,3.65,1.0,196.2,112,84.63,8.55,13.5,2025-12-01
0,105.0,yes ,1,2.69,0.0,226.2,120,91.16,14.56,9.8,2024-08-17
No ,99.0,no,0,0.0,1.0,247.7,88,57.5,9.46,11.3,2024-10-03
No ,163.0,yes,1,3.81,4.0,164.2,126,84.86,10.85,14.1,2023-07-11
No,56.0,yess,0,0.0,1.0,145.2,90,41.07,9.76,5.9,2025-07-29
no,192.0,no,1,2.25,0.0,125.4,94,69.7,14.8,8.4,2022-12-17
False,1.0,NO,1,3.27,1.0,158.1,109,74.06,8.62,12.1,2026-08-15
No,5.0,yes ,0,0.0,2.0,190.9,62,51.21,11.32,7.9,2026-07-23
No,16.0,yes,1,,0.0,261.7,114,85.04,10.87,7.8,2026-05-06
No,97.0,yess,0,0.0,3.0,262.7,108,57.17,6.71,10.7,2024-10-14
false,122.0,yes,1,2.48,1.0,221.5,74,87.13,14.37,9.1,2024-04-26
true,6.0,yes ,0,0.0,1.0,211.6,129,54.49,10.39,5.4,2026-07-17
0,134.0,yes,0,0.0,0.0,148.6,118,41.49,9.02,9.8,2024-01-30
NO,176.0,yes,0,0.0,2.0,217.0,94,52.81,7.58,9.3,2023-04-13
No,26.0,n0,0,0.0,1.0,269.7,78,62.64,10.18,5.8,2026-02-24
no,203.0,yess,1,3.11,1.0,239.7,84,86.68,8.24,11.4,2022-10-06
False,45.0,YES,0,0.0,3.0,206.6,113,55.25,11.29,8.4,2025-10-11
yes,117.0,no ,0,0.0,2.0,101.4,107,47.45,15.42,13.6,2024-05-25
No,25.0,no ,0,0.0,3.0,117.5,85,39.63,11.41,10.0,2026-03-01
No,153.0,No,0,0.0,4.0,197.6,126,47.42,7.91,9.9,2023-09-22
Yes,126.0,yess,0,0.0,5.0,146.1,119,39.21,8.13,9.1,2024-03-27
1,103.0,no,1,4.14,2.0,221.1,136,102.4,13.2,15.4,2024-09-05
No,1.0,yes,0,0.0,3.0,153.0,81,51.08,14.33,5.9,2026-08-16
NO,109.0,yess,0,0.0,1.0,154.9,111,51.54,14.54,13.9,2024-07-24
No,191.0,yes,1,2.7,0.0,239.0,81,84.76,10.24,9.9,2022-12-29
0,178.0,YES,0,0.0,1.0,259.6,113,59.24,8.9,15.2,2023-03-26
false,101.0,yes,0,0.0,1.0,208.1,48,58.13,11.79,9.6,2024-09-18
Yes,59.0,NO,0,0.0,1.0,234.0,140,62.85,13.15,9.6,2025-07-11
No,59.0,Yes,1,3.32,3.0,105.1,89,72.11,12.13,12.2,2025-07-10
No,31.0,YES,0,0.0,3.0,243.5,91,56.41,8.45,11.9,2026-01-18
0,99.0,Yes,0,0.0,0.0,142.8,127,37.17,7.3,8.1,2024-09-30
NO,8.0,yess,1,3.08,1.0,182.2,91,79.48,10.61,11.3,2026-06-28
0,63.0,yes ,0,0.0,3.0,224.1,67,59.2,12.12,12.3,2025-06-10
False,0.0,Yes,1,4.12,,243.8,150,92.81,6.03,15.0,2026-08-23
Yes,16.0,yes,0,0.0,,272.2,86,64.84,10.57,13.0,2026-05-06
No ,163.0,yes,0,0.0,1.0,276.2,113,57.52,6.05,11.7,2023-07-14
No,164.0,yes,1,1.71,1.0,120.4,96,54.58,9.65,6.4,
0,103.0,yes,1,2.87,1.0,183.1,126,76.19,9.72,10.5,2024-09-04
No,180.0,yes,0,0.0,0.0,169.3,110,40.59,6.93,12.1,2023-03-15
no,182.0,Yes,0,0.0,2.0,170.5,90,46.69,7.88,11.6,2023-03-03
No,195.0,yes ,0,0.0,1.0,144.2,89,39.38,6.92,12.9,2022-12-02
No ,11.0,YES,0,0.0,3.0,183.9,116,44.43,7.54,12.3,2026-06-10
Yes,176.0,yes,0,0.0,5.0,58.1,93,21.78,6.95,12.0,2023-04-10
YES,145.0,YES,0,0.0,1.0,270.6,111,69.13,13.53,8.4,2023-11-16
False,20.0,yes,0,0.0,3.0,166.3,97,46.7,11.04,12.9,2026-04-09
False,81.0,yess,0,0.0,2.0,105.5,94,31.47,7.03,6.6,2025-02-05
No ,96.0,yes,0,0.0,1.0,152.1,92,42.56,9.69,13.0,2024-10-25
NO,130.0,NO,0,0.0,1.0,269.7,120,60.4,8.47,8.2,2024-02-27
no,100.0,yes,0,0.0,2.0,179.5,78,45.72,9.08,9.1,2024-09-22
no,47.0,Yes,1,2.77,1.0,125.2,101,66.63,9.58,10.3,
False,144.0,Yes,0,0.0,1.0,208.4,85,60.21,12.73,12.6,2023-11-24
Yes,46.0,NO,0,0.0,2.0,225.3,97,57.55,11.51,17.5,2025-10-06
Si,121.0,yes,0,0.0,3.0,264.9,105,61.48,7.91,13.8,2024-04-27
0,0.0,no,0,0.0,1.0,203.8,82,53.98,9.52,9.1,2026-08-26
0,56.0,yes,1,1.17,4.0,162.2,113,61.74,12.45,4.3,2025-07-30
false,26.0,yes,0,0.0,2.0,55.2,97,33.82,14.49,12.0,2026-02-27
False,79.0,No,0,0.0,1.0,61.7,92,33.98,13.76,10.7,2025-02-17
NO,2.0,Yes,1,2.79,3.0,247.8,108,80.95,6.21,10.4,2026-08-14
no,186.0,Yes,0,0.0,2.0,242.8,100,50.32,5.17,9.2,2023-01-29
False,206.0,Yes,1,2.88,2.0,188.5,105,74.23,7.71,10.3,2022-09-16
Yes,,no ,0,0.0,,244.1,102,60.95,11.38,13.9,2022-11-11
No,36.0,YES,0,0.0,3.0,148.6,93,34.69,5.67,11.4,2025-12-19
No,144.0,yes ,1,2.86,1.0,108.3,132,66.99,11.54,10.7,2023-11-24
No ,55.0,yess,0,0.0,1.0,211.4,110,57.24,11.76,2.7,2025-08-06
NO,196.0,yes,0,0.0,1.0,171.9,93,49.33,8.74,11.3,2022-11-22
No,198.0,yes,0,0.0,3.0,268.7,120,56.93,6.45,13.1,2022-11-11
si,178.0,no,1,2.37,5.0,124.2,97,59.63,8.49,8.8,2023-03-28
false,15.0,yes,0,0.0,1.0,106.6,128,46.03,14.24,14.9,2026-05-11
NO,142.0,yes,0,0.0,3.0,172.3,91,46.85,9.93,11.1,2023-12-02
no,,yes ,0,0.0,2.0,155.0,105,41.79,8.74,11.8,2023-01-09
false,180.0,yes ,0,0.0,1.0,219.8,69,57.27,11.68,10.6,
0,103.0,yes,0,0.0,0.0,155.7,94,44.87,10.43,10.1,2024-09-04
no,,yes,0,0.0,2.0,119.7,92,39.49,11.06,8.7,
NO,202.0,yes,0,0.0,1.0,164.8,94,52.58,12.8,9.9,2022-10-08
No ,120.0,Yes,0,0.0,5.0,282.3,127,65.49,9.01,15.2,2024-05-04
No,,YES,0,0.0,4.0,210.5,114,51.37,8.69,9.9,
False,96.0,yes,1,3.89,2.0,283.1,103,106.99,11.22,14.5,2024-10-23
Yes,124.0,yes ,0,0.0,3.0,253.9,93,67.23,13.26,8.8,2024-04-06
false,65.0,no,0,0.0,1.0,260.8,86,66.01,11.1,12.9,2025-05-26
yes,3.0,yes,0,0.0,5.0,147.6,118,39.2,8.08,8.8,2026-08-06
True,69.0,yes,1,3.8,4.0,155.1,98,74.33,5.96,13.9,2025-05-02
0,144.0,yes ,1,0.1,1.0,164.5,121,44.57,9.46,0.0,2023-11-18
0,3.0,yess,0,0.0,2.0,257.0,134,58.58,9.11,6.2,2026-08-02
si,180.0,NO,1,2.3,5.0,158.8,95,69.06,10.48,8.8,2023-03-16
No,198.0,Yes,0,0.0,2.0,215.2,94,53.63,9.17,9.9,2022-11-09
0,35.0,Yes,0,,1.0,162.2,102,48.48,11.92,10.6,2025-12-20
false,21.0,yes,1,4.02,0.0,220.2,79,92.29,8.13,15.2,2026-03-28
0,189.0,yes,0,0.0,0.0,108.5,107,42.58,12.36,7.1,2023-01-13
False,39.0,yess,0,0.0,1.0,217.8,65,56.35,10.9,5.2,2025-11-26
false,207.0,yes,0,0.0,1.0,221.0,113,56.71,10.91,10.9,2022-09-03
No,178.0,yes,1,,1.0,233.5,100,79.24,13.0,6.3,2023-03-29
No,52.0,yess,0,0.0,1.0,244.3,76,56.53,9.15,12.9,2025-08-23
yes,162.0,no,1,,0.0,222.6,88,88.27,8.12,13.5,2023-07-18
yes,45.0,yes,1,3.7,1.0,174.3,103,87.83,12.35,13.5,2025-10-13
False,76.0,YES,0,0.0,1.0,71.7,74,31.03,10.36,9.8,2025-03-13
No ,135.0,yes,0,0.0,1.0,131.1,69,41.01,10.42,11.1,2024-01-24
False,19.0,YES,1,3.94,1.0,64.4,75,66.96,9.28,14.6,2026-04-12
0,167.0,yes,1,4.13,0.0,215.9,105,95.69,10.01,15.5,2023-06-16
0,137.0,yes,0,0.0,3.0,72.0,115,34.35,12.62,9.5,2024-01-08
no,101.0,yes ,1,2.95,0.0,61.3,101,48.59,5.13,11.2,2024-09-20
No,203.0,yess,1,2.71,2.0,237.7,88,85.79,10.5,10.0,2022-10-05
false,137.0,yes,1,1.04,0.0,199.2,117,65.14,12.6,3.9,2024-01-08
False,125.0,yes,0,0.0,2.0,189.3,91,42.71,4.58,13.8,2024-04-05
No,11.0,yes,0,0.0,0.0,211.1,128,45.88,5.27,14.1,2026-06-08
false,180.0,no,0,0.0,2.0,159.4,62,44.37,10.33,9.1,2023-03-15
No,130.0,yess,0,0.0,3.0,189.2,101,52.65,11.97,9.8,2024-02-29
no,51.0,yess,0,0.0,2.0,233.2,106,53.98,8.79,12.4,2025-09-02
no,102.0,yess,1,3.84,0.0,190.0,87,90.04,11.12,14.3,2024-09-10
false,114.0,YES,1,3.25,3.0,316.1,104,104.61,10.56,12.3,2024-06-21
false,202.0,yes ,0,0.0,2.0,156.2,102,45.42,9.97,9.5,2022-10-14
No,32.0,yes,0,0.0,1.0,215.7,75,49.75,7.33,12.1,2026-01-15
1,158.0,yes,0,0.0,0.0,221.8,111,63.92,13.83,7.2,2023-08-16
No,95.0,yes,0,0.0,1.0,156.3,115,45.85,9.83,7.2,2024-10-29
SI,170.0,no ,0,0.0,3.0,134.4,107,39.13,9.16,12.8,2023-05-25
si,131.0,yes,0,0.0,6.0,127.1,115,41.38,10.82,6.3,2024-02-17
No,197.0,yes,0,0.0,2.0,166.9,100,37.68,5.83,12.8,2022-11-13
No,21.0,YES,1,2.01,3.0,149.8,112,60.03,8.19,7.6,2026-03-31
False,151.0,YES,0,0.0,1.0,165.6,111,48.81,11.79,15.6,2023-10-06
No,132.0,yes ,0,0.0,0.0,59.8,96,28.17,10.14,10.5,2024-02-16
No,109.0,YES,0,0.0,1.0,218.3,79,54.4,9.82,3.7,2024-07-20
no,79.0,YES,0,0.0,0.0,158.2,117,36.49,5.88,11.9,2025-02-18
True,13.0,yes,1,2.55,4.0,92.0,87,60.74,11.7,9.4,2026-05-24
false,3.0,yes,1,3.01,1.0,156.3,97,75.46,11.18,11.4,2026-08-04
Si,99.0,yes ,0,0.0,4.0,273.4,128,69.28,12.0,8.7,2024-10-03
0,183.0,yes,0,0.0,2.0,109.0,87,30.45,6.98,11.0,2023-02-20
0,169.0,yes ,0,0.0,1.0,188.8,119,51.81,9.7,6.6,2023-05-27
NO,56.0,YES,1,3.73,0.0,203.7,92,84.76,7.84,13.7,2025-07-28
No ,29.0,yes,0,0.0,0.0,229.7,101,56.45,8.04,12.4,2026-02-02
no,171.0,yes,0,0.0,1.0,165.5,85,37.96,2.83,7.4,2023-05-14
SI,117.0,YES,0,0.0,1.0,322.0,98,69.14,8.49,8.0,2024-05-30
no,112.0,yes,0,0.0,1.0,217.6,124,64.45,14.94,9.7,2024-06-29
No,50.0,YES,1,3.42,,144.5,72,76.92,10.54,12.5,2025-09-11
no,,yes,0,0.0,0.0,209.0,78,61.4,13.1,10.7,2024-10-26
False,146.0,yes ,0,0.0,4.0,235.9,124,57.23,10.0,9.8,2023-11-07
False,123.0,no ,0,0.0,1.0,198.6,89,49.06,9.41,7.8,2024-04-17
No,23.0,yes,0,0.0,2.0,114.2,93,32.87,7.51,9.6,2026-03-17
0,11.0,yes,0,0.0,2.0,241.3,98,49.32,4.16,13.8,2026-06-10
No,190.0,Yes,0,0.0,0.0,260.4,104,59.93,9.1,3.3,2023-01-06
0,82.0,Yes,1,1.63,1.0,282.6,92,80.61,9.21,6.1,2025-01-28
Yes,198.0,Yes,0,0.0,1.0,131.6,95,37.9,8.97,15.3,2022-11-05
No ,168.0,yes,0,0.0,1.0,208.4,151,48.3,7.37,6.1,2023-06-07
yes,23.0,YES,0,0.0,3.0,257.6,44,62.44,10.86,7.9,2026-03-18
no,102.0,yes,0,0.0,,100.3,98,31.96,9.57,9.8,2024-09-10
No ,61.0,yess,1,0.68,0.0,178.9,83,,11.14,2.5,2025-06-23
0,173.0,YES,0,0.0,1.0,96.1,108,38.0,13.18,7.3,2023-04-30
No ,170.0,Yes,1,2.41,2.0,176.0,76,66.84,8.79,8.9,2023-05-25
Si,125.0,yes,0,0.0,7.0,128.1,121,,9.92,12.2,2024-04-05
0,134.0,yes,1,2.65,1.0,144.2,107,69.09,9.61,9.9,2024-01-30
No,77.0,Yes,0,0.0,3.0,255.5,111,60.75,9.92,7.0,2025-03-05
False,113.0,yes ,0,0.0,1.0,152.9,66,48.06,11.26,3.4,2024-06-23
no,158.0,NO,0,0.0,1.0,65.7,112,27.91,10.2,8.9,2023-08-18
no,129.0,yes,1,3.12,2.0,270.0,83,93.69,8.74,11.6,2024-03-03
No,79.0,NO,0,0.0,1.0,162.4,96,51.08,12.17,7.7,2025-02-19
No,85.0,yes,0,0.0,1.0,141.4,71,37.33,7.69,8.2,2025-01-05
No,85.0,yes,0,0.0,1.0,196.7,109,,8.32,12.7,2025-01-06
false,72.0,yess,0,0.0,1.0,237.9,83,54.32,7.7,11.1,2025-04-06
NO,72.0,YES,1,2.8,1.0,189.9,65,,10.66,10.1,2025-04-06
No,1.0,yes ,0,,0.0,162.1,88,46.04,10.68,10.9,2026-08-21
No,116.0,yes,0,0.0,1.0,87.4,95,23.84,5.46,13.3,2024-06-05
No,150.0,yes ,0,0.0,1.0,173.5,74,42.26,7.57,5.5,2023-10-07
No,6.0,Yes,1,2.8,1.0,214.5,107,79.22,8.4,10.0,2026-07-11
0,181.0,YES,1,4.42,1.0,186.5,108,106.56,16.66,16.4,2023-03-05
false,148.0,yes ,1,3.14,1.0,128.3,105,75.85,12.43,11.9,2023-10-22
NO,16.0,yess,1,3.63,2.0,97.8,123,67.9,8.52,13.3,2026-05-07
No,119.0,yes,0,0.0,2.0,190.7,110,46.17,7.7,10.1,2024-05-11
yes,80.0,yes,0,0.0,5.0,153.1,83,44.12,10.86,9.6,2025-02-08
NO,53.0,no ,1,1.54,2.0,127.2,53,54.87,10.77,5.8,2025-08-22
no,140.0,yess,0,0.0,1.0,153.9,145,42.38,9.18,10.5,2023-12-17
SI,57.0,No,1,3.97,0.0,174.5,84,,10.24,14.5,2025-07-21
No ,178.0,yes,1,3.89,2.0,185.6,105,88.38,9.86,14.5,2023-03-27
true,206.0,no,0,0.0,0.0,312.0,108,65.13,6.39,10.5,2022-09-13
no,186.0,yes,0,0.0,0.0,149.6,114,46.56,12.26,8.3,2023-02-02
No,163.0,yes,1,3.29,1.0,197.2,105,75.14,5.72,12.1,2023-07-10
No,41.0,yes,1,3.03,2.0,219.8,92,83.08,8.98,11.0,2025-11-09
0,200.0,yes,0,0.0,1.0,153.6,109,52.72,13.0,11.1,2022-10-22
Yes,71.0,no,1,4.51,0.0,179.4,57,95.54,10.73,16.9,2025-04-16
No,50.0,yes,1,3.04,0.0,216.9,94,80.12,6.93,11.2,2025.09.08
No,176.0,yes ,0,0.0,1.0,179.9,91,47.54,7.51,7.5,2023-04-10
no,5.0,yes,0,0.0,1.0,175.5,119,45.29,8.41,14.6,2026-07-18
False,184.0,yes,0,0.0,3.0,144.7,83,41.54,10.65,5.9,2023-02-14
No,12.0,YES,0,,3.0,209.9,112,59.13,11.99,9.2,2026-06-02
No,127.0,yes,0,0.0,1.0,169.4,81,44.79,9.27,10.2,2024-03-20
False,68.0,YES,0,0.0,1.0,206.9,139,53.93,10.7,12.0,2025-05-06
yes,142.0,yes,0,0.0,2.0,210.4,96,56.4,12.52,12.4,2023-12-08
no,45.0,yes,0,0.0,2.0,160.7,116,46.72,9.47,10.1,2025-10-15
Yes,4.0,yess,0,0.0,5.0,157.1,115,46.77,11.53,8.9,2026-07-25
No ,91.0,yes ,0,0.0,1.0,157.7,102,47.8,10.78,7.7,2024-11-23
No,107.0,yes,0,0.0,1.0,212.4,70,54.94,10.91,7.8,2024-08-03
No,103.0,yes,1,1.52,2.0,132.5,109,53.86,9.27,5.5,02/09/2024
No,47.0,yes,0,0.0,1.0,157.6,114,45.77,9.62,7.2,2025-10-01
1,194.0,n0,0,0.0,0.0,114.2,64,29.67,5.98,6.5,2022-12-05
No,40.0,yes ,0,0.0,1.0,235.3,82,54.11,7.57,11.3,2025-11-16
1,1.0,yes,0,0.0,2.0,292.8,88,76.87,13.54,11.0,2026-08-17
No ,59.0,yess,1,2.28,0.0,181.5,110,74.1,11.77,8.5,
no,0.0,yes,1,2.38,2.0,164.2,75,63.42,6.82,8.7,2026-08-23
NO,67.0,no,1,2.47,2.0,84.2,98,59.41,11.41,9.1,2025-05-10
Si,51.0,yes,0,0.0,1.0,240.1,154,64.6,13.59,13.6,2025-08-30
No,203.0,yes,0,0.0,0.0,231.0,96,57.68,10.32,12.0,2022-10-02
0,65.0,yess,0,0.0,2.0,226.3,122,63.64,12.95,8.7,2025-05-27
NO,183.0,yess,0,0.0,0.0,56.5,103,34.93,12.89,11.0,2023-02-18
No,149.0,yes,1,3.03,0.0,147.8,87,72.19,9.54,11.3,2023-10-19
No,42.0,yes,0,0.0,0.0,167.5,88,49.57,12.48,12.0,2025-11-05
yes,41.0,yes,0,0.0,1.0,95.2,85,35.33,10.55,12.5,2025-11-08
No,118.0,yes,0,0.0,1.0,135.6,87,35.44,7.07,15.4,2024-05-21
no,17.0,no,0,0.0,,146.5,137,40.07,7.93,8.6,2026-04-30
No,122.0,yes ,0,0.0,2.0,125.1,112,35.12,7.79,14.4,2024-04-20
False,83.0,yes,0,0.0,0.0,244.6,105,55.91,7.95,7.4,2025-01-18
No,131.0,YES,1,2.68,1.0,217.9,102,85.0,11.19,10.1,2024-02-17
NO,127.0,yes,0,0.0,0.0,177.3,142,51.35,12.44,9.5,2024-03-18
YES,93.0,yes,0,0.0,0.0,203.1,100,50.61,9.63,9.0,2024-11-10
1,2.0,yes,0,0.0,4.0,70.5,107,25.38,7.87,9.0,2026-08-10
No,32.0,yes,0,0.0,1.0,168.0,98,45.99,7.84,15.0,2026-01-10
No,47.0,Yes,1,3.45,,143.5,72,76.48,10.61,12.4,2025-09-27
False,144.0,no,0,0.0,4.0,220.3,111,56.35,11.3,11.9,2023-11-23
No,28.0,yes ,1,3.51,1.0,160.3,106,74.51,7.36,13.0,2026-02-11
No,3.0,yes,0,0.0,2.0,100.4,122,32.36,7.0,7.5,2026-08-03
SI,97.0,yes,0,0.0,2.0,184.4,59,54.31,13.06,12.3,2024-10-17
0,20.0,yes,1,2.1,3.0,155.0,110,63.92,9.4,7.9,2026-04-05
No,127.0,yes,0,0.0,0.0,78.8,86,,12.2,10.5,2024-03-22
NO,110.0,YES,0,0.0,0.0,177.8,115,55.79,14.58,9.8,2024-07-13
No,54.0,Yes,0,0.0,1.0,230.9,83,50.68,6.95,3.4,2025-08-11
false,117.0,no,0,0.0,1.0,278.3,118,70.8,11.94,8.3,2024-05-31
No,199.0,yes,0,0.0,0.0,218.5,93,55.97,10.7,11.3,2022-11-02
No,115.0,yes ,0,0.0,1.0,165.0,102,45.08,9.29,1.9,2024-06-09
No,111.0,yes,0,0.0,0.0,123.0,70,45.34,13.58,3.7,2024-07-09
No,161.0,YES,0,0.0,0.0,192.3,89,48.04,8.79,0.2,2023-07-25
no,171.0,yes,0,0.0,1.0,113.7,73,28.99,5.78,15.8,2023-05-16
No,189.0,yes,1,2.64,1.0,189.7,66,78.41,10.66,10.0,2023-01-09
Yes,95.0,yes,1,3.21,6.0,82.5,105,67.61,12.81,11.8,2024-11-01
NO,148.0,yes,0,0.0,3.0,140.9,82,41.78,10.55,6.0,2023-10-25
no,32.0,YES,0,0.0,2.0,153.2,75,40.51,8.55,12.8,2026-01-15
false,98.0,yes,0,0.0,1.0,162.7,91,46.7,10.68,12.1,2024-10-06
No,205.0,n0,0,0.0,0.0,216.4,87,55.28,10.34,10.9,2022-09-19
NO,195.0,yes,0,0.0,1.0,78.0,71,34.12,12.15,12.3,2022-12-02
No,181.0,yes,0,0.0,1.0,191.8,122,54.77,11.99,9.0,2023-03-09
false,109.0,yes ,0,0.0,2.0,224.6,110,55.39,10.04,11.5,2024-07-23
No,172.0,yes,0,0.0,4.0,191.1,88,49.96,9.77,9.7,2023-05-11
false,102.0,yes ,1,3.45,1.0,264.1,93,92.06,7.4,13.0,2024-09-10
No,175.0,yess,1,2.45,2.0,203.7,102,68.6,5.87,9.0,2023-04-16
False,57.0,yess,0,0.0,2.0,217.4,91,58.86,10.83,11.4,2025-07-20
No,97.0,yes,0,0.0,2.0,245.4,108,61.84,10.93,12.7,2024-10-16
No,191.0,No,0,0.0,1.0,188.8,100,46.79,8.07,13.1,2022-12-26
False,194.0,YES,0,0.0,0.0,198.3,88,49.8,9.41,16.0,2022-12-07
1,187.0,yes ,0,0.0,0.0,245.3,91,60.78,10.75,13.9,2023-01-26
No ,182.0,yess,0,0.0,3.0,222.9,117,55.84,9.68,11.1,2023-02-28
No,32.0,yes,1,3.07,2.0,176.3,65,75.21,8.61,11.3,2026-01-11
No,88.0,yes,1,2.17,3.0,155.9,117,67.53,9.82,8.4,2024-12-14
no,188.0,yes,1,1.8,3.0,205.1,96,64.82,6.82,6.5,2023-01-16
No,28.0,yes,0,0.0,,136.4,97,40.76,9.92,12.6,2026-02-12
no,46.0,yes ,0,0.0,1.0,225.6,121,62.13,13.51,13.0,2025-10-06
YES,138.0,no,0,0.0,0.0,218.3,56,50.84,5.86,12.5,2024-01-05
No,162.0,YES,1,2.66,1.0,182.2,79,76.58,10.78,9.9,2023-07-19
No ,153.0,Yes,1,2.57,2.0,166.3,135,69.6,8.68,9.5,2023-09-17
No ,171.0,yes,1,3.57,5.0,240.5,104,95.16,10.51,13.3,
No,115.0,Yes,0,0.0,0.0,241.0,79,56.89,9.58,9.0,2024-06-11
No,198.0,yes,0,0.0,2.0,113.2,79,31.44,7.59,10.8,2022-11-05
Yes,70.0,Yes,0,0.0,4.0,2.2,0,13.96,8.02,6.8,2025-04-24
NO,9.0,yes,1,2.79,5.0,228.4,116,91.03,13.39,10.6,2026-06-22
YES,3.0,no,0,0.0,1.0,275.3,121,64.22,9.69,7.2,2026-08-02
No ,146.0,no,1,2.48,0.0,217.3,138,74.46,7.31,9.3,2023-11-04
SI,30.0,no,0,0.0,0.0,245.4,110,60.4,10.35,13.1,2026-01-27
No ,42.0,yess,0,0.0,1.0,191.3,109,47.25,8.25,14.1,2025-11-03
No,206.0,Yes,0,0.0,1.0,144.0,106,52.06,15.93,11.1,2022-09-12
0,43.0,yes,0,0.0,0.0,123.8,98,39.54,10.2,18.9,2025-10-28
No,88.0,yess,1,2.71,3.0,185.0,115,77.55,9.96,10.5,2024-12-17
Yes,76.0,yes,0,0.0,1.0,300.8,106,72.44,11.57,5.8,2025-03-13
false,11.0,YES,0,0.0,4.0,188.4,76,50.13,11.0,9.4,2026-06-07
0,86.0,YES,1,3.26,1.0,211.4,114,83.22,7.97,12.3,2024-12-30
No,113.0,Yes,1,2.21,1.0,171.4,109,,6.87,8.3,2024-06-24
No,140.0,yes,0,0.0,1.0,83.8,118,39.07,12.4,14.6,2023-12-17
YES,123.0,YES,0,0.0,2.0,230.4,120,65.84,13.75,10.0,2024-04-13
No,130.0,yes,1,2.49,3.0,230.6,87,84.76,12.4,8.9,2024-02-27
No,66.0,Yes,0,0.0,2.0,122.3,130,39.53,10.83,16.1,2025-05-23
false,187.0,NO,1,2.66,0.0,95.2,111,58.65,9.12,9.9,2023-01-22
0,152.0,yes,0,0.0,2.0,146.5,109,41.16,9.62,16.6,2023-09-28
YES,182.0,yes,0,0.0,1.0,283.7,44,63.26,8.51,8.6,2023-03-02
No,192.0,yes,0,0.0,0.0,202.5,121,59.1,14.16,12.6,2022-12-23
NO,41.0,yes,0,0.0,2.0,71.7,120,35.05,13.48,11.7,2025-11-09
false,60.0,No,1,3.08,4.0,187.9,124,77.1,8.14,11.4,2025-07-04
No,171.0,yes,0,0.0,1.0,116.7,107,41.4,12.21,13.1,2023-05-15
False,127.0,yess,1,3.02,0.0,193.8,66,84.89,13.13,11.1,2024-03-16
No,201.0,yes,0,0.0,4.0,217.5,92,54.03,9.47,10.5,2022-10-18
False,136.0,no,1,3.5,1.0,216.2,80,93.41,12.56,12.7,2024-01-15
No,184.0,yes,1,2.1,0.0,162.1,86,65.11,10.12,7.3,2023-02-16
No,27.0,yes,0,0.0,3.0,171.1,91,46.88,9.99,11.3,2026-02-20
No,106.0,yess,1,2.93,1.0,190.4,111,78.07,8.89,11.1,2024-08-13
No,78.0,YES,0,0.0,2.0,137.1,108,39.9,8.92,6.7,2025-02-25
false,35.0,yes,0,0.0,2.0,155.5,107,44.86,8.69,8.5,2025-12-22
0,41.0,yes,1,2.46,1.0,230.0,81,83.53,11.67,9.0,2025-11-10
0,171.0,Yes,0,0.0,1.0,159.2,89,45.27,10.08,10.6,2023-05-13
NO,101.0,yes,0,0.0,2.0,220.0,76,53.78,7.27,7.4,2024-09-17
False,123.0,yes,0,0.0,2.0,157.9,106,44.66,8.49,8.7,2024-04-14
Si,187.0,yess,0,0.0,1.0,273.1,110,69.94,13.34,8.5,2023-01-23
false,193.0,Yes,0,0.0,3.0,38.7,79,19.96,7.64,14.3,2022-12-13
false,192.0,Yes,0,0.0,3.0,156.3,88,52.07,12.33,12.3,2022-12-18
No,,yes,0,0.0,0.0,213.3,106,63.27,13.56,7.4,
No,60.0,yess,1,3.52,1.0,237.7,100,96.18,11.51,13.3,2025-06-30
NO,203.0,yes,0,0.0,3.0,116.0,117,41.72,12.32,11.0,2022-10-05
false,10.0,yess,0,0.0,0.0,194.6,86,48.04,8.9,0.0,2026-06-16
No ,79.0,Yes,0,0.0,1.0,214.8,96,53.95,9.63,13.3,2025-02-20
NO,33.0,no,0,0.0,2.0,215.8,99,58.56,12.17,10.1,2026-01-05
No,157.0,yes ,0,0.0,0.0,129.9,71,24.99,2.36,9.1,2023-08-20
false,15.0,yess,0,0.0,2.0,127.0,132,34.91,7.87,8.5,2026-05-11
yes,201.0,n0,0,0.0,1.0,148.1,126,43.72,10.99,14.5,2022-10-18
No,22.0,yes,1,0.1,,61.2,99,25.4,8.86,0.0,2026-03-23
Yes,,yes,0,,1.0,270.4,69,65.59,11.37,9.6,
No,48.0,yes ,0,0.0,3.0,217.3,94,49.09,7.74,12.1,2025-09-26
0,27.0,yess,0,0.0,2.0,161.8,92,,8.49,7.9,2026-02-14
no,54.0,yes,0,0.0,1.0,202.2,92,49.0,8.24,8.8,2025-08-09
No,90.0,yess,1,2.12,0.0,223.1,99,78.9,11.83,8.1,2024-12-06
No,83.0,yes ,0,0.0,0.0,196.4,132,51.97,10.62,11.5,2025-01-19
No,57.0,yes,0,0.0,0.0,189.1,95,50.04,10.57,7.9,2025-07-19
No ,59.0,yes ,0,0.0,1.0,205.2,110,45.54,6.45,11.1,2025-07-10
No ,57.0,Yes,0,0.0,2.0,149.7,122,53.05,13.75,10.8,2025-07-19
false,206.0,no,1,2.68,0.0,182.4,131,,8.17,10.1,2022-09-16
No,160.0,yes ,1,,1.0,143.0,72,84.1,9.7,16.0,2023-08-02
No,174.0,yes,0,0.0,3.0,157.1,105,42.39,8.53,8.9,2023-04-25
No,1.0,Yes,1,2.52,0.0,213.1,110,80.92,10.68,9.3,2026-08-18
0,159.0,yes,1,2.1,3.0,242.7,71,80.34,10.13,7.8,2023-08-10
no,151.0,no,0,0.0,4.0,196.7,127,,7.76,9.9,2023-10-06
no,65.0,yes,0,0.0,3.0,276.2,94,61.91,8.25,2.2,2025-05-27
SI,124.0,yes,0,0.0,4.0,153.2,83,41.02,8.77,5.9,2024-04-07
0,187.0,No,0,0.0,3.0,150.1,106,54.44,14.75,10.2,2023-01-26
NO,204.0,Yes,0,0.0,3.0,226.0,116,55.42,9.62,11.6,2022-09-24
False,147.0,yes,0,0.0,1.0,169.5,117,56.55,15.83,10.0,2023-10-31
0,141.0,YES,1,3.03,2.0,218.2,91,83.62,8.94,11.0,2023-12-13
0,32.0,yes,0,0.0,1.0,144.7,92,43.53,10.41,11.9,2026-01-15
No,65.0,yes,0,0.0,1.0,108.5,121,,11.91,13.1,2025-05-26
yes,167.0,yess,1,2.52,1.0,179.7,144,75.15,10.94,9.3,2023-06-14
No,75.0,yes ,0,0.0,3.0,208.4,106,57.29,11.83,11.4,2025-03-21
False,206.0,no ,0,0.0,0.0,151.3,69,52.83,14.34,9.4,2022-09-13
False,158.0,yes ,0,0.0,0.0,150.8,81,,6.1,10.6,2023-08-15
No,66.0,yes,0,0.0,0.0,166.9,102,50.66,13.13,13.4,2025-05-20
si,197.0,yes,1,2.5,4.0,91.6,88,60.95,11.56,9.5,2022-11-18
false,169.0,no,0,0.0,,123.8,107,40.38,10.78,5.4,2023-05-28
Si,148.0,no,1,3.78,1.0,222.5,116,85.31,5.96,14.1,2023-10-21
False,179.0,yess,0,0.0,0.0,181.3,121,46.88,9.66,11.9,2023-03-21
false,13.0,no,1,3.24,1.0,157.7,111,74.69,8.51,11.9,2026-05-25
No,162.0,yess,0,0.0,2.0,185.8,93,49.81,10.52,8.4,2023-07-20
False,130.0,Yes,0,0.0,,198.6,108,52.3,9.08,8.8,2024-02-26
false,135.0,yes,0,0.0,1.0,178.5,97,45.22,9.34,8.0,2024-01-26
No ,157.0,yes,0,0.0,3.0,169.8,117,41.6,5.68,17.1,2023-08-24
Yes,46.0,yes,1,3.45,2.0,199.0,99,,12.3,12.9,2025-10-07
False,148.0,yes,0,0.0,1.0,173.9,73,43.37,7.74,5.2,2023-10-21
No,157.0,yes,1,3.5,3.0,133.0,93,75.2,10.33,13.0,2023-08-22
NO,81.0,yes,1,2.45,1.0,186.5,114,77.61,12.89,8.8,2025-02-05
No ,13.0,yes,1,1.64,8.0,212.2,116,71.43,11.69,5.8,2026-05-25
0,73.0,Yes,0,0.0,0.0,228.5,90,,3.68,4.7,2025-03-31
No,123.0,yes,0,0.0,3.0,209.8,91,55.85,10.78,9.7,2024-04-13
No ,172.0,yes,0,0.0,1.0,69.1,69,29.39,9.75,11.9,2023-05-06
No,207.0,yes ,0,0.0,2.0,122.2,147,41.02,11.69,4.6,2022-09-05
No,78.0,yes,1,2.79,1.0,174.0,101,79.35,12.27,10.3,2025-02-26
yes,88.0,no,0,0.0,3.0,204.8,82,49.1,8.3,13.3,2024-12-15
no,206.0,yess,0,0.0,0.0,134.8,113,37.74,8.27,9.7,2022-09-11
0,204.0,yes,0,0.0,0.0,205.0,114,54.72,9.09,7.1,2022-09-27
False,93.0,yes,1,3.01,1.0,235.3,61,92.63,13.12,11.2,2024-11-15
Yes,170.0,no,0,0.0,0.0,239.3,102,55.37,8.71,14.2,2023-05-21
No,36.0,yes,0,0.0,2.0,94.1,121,40.14,12.66,14.3,2025-12-14
false,56.0,YES,0,0.0,2.0,87.0,84,35.4,11.96,12.4,2025-08-01
Yes,205.0,yes,0,0.0,0.0,248.7,78,69.05,13.59,9.6,2022-09-21
NO,67.0,yess,0,0.0,0.0,88.6,96,32.49,11.1,12.6,2025-05-10
SI,116.0,No,0,0.0,1.0,344.9,81,76.09,10.13,11.8,2024-06-02
No ,167.0,yes,1,2.5,2.0,205.9,111,83.39,12.64,9.4,2023-06-12
No,38.0,yes,0,0.0,1.0,207.5,96,55.38,11.48,13.3,2025-11-30
No,129.0,YES,1,2.81,0.0,263.3,81,92.05,10.7,10.5,2024-03-02
no,0.0,yes,0,0.0,3.0,151.0,106,37.49,7.01,11.2,2026-08-25
1,114.0,no,0,0.0,1.0,195.4,107,55.02,12.5,13.0,2024-06-19
no,11.0,yes,0,0.0,1.0,174.8,111,55.44,14.17,13.0,2026-06-08
NO,124.0,yes,0,0.0,2.0,166.3,99,38.29,5.73,12.9,2024-04-08
No,,yes,0,0.0,4.0,233.5,73,57.13,9.05,10.3,2023-10-17
No,126.0,yes,1,0.1,,128.9,115,36.55,8.18,0.1,2024-03-23
NO,87.0,yes,1,1.31,1.0,38.8,115,32.94,7.23,5.0,2024-12-22
0,34.0,yess,0,0.0,3.0,149.2,71,44.41,10.61,12.7,2026-01-02
no,-14.0,yess,0,0.0,1.0,128.4,98,36.01,8.18,10.7,
No,131.0,yes,0,0.0,1.0,222.3,113,57.48,10.89,10.7,2024-02-19
no,178.0,YES,0,0.0,1.0,187.0,78,47.93,9.24,4.1,2023-03-31
True,163.0,YES,0,0.0,2.0,314.0,103,68.07,8.55,5.7,2023-07-08
No,202.0,yes ,0,0.0,1.0,223.9,122,55.27,8.24,11.1,2022-10-14
SI,124.0,yess,1,3.28,1.0,168.2,84,80.86,11.09,12.4,2024-04-06
No,28.0,yes,0,0.0,0.0,169.7,111,39.82,7.07,12.0,2026-02-08
No,26.0,NO,0,0.0,0.0,125.4,92,39.15,10.16,8.2,2026-02-25
no,141.0,yes,0,0.0,1.0,216.3,119,54.35,10.43,12.0,2023-12-09
No,201.0,yess,0,0.0,3.0,195.2,98,53.96,10.3,8.6,2022-10-18
False,29.0,yes,1,2.58,3.0,159.2,102,67.7,8.52,9.5,2026-02-02
No,81.0,no ,0,0.0,1.0,184.6,110,49.56,10.39,11.1,2025-02-05
No,42.0,yess,0,0.0,1.0,171.5,96,46.26,8.06,6.1,2025-11-05
No ,69.0,yes,1,2.32,0.0,168.0,128,70.94,11.35,8.5,2025-05-02
SI,180.0,yes ,0,0.0,4.0,169.8,124,43.74,8.71,12.4,2023-03-15
No,67.0,n0,0,0.0,3.0,115.3,85,39.64,11.39,9.9,2025-05-14
0,46.0,yes,0,0.0,2.0,169.2,128,40.22,6.28,2.9,
No,161.0,yes,0,0.0,3.0,135.1,103,37.71,8.72,7.4,2023-07-23
No ,188.0,yes,0,0.0,2.0,204.2,101,53.99,11.4,11.4,2023-01-16
No,27.0,yes,0,0.0,1.0,217.9,78,,10.28,5.6,2026-02-17
False,51.0,Yes,0,0.0,999.0,157.9,110,52.73,12.98,11.1,2025-09-04
false,108.0,yess,0,0.0,2.0,156.9,103,45.83,10.14,9.5,2024-07-30
No ,204.0,yess,1,4.58,1.0,114.5,83,75.23,5.45,16.7,2022-09-24
No,51.0,yes,0,0.0,4.0,249.6,89,67.71,11.83,9.8,2025-09-01
False,14.0,yes,1,1.14,2.0,52.4,62,37.54,10.02,4.1,
no,96.0,Yes,0,0.0,1.0,56.3,101,24.66,8.25,10.2,2024-10-25
False,,yess,0,0.0,2.0,188.1,119,53.57,11.75,9.9,
NO,190.0,yes ,0,0.0,1.0,274.8,150,63.36,9.38,13.5,2023-01-03
NO,95.0,YES,1,3.51,1.0,247.2,92,89.3,7.2,12.9,2024-10-26
No ,74.0,yes,0,0.0,0.0,173.3,64,48.42,9.8,10.6,2025-03-22
NO,40.0,yes,0,0.0,2.0,137.6,64,,10.4,9.3,2025-11-16
no,72.0,yes,0,0.0,1.0,177.5,82,49.14,10.7,11.0,2025-04-09
No,163.0,No,0,,0.0,179.2,123,48.6,9.69,8.4,2023-07-10
No,91.0,Yes,1,2.03,3.0,117.9,65,,12.93,7.5,
No,127.0,yes,0,0.0,0.0,207.1,89,50.66,6.78,9.9,2024-03-20
No,,yes ,1,1.59,8.0,208.4,116,71.62,11.66,5.9,2022-09-02
No ,32.0,YES,0,0.0,,144.9,132,42.98,10.51,14.7,2026-01-15
Yes,25.0,yes,0,0.0,5.0,119.2,124,45.24,12.33,13.6,2026-03-01
No,27.0,yes,1,3.07,1.0,237.7,61,93.15,13.07,11.2,2026-02-18
Si,57.0,no,0,0.0,1.0,216.1,61,54.42,10.32,17.5,2025-07-20
false,82.0,yes ,0,0.0,1.0,128.7,66,38.06,9.05,10.5,2025-01-29
False,17.0,yes,1,2.67,2.0,114.4,116,59.66,7.87,10.2,2026-04-27
no,206.0,YES,0,0.0,2.0,202.5,82,48.39,7.68,9.6,2022-09-11
0,148.0,yes ,0,,,151.8,66,48.16,11.25,3.5,2023-10-24
false,69.0,yes ,0,0.0,0.0,92.2,136,40.35,14.08,9.7,2025-04-26
No,49.0,yes,0,0.0,0.0,133.2,103,46.9,13.9,13.4,2025-09-17
False,115.0,yes ,0,0.0,0.0,242.2,83,56.59,8.68,9.7,2024-06-09
No,15.0,YES,1,1.72,2.0,281.2,93,80.25,8.86,6.4,2026-05-09
No ,67.0,yes,0,0.0,2.0,164.6,95,48.78,12.18,9.1,2025-05-13
false,84.0,yes,1,1.91,0.0,58.7,103,47.3,10.86,7.0,2025-01-17
NO,49.0,yes,0,0.0,0.0,134.8,114,43.33,12.05,8.5,2025-09-14
No,43.0,yes,0,0.0,0.0,7.6,99,16.07,6.7,12.0,2025-10-25
No ,22.0,yes,0,0.0,1.0,210.4,68,46.66,4.78,8.1,2026-03-27
No ,41.0,Yes,0,0.0,4.0,209.9,85,67.77,16.5,9.5,2025-11-11
No,110.0,yes,0,0.0,1.0,203.2,146,53.78,11.1,7.3,2024-07-17
0,75.0,NO,1,2.29,3.0,256.0,126,82.49,9.13,8.7,2025-03-20
No,188.0,yes,1,3.16,1.0,188.4,68,82.58,10.95,11.5,2023-01-16
No,85.0,Yes,0,,2.0,164.8,92,48.53,11.76,11.8,2025-01-06
false,169.0,YES,0,0.0,1.0,205.3,98,57.28,13.74,11.0,2023-05-31
false,69.0,yess,0,,1.0,189.1,101,48.32,10.09,12.3,2025-04-28
No ,145.0,yes ,0,0.0,0.0,176.1,146,43.87,8.04,9.2,2023-11-15
No,106.0,No,0,0.0,0.0,229.5,104,60.09,10.59,12.0,2024-08-15
0,105.0,yess,0,0.0,0.0,222.4,106,61.01,13.37,9.4,2024-08-19
NO,70.0,Yes,0,0.0,4.0,167.4,116,51.87,11.1,11.7,2025-04-19
No ,33.0,yes,1,1.64,2.0,105.9,61,,17.05,6.3,2026-01-09
true,65.0,no,1,3.87,3.0,125.1,91,83.02,13.91,14.2,2025-05-30
false,41.0,No,0,0.0,1.0,151.6,79,46.94,10.46,7.8,2025-11-13
True,18.0,yess,0,0.0,0.0,286.1,121,70.47,12.74,13.4,2026-04-18
No,175.0,yes,0,0.0,2.0,147.2,110,41.43,9.57,16.3,2023-04-17
No ,174.0,yes,0,0.0,0.0,162.5,81,48.6,12.38,8.9,2023-04-28
No ,82.0,yes,0,0.0,3.0,209.9,90,48.81,7.75,13.5,2025-01-29
no,43.0,yess,1,2.11,2.0,193.3,97,65.74,6.72,7.9,2025-10-28
0,157.0,yes,0,0.0,,216.6,96,,13.16,4.6,2023-08-25
False,131.0,no,1,3.14,2.0,234.3,128,87.9,9.66,11.4,2024-02-21
No,10.0,YES,1,1.55,2.0,105.9,65,53.56,11.33,5.6,2026-06-18
false,12.0,no,0,0.0,0.0,219.1,88,55.14,10.47,11.1,2026-06-03
0,58.0,yes,0,0.0,1.0,128.2,78,43.78,12.02,12.9,2025-07-18
NO,135.0,yes,0,0.0,1.0,102.3,118,37.0,10.28,10.2,2024-01-22
False,55.0,yes,0,0.0,2.0,157.2,122,45.86,11.08,8.7,2025-08-08
No,158.0,yes,0,0.0,2.0,250.9,73,61.86,8.5,10.7,2023-08-16
1,193.0,no ,0,0.0,1.0,62.2,112,25.85,9.07,10.6,2022-12-16
no,49.0,yes ,0,0.0,1.0,190.8,95,50.44,9.96,18.2,2025-09-19
Si,195.0,yes,0,0.0,4.0,272.0,129,71.0,11.89,8.6,2022-11-28
False,62.0,yes,0,0.0,0.0,197.9,89,54.0,12.08,4.0,2025-06-19
No ,61.0,No,0,0.0,2.0,160.7,62,45.47,10.5,9.2,2025-06-24
no,109.0,yes,0,0.0,1.0,187.0,100,48.84,10.01,12.4,2024-07-23
False,90.0,yes,0,0.0,3.0,228.7,126,61.58,12.91,8.9,2024-12-03
false,18.0,Yes,0,0.0,2.0,138.4,128,41.56,10.9,10.1,2026-04-22
false,168.0,YES,1,1.55,8.0,210.1,117,71.37,11.71,6.0,2023-06-07
1,154.0,Yes,0,0.0,4.0,115.9,96,37.3,9.9,11.7,2023-09-13
No,72.0,yess,1,2.67,3.0,188.4,83,78.57,10.97,10.0,2025-04-06
No ,96.0,yes,0,0.0,1.0,69.7,117,24.32,6.86,6.3,2024-10-24
No,57.0,yess,1,2.4,2.0,203.7,97,71.02,6.86,8.7,2025-07-22
false,155.0,yes ,0,0.0,,171.1,102,53.58,13.84,15.2,2023-09-07
No,127.0,yes ,1,2.67,1.0,284.0,97,91.97,9.63,10.0,2024-03-19
No,163.0,yes,1,3.29,2.0,189.4,117,74.62,6.45,12.0,2023-07-13
false,200.0,yes,0,0.0,2.0,252.5,119,55.41,7.52,9.3,2022-10-25
NO,156.0,no,0,0.0,0.0,146.9,89,51.72,15.26,8.9,2023-08-30
No,64.0,yes,0,0.0,3.0,230.6,99,57.82,10.55,12.4,2025-06-01
No,71.0,no,0,0.0,1.0,204.4,82,55.02,9.51,9.3,2025-04-15
false,71.0,yes,1,2.85,2.0,192.3,85,69.48,4.51,10.4,2025-04-12
No,69.0,YES,0,0.0,1.0,144.1,78,41.69,8.26,10.5,2025-04-29
si,79.0,no,0,0.0,2.0,239.1,77,60.68,11.02,13.0,2025-02-18
False,2.0,no,0,0.0,2.0,143.4,80,35.5,6.16,8.1,2026-08-10
no,117.0,yes,1,3.4,2.0,155.1,92,78.94,10.82,12.6,2024-05-27
false,114.0,yes,0,0.0,1.0,63.4,91,29.42,9.58,11.3,2024-06-17
No,9.0,Yes,0,0.0,,231.3,122,65.15,14.56,0.0,2026-06-20
NO,109.0,yes,1,1.76,2.0,149.4,73,56.03,8.52,6.2,2024-07-26
false,154.0,YES,0,0.0,1.0,145.5,132,45.65,10.21,13.2,2023-09-15
No,195.0,yes,0,0.0,1.0,169.6,102,50.98,12.61,9.0,2022-11-30
NO,198.0,yes,0,0.0,1.0,234.2,104,60.23,11.24,13.1,2022-11-07
No,39.0,YES,0,0.0,1.0,215.7,75,50.49,7.28,12.0,2025-11-23
YES,201.0,Yes,0,0.0,4.0,120.7,104,37.88,9.59,12.9,2022-10-17
No ,9.0,Yes,0,0.0,1.0,113.6,104,31.25,6.48,9.3,2026-06-20
no,170.0,yes,0,0.0,1.0,35.0,62,21.33,9.07,12.7,2023-05-24
NO,25.0,yes,0,0.0,0.0,172.0,92,41.99,6.54,5.3,2026-02-28
No,108.0,yes,0,0.0,3.0,77.0,116,23.76,5.8,9.5,2024-08-01
No,13.0,yes,0,0.0,3.0,209.6,85,55.83,12.31,7.6,2026-05-24
0,196.0,YES,0,0.0,0.0,154.3,93,49.05,13.38,12.5,2022-11-24
false,90.0,yes,0,,0.0,102.3,89,32.12,7.45,11.1,2024-12-05
no,85.0,YES,0,0.0,1.0,225.9,111,55.33,9.6,9.1,2025-01-05
No,132.0,yes,0,,3.0,114.4,73,45.04,13.36,13.4,2024-02-10
no,38.0,yes,1,3.05,1.0,140.9,76,69.89,9.85,11.1,2025-12-01
No,205.0,yes,1,3.23,3.0,141.9,77,74.57,10.37,12.0,2022-09-19
No ,102.0,yes,0,0.0,1.0,196.8,115,51.55,10.55,15.1,2024-09-08
false,93.0,no,0,0.0,2.0,145.3,137,38.49,8.05,8.5,2024-11-15
0,63.0,Yes,0,0.0,0.0,188.4,122,50.89,8.75,10.4,2025-06-09
yes,56.0,NO,0,0.0,2.0,133.2,112,47.91,12.94,9.2,2025-07-27
No,35.0,yess,0,0.0,1.0,266.0,80,64.44,8.59,10.2,2025-12-22
0,22.0,yess,1,2.69,0.0,179.2,114,81.62,13.82,10.1,2026-03-24
0,27.0,yes,0,0.0,,192.7,69,59.03,13.11,8.9,2026-02-15
No ,48.0,no,1,2.31,0.0,129.9,93,69.99,14.75,8.4,2025-09-25
no,36.0,Yes,0,0.0,3.0,163.2,99,51.42,11.54,10.3,2025-12-18
False,42.0,Yes,0,0.0,4.0,164.2,99,46.23,10.69,10.9,2025-11-04
No,121.0,Yes,0,0.0,0.0,127.0,82,33.53,6.72,11.5,2024-04-29
False,49.0,yes,0,0.0,3.0,117.9,86,39.2,10.66,10.5,2025-09-14
0,191.0,yess,0,0.0,2.0,170.4,99,42.69,7.81,17.4,2022-12-28
YES,53.0,no,0,0.0,1.0,62.2,110,25.87,9.04,10.4,2025-08-16
0,116.0,YES,0,0.0,2.0,95.1,100,42.08,15.36,7.7,2024-06-07
No,158.0,yes,0,0.0,2.0,187.5,87,53.99,12.64,12.4,2023-08-13
No,49.0,yes,1,2.54,7.0,253.4,84,87.99,11.44,9.2,2025-09-15
no,194.0,yes ,0,0.0,2.0,150.2,119,43.02,10.03,11.0,2022-12-03
No,34.0,yes,0,0.0,1.0,140.5,87,48.13,13.29,9.9,2026-01-01
YES,159.0,no,0,0.0,3.0,247.0,69,65.05,12.72,9.8,2023-08-06
False,118.0,yes,1,1.95,3.0,89.3,103,44.04,5.35,7.1,2024-05-19
False,4.0,YES,0,0.0,0.0,174.9,129,44.09,7.81,11.7,2026-07-30
no,5.0,yess,0,0.0,2.0,219.5,107,53.92,9.41,11.6,2026-07-24
0,73.0,no,0,0.0,3.0,172.3,78,42.1,7.24,6.7,2025-04-02
No,8.0,yess,1,2.5,3.0,176.0,95,74.3,10.44,9.4,2026-06-30
false,36.0,yes,0,0.0,1.0,210.9,86,50.29,8.31,13.3,2025-12-15
False,0.0,yes ,1,3.16,1.0,201.1,79,92.85,15.17,11.9,2026-08-25
NO,107.0,yess,0,0.0,2.0,212.9,98,52.34,9.24,13.3,2024-08-09
0,129.0,yes,0,0.0,2.0,101.5,121,34.02,7.33,6.4,2024-03-06
false,50.0,yes,1,2.2,1.0,261.8,135,80.51,7.44,8.2,2025-09-12
No,168.0,Yes,1,2.77,2.0,182.5,82,73.4,8.71,10.1,2023-06-05
NO,135.0,yes,0,0.0,1.0,145.0,107,42.5,9.87,7.6,2024-01-20
No ,154.0,yes,0,0.0,0.0,181.5,134,45.9,9.13,6.7,2023-09-10
SI,158.0,yes,0,0.0,5.0,178.4,108,51.68,10.51,9.3,2023-08-14
No,172.0,yes,1,3.64,1.0,133.6,63,76.05,9.24,13.5,2023-05-07
False,122.0,yes,0,0.0,3.0,150.7,114,39.17,8.04,7.3,2024-04-25
false,142.0,yes,0,0.0,0.0,105.0,88,32.68,7.5,11.0,2023-12-05
False,71.0,yes,0,0.0,0.0,176.3,135,51.09,12.15,12.0,2025-04-15
0,105.0,n0,1,3.42,1.0,214.3,80,93.83,12.47,12.6,2024-08-18
No ,115.0,yess,1,2.88,0.0,243.3,139,96.99,16.28,10.7,2024-06-11
0,69.0,yes ,1,1.24,3.0,233.2,120,65.84,7.71,4.8,2025-04-27
NO,,yess,0,,0.0,260.3,106,61.49,7.62,10.1,2026-07-04
No,187.0,Yes,1,2.92,1.0,166.2,84,80.0,13.49,11.0,2023-01-25
False,195.0,no,0,0.0,1.0,165.8,119,45.55,9.93,11.0,2022-11-27
No,28.0,Yes,0,0.0,2.0,103.3,121,32.58,7.41,6.5,2026-02-08
false,129.0,Yes,1,,0.0,144.4,105,74.02,11.13,11.3,2024-03-08
No,162.0,yes,0,0.0,0.0,181.2,82,45.46,8.38,15.4,2023-07-18
False,94.0,yes ,0,0.0,4.0,209.1,85,67.04,16.42,9.3,2024-11-03
No,115.0,yes,0,0.0,1.0,145.5,101,49.09,11.52,11.2,2024-06-09
no,204.0,yes,1,2.1,1.0,201.9,91,77.79,12.02,7.8,2022-09-28
No,128.0,YES,0,0.0,2.0,156.2,141,49.89,12.88,12.0,2024-03-09
No,140.0,yes,1,3.5,3.0,130.7,94,74.44,10.38,12.9,2023-12-19
yes,150.0,yes,0,0.0,5.0,159.2,114,47.15,11.56,8.7,2023-10-13
NO,34.0,yes,0,0.0,0.0,164.0,79,48.71,12.31,8.8,2025-12-30
0,10.0,yes,0,0.0,1.0,138.6,122,45.68,12.67,6.4,2026-06-19
No,170.0,yes,0,0.0,0.0,70.0,85,29.17,9.6,10.3,2023-05-22
No ,137.0,yes ,0,0.0,2.0,188.4,91,42.58,4.84,13.6,2024-01-06
No ,116.0,Yes,0,,2.0,169.3,126,39.06,6.28,2.9,2024-06-01
NO,208.0,yes,0,0.0,1.0,19.7,92,27.71,13.04,14.8,2022-09-02
no,82.0,yess,0,0.0,2.0,272.2,130,60.13,7.86,11.7,2025-01-26
No,,yes,1,3.02,,143.0,105,75.14,11.09,11.2,2023-01-24
No ,142.0,Yes,0,0.0,1.0,1.1,0,20.47,9.64,7.1,2023-12-07
Yes,44.0,n0,0,0.0,2.0,157.8,94,42.94,9.03,11.5,2025-10-23
No,35.0,yes,0,0.0,2.0,158.0,68,44.38,10.3,10.0,2025-12-26
0,147.0,yes ,0,0.0,1.0,149.0,135,39.97,8.25,8.2,2023-10-29
false,207.0,yes,0,0.0,2.0,202.7,86,53.53,10.78,11.7,2022-09-04
NO,16.0,yes ,1,3.15,0.0,161.4,82,88.47,16.4,12.1,
true,184.0,yes,0,0.0,1.0,238.9,72,,14.43,14.0,2023-02-14
False,105.0,yess,0,0.0,0.0,123.8,99,34.68,7.9,9.2,2024-08-19
Yes,142.0,NO,1,3.5,0.0,170.1,104,81.24,9.44,13.3,2023-12-05
No ,170.0,YES,0,0.0,0.0,198.4,117,53.4,11.43,9.4,2023-05-24
false,8.0,no,0,0.0,3.0,215.0,104,57.77,10.22,12.6,2026-07-03
yes,175.0,yes,0,0.0,4.0,158.4,105,39.94,7.76,8.0,2023-04-17
no,10.0,yes,0,0.0,2.0,124.3,102,44.1,13.14,11.8,2026-06-19
No,148.0,yes,0,0.0,2.0,115.5,120,33.04,6.38,10.2,2023-10-23
No ,103.0,YES,0,0.0,0.0,105.1,110,21.59,2.26,13.0,2024-08-31
NO,137.0,yess,1,2.88,3.0,186.3,98,82.1,12.05,10.5,2024-01-11
No ,0.0,yes,1,2.07,1.0,143.3,130,60.57,9.27,7.7,2026-08-23
yes,45.0,YES,0,0.0,1.0,296.2,70,66.65,9.72,13.2,2025-10-13
false,60.0,yes,0,0.0,1.0,160.1,122,45.94,10.76,8.6,2025-06-30
No,8.0,yess,0,0.0,2.0,151.3,70,53.45,14.26,6.1,2026-07-01
YES,179.0,yes ,1,2.52,1.0,178.8,144,74.98,10.86,9.3,2023-03-24
No,178.0,YES,0,0.0,0.0,211.9,106,64.33,13.66,7.4,2023-03-30
true,83.0,yes,0,0.0,1.0,166.9,128,45.54,10.13,12.5,2025-01-23
false,93.0,yes,0,0.0,2.0,205.6,91,55.88,10.8,7.7,2024-11-13
false,155.0,yes,1,2.46,0.0,126.2,110,55.83,5.13,9.1,2023-09-04
No ,108.0,yess,0,0.0,2.0,41.2,104,21.65,8.53,9.0,2024-08-02
No ,188.0,Yes,0,0.0,1.0,233.7,76,61.24,10.92,13.8,2023-01-15
no,8.0,NO,1,3.51,2.0,201.0,74,89.94,11.26,12.9,2026-06-28
0,52.0,yes,1,3.45,1.0,71.0,81,62.17,8.98,13.0,2025-08-26
False,61.0,yes ,0,0.0,1.0,239.2,121,53.16,7.11,9.3,2025-06-24
No,57.0,Yes,0,0.0,3.0,141.9,121,41.46,9.49,8.8,2025-07-19
No,203.0,yess,0,0.0,4.0,223.5,100,61.67,14.37,12.7,2022-10-01
NO,144.0,yes,0,0.0,1.0,149.3,91,36.01,6.04,9.0,2023-11-18
No,205.0,yes,1,2.2,2.0,231.8,104,81.46,12.72,8.0,2022-09-22
no,193.0,yes,0,0.0,2.0,242.5,113,60.9,9.52,13.3,2022-12-13
0,183.0,yess,0,0.0,2.0,178.0,87,,13.64,14.1,2023-02-19
0,117.0,Yes,1,2.66,1.0,218.0,94,83.41,12.09,9.5,2024-05-28
false,75.0,yess,0,0.0,1.0,239.6,145,54.9,8.15,10.7,2025-03-19
SI,151.0,no,1,2.34,1.0,268.7,103,90.18,13.07,8.2,2023-10-01
yes,10.0,yes ,0,0.0,5.0,176.5,108,51.59,10.64,9.4,2026-06-16
1,85.0,yes,0,,0.0,280.2,123,74.78,15.01,8.8,2025-01-05
false,31.0,yes,0,0.0,2.0,149.7,113,49.27,12.1,8.8,2026-01-23
NO,185.0,Yes,0,,2.0,90.7,127,31.2,9.01,14.0,2023-02-07
0,47.0,Yes,0,0.0,3.0,192.1,98,52.72,12.1,9.9,2025-09-30
No,34.0,yes,0,0.0,4.0,181.8,102,54.07,10.16,11.2,2025-12-29
0,71.0,yes,1,3.57,2.0,182.7,66,85.17,10.79,13.5,2025-04-12
0,71.0,yes,0,0.0,1.0,102.9,70,40.46,13.92,11.3,2025-04-17
0,11.0,yes,1,3.58,3.0,156.2,121,77.14,8.04,13.2,2026-06-10
YES,183.0,yes,0,0.0,5.0,57.2,93,22.31,6.83,12.0,2023-02-23
No,91.0,Yes,0,0.0,1.0,150.4,104,42.76,9.89,9.1,2024-11-29
No,39.0,yes,0,0.0,2.0,179.2,132,51.19,12.22,9.1,2025-11-27
No,156.0,yess,0,0.0,,137.5,100,41.13,10.71,10.5,2023-08-27
false,89.0,YES,1,2.92,1.0,171.9,115,78.4,11.95,10.5,2024-12-13
si,121.0,no,1,2.34,5.0,125.5,97,59.8,8.37,8.8,2024-04-28
false,101.0,yes,1,3.07,4.0,227.0,88,92.49,12.87,11.5,2024-09-17
False,38.0,yes,0,0.0,1.0,73.9,87,32.3,10.21,6.5,2025-11-30
No,90.0,yes,0,0.0,0.0,232.7,95,57.02,10.25,11.9,2024-12-04
false,30.0,yes,0,0.0,0.0,106.8,93,0.0,6.35,14.4,2026-01-28
No,189.0,yes,0,0.0,0.0,189.1,109,58.39,13.14,6.2,2023-01-07
yes,133.0,yes ,0,0.0,2.0,238.2,119,64.12,12.95,9.0,2024-02-03
0,154.0,yes ,0,0.0,1.0,123.1,77,35.98,8.67,12.9,2023-09-13
Yes,164.0,yess,0,0.0,2.0,248.5,127,65.17,12.69,8.9,2023-07-02
no,15.0,yes,0,0.0,1.0,132.8,119,32.7,5.99,8.6,2026-05-10
0,146.0,yess,0,0.0,2.0,170.8,100,49.74,11.93,11.4,2023-11-04
No,104.0,yes ,0,,0.0,147.5,102,43.42,9.85,10.5,2024-08-24
No ,1.0,Yes,0,0.0,1.0,167.9,121,43.35,8.44,12.2,2026-08-15
No,156.0,yes ,0,0.0,3.0,201.6,100,48.93,8.55,11.7,2023-08-30
no,160.0,yes ,0,0.0,2.0,142.6,75,37.06,6.11,12.8,2023-07-30
no,196.0,yes,0,0.0,2.0,161.2,142,45.61,10.63,13.0,2022-11-20
No,95.0,Yes,1,1.63,,146.3,73,57.52,8.39,6.2,2024-10-27
False,1.0,Yes,0,0.0,2.0,137.2,99,41.87,10.74,4.9,2026-08-17
No,23.0,yes,1,1.34,3.0,140.1,102,55.41,10.6,4.9,2026-03-18
NO,26.0,YES,0,0.0,1.0,204.4,84,56.75,12.82,9.0,2026-02-23
No,11.0,YES,0,0.0,2.0,195.1,121,48.43,8.75,7.0,2026-06-08
No ,67.0,yes,0,0.0,0.0,178.4,126,53.12,11.32,10.8,2025-05-16
0,143.0,yes,1,2.62,4.0,150.8,104,72.25,11.82,9.6,2023-11-30
No,54.0,yes,0,0.0,3.0,138.1,115,44.73,11.83,9.5,2025-08-13
False,175.0,yess,0,0.0,0.0,256.5,83,60.68,9.27,13.4,2023-04-20
No,78.0,yess,0,0.0,1.0,201.9,124,51.32,9.09,13.9,2025-02-22
SI,73.0,No,0,0.0,2.0,101.7,106,47.68,15.36,13.8,2025-04-02
0,135.0,Yes,0,0.0,0.0,101.7,75,,10.91,9.8,2024-01-26
0,203.0,yess,0,0.0,2.0,171.1,97,49.24,8.64,13.1,2022-10-02
No,206.0,Yes,0,0.0,0.0,140.2,109,39.0,6.47,12.0,2022-09-14
0,21.0,yes,1,0.1,1.0,150.8,94,39.71,7.6,0.1,2026-03-31
False,1.0,yes,0,0.0,0.0,6.2,99,15.67,6.81,12.0,2026-08-18
No,39.0,yes,0,,1.0,136.4,97,39.8,9.31,8.7,2025-11-22
No,7.0,yess,0,0.0,2.0,232.9,105,54.54,8.8,12.5,2026-07-05
No,23.0,Yes,0,0.0,3.0,215.4,111,58.0,12.32,15.8,2026-03-18
no,108.0,yes,0,0.0,1.0,201.3,51,58.58,11.51,12.0,2024-08-01
1,100.0,no,0,0.0,1.0,190.5,90,57.96,12.77,14.2,2024-09-26
False,144.0,yess,0,0.0,3.0,203.7,145,49.33,7.7,14.3,2023-11-20
no,189.0,yess,0,0.0,,189.4,68,59.78,13.17,8.8,2023-01-07
YES,63.0,YES,0,0.0,1.0,209.7,150,65.8,17.26,7.3,2025-06-11
Yes,174.0,yess,0,0.0,0.0,325.2,48,75.91,11.82,13.1,2023-04-22
No,43.0,YES,0,,3.0,151.5,97,34.63,4.52,11.2,2025-10-30
False,74.0,yes,0,0.0,1.0,172.7,84,51.18,12.14,8.0,2025-03-23
No,185.0,yes,1,3.17,0.0,198.9,84,93.91,15.68,11.8,2023-02-06
No,127.0,yes,0,0.0,1.0,165.1,110,44.73,8.08,9.2,2024-03-16
No,193.0,yes,1,3.09,,87.8,86,62.68,8.9,11.5,2022-12-16
false,68.0,yes,0,0.0,0.0,237.4,129,57.54,7.99,11.8,2025-05-07
false,107.0,yess,0,0.0,4.0,242.5,90,53.39,6.1,8.4,
No,49.0,yes,1,3.52,2.0,113.3,94,68.91,8.16,12.9,2025-09-16
NO,141.0,yes,1,2.03,1.0,250.3,104,81.67,11.36,7.5,2023-12-09
No,185.0,yes,0,0.0,3.0,115.4,136,34.77,8.92,6.0,2023-02-05
yes,10.0,yes,0,0.0,5.0,159.9,114,46.93,11.71,8.7,2026-06-14
NO,6.0,yes,0,0.0,1.0,188.8,44,47.29,8.02,8.4,2026-07-16
false,109.0,YES,0,0.0,2.0,175.1,80,46.95,9.88,9.8,2024-07-25
No,163.0,yess,1,3.28,3.0,314.8,105,103.77,10.29,11.9,2023-07-12
No ,193.0,yes ,0,0.0,3.0,150.0,64,48.84,13.69,9.0,2022-12-15
No,70.0,yes ,0,0.0,0.0,187.9,68,59.2,13.11,8.7,2025-04-21
No,198.0,no,0,0.0,2.0,215.5,116,47.32,5.78,9.9,2022-11-05
no,156.0,yess,1,2.3,0.0,278.1,87,92.97,12.75,8.9,2023-08-28
NO,3.0,yes,0,0.0,1.0,114.7,86,29.65,5.44,7.1,2026-08-07
NO,126.0,yes ,0,0.0,4.0,177.4,85,49.74,10.12,17.9,2024-03-24
0,185.0,yes,0,0.0,2.0,127.6,103,39.61,10.15,12.8,2023-02-09
yes,196.0,yes,0,0.0,0.0,278.5,113,64.52,9.94,10.3,2022-11-20
false,184.0,Yes,0,0.0,2.0,161.1,99,48.3,10.19,11.4,2023-02-15
1,35.0,yes,0,0.0,5.0,225.2,116,53.04,6.01,4.6,2025-12-23
no,112.0,yess,0,0.0,2.0,186.8,114,,9.62,10.0,2024-06-30
no,25.0,yess,1,3.45,3.0,132.0,93,75.23,10.24,12.8,2026-03-03
False,80.0,yes,1,3.7,0.0,233.4,114,100.48,13.32,13.9,
NO,141.0,Yes,0,0.0,0.0,226.6,90,45.23,3.65,4.7,2023-12-12
No,155.0,yes ,0,0.0,0.0,204.8,105,54.33,11.34,14.5,2023-09-08
false,180.0,YES,0,0.0,3.0,192.2,103,48.85,9.26,9.8,2023-03-17
0,24.0,YES,0,0.0,1.0,49.4,121,21.35,7.23,12.1,2026-03-09
true,82.0,YES,0,0.0,0.0,113.7,93,36.37,10.5,13.9,2025-01-25
no,134.0,YES,0,0.0,3.0,224.2,99,50.76,7.36,9.0,2024-02-01
YES,47.0,n0,0,0.0,1.0,63.5,111,25.35,9.02,10.4,2025-09-30
False,52.0,yes ,1,3.0,1.0,172.0,75,74.45,8.53,11.1,2025-08-29
NO,84.0,yes,0,0.0,0.0,190.8,111,47.98,7.8,11.0,2025-01-13
No,80.0,yess,1,3.5,3.0,165.0,131,77.2,7.24,13.1,2025-02-13
No,140.0,yes,0,0.0,1.0,231.4,104,57.88,8.58,13.0,2023-12-22
No,205.0,yes,0,0.0,1.0,159.9,75,50.78,13.32,7.6,2022-09-22
NO,105.0,yes,0,0.0,3.0,194.3,93,49.33,9.39,10.8,2024-08-21
true,19.0,no,0,0.0,0.0,257.3,112,66.97,12.25,10.8,2026-04-14
No,130.0,Yes,0,0.0,1.0,182.6,120,49.39,10.87,8.4,2024-02-26
yes,20.0,Yes,0,0.0,0.0,275.2,76,,8.81,8.4,2026-04-04
No ,170.0,No,1,,1.0,199.8,71,78.96,9.78,10.4,2023-05-20
no,151.0,yes,0,0.0,2.0,216.3,94,52.81,9.23,9.9,2023-09-30
No,7.0,yess,0,0.0,1.0,191.7,124,49.94,9.94,8.2,2026-07-10
0,158.0,yes ,1,2.28,2.0,132.1,85,65.48,11.34,8.6,2023-08-13
No ,70.0,yess,0,0.0,3.0,109.1,101,29.36,6.07,12.7,2025-04-25
true,14.0,yes ,1,2.54,4.0,161.5,82,68.23,8.65,9.7,2026-05-19
No,111.0,yess,0,0.0,1.0,145.3,92,43.22,10.48,10.8,2024-07-08
si,38.0,yes,0,0.0,1.0,267.3,124,65.53,12.35,14.7,2025-12-02
No,45.0,yess,0,0.0,2.0,196.9,79,50.1,9.19,16.6,2025-10-13
NO,101.0,yes,0,0.0,0.0,169.7,112,46.02,9.58,11.2,2024-09-15
NO,158.0,yess,0,0.0,1.0,115.3,118,38.17,10.92,6.5,2023-08-15
0,147.0,yes,0,0.0,2.0,182.0,66,48.83,10.42,12.8,2023-10-30
false,120.0,yess,1,2.69,1.0,144.8,69,66.46,8.62,10.1,2024-05-08
0,121.0,Yes,1,1.82,0.0,150.5,111,55.96,6.66,6.7,2024-04-30
false,184.0,yes,0,0.0,0.0,72.6,89,,15.22,8.7,2023-02-17
0,199.0,yess,0,0.0,0.0,83.3,64,,9.02,12.8,2022-10-30
No,122.0,yes ,0,0.0,1.0,199.9,81,57.54,11.26,10.3,2024-04-22
No,43.0,yes,0,0.0,1.0,155.2,92,42.5,9.6,13.3,2025-10-29
0,206.0,yes,0,0.0,0.0,162.8,72,49.11,12.9,15.7,2022-09-13
true,42.0,yes,0,0.0,1.0,109.5,108,37.04,10.5,7.9,2025-11-06
No,163.0,yess,0,0.0,0.0,149.9,99,52.32,15.13,8.1,2023-07-10
False,33.0,YES,0,0.0,0.0,214.4,93,49.27,7.42,10.2,2026-01-03
SI,144.0,yes,0,0.0,2.0,264.6,84,63.01,10.47,11.0,2023-11-23
No ,176.0,Yes,0,,1.0,149.0,104,46.8,12.11,10.8,2023-04-14
No,23.0,yes ,1,1.48,2.0,137.5,110,53.07,9.34,5.6,2026-03-16
no,96.0,yes,0,0.0,1.0,131.8,107,37.95,8.78,4.3,2024-10-24
False,77.0,yes,0,0.0,,175.9,82,51.46,12.09,9.6,2025-03-05
No,177.0,yes,0,0.0,4.0,164.4,102,47.73,10.93,13.3,2023-04-01
0,72.0,yess,0,0.0,1.0,172.4,142,48.17,11.26,11.3,2025-04-07
False,5.0,yes,1,3.08,1.0,94.2,89,66.31,10.91,11.4,2026-07-24
False,151.0,yes,0,0.0,1.0,84.1,74,34.6,9.54,10.8,2023-10-04
false,9.0,yes,0,0.0,1.0,123.2,83,34.82,8.28,9.0,2026-06-20
False,9.0,yes,1,1.98,1.0,253.9,102,81.45,11.29,7.5,2026-06-22
No ,24.0,yess,0,0.0,2.0,114.7,94,33.16,7.53,9.4,2026-03-12
0,197.0,no,0,0.0,1.0,156.8,71,52.16,15.44,2.2,2022-11-15
false,125.0,yes,1,1.67,0.0,100.1,54,54.06,12.3,5.9,2024-04-05
0,122.0,yes,0,0.0,1.0,185.5,117,50.71,11.28,11.6,2024-04-22
No,79.0,Yes,1,,1.0,200.9,79,92.68,15.22,11.9,2025-02-21
no,66.0,yes,1,2.08,1.0,197.3,68,77.64,13.57,7.6,2025-05-19
No ,25.0,yes ,0,0.0,4.0,240.0,110,57.14,8.22,7.8,2026-03-05
NO,17.0,yes ,0,0.0,1.0,202.8,96,58.72,13.6,11.0,2026-04-28
false,81.0,YES,1,2.77,1.0,126.6,100,66.8,9.88,10.3,2025-02-01
Si,26.0,no ,1,3.57,1.0,222.1,81,92.75,10.9,13.1,2026-02-26
No ,17.0,yes ,0,0.0,2.0,99.0,80,35.75,9.33,10.3,2026-04-28
Yes,136.0,n0,1,3.17,3.0,166.0,90,83.46,14.05,11.8,2024-01-14
false,194.0,YES,0,0.0,1.0,219.5,98,57.8,11.63,9.5,2022-12-08
No,109.0,yes,0,0.0,1.0,183.4,116,54.14,12.9,10.3,2024-07-22
No,33.0,YES,1,2.8,0.0,266.9,112,93.06,11.16,10.2,2026-01-04
True,88.0,no,0,0.0,0.0,217.6,57,50.1,5.65,12.5,2024-12-17
False,23.0,yes,0,0.0,2.0,123.1,102,43.97,13.11,11.6,2026-03-14
no,6.0,yes,0,0.0,1.0,98.7,77,37.48,12.55,14.2,2026-07-12
Yes,38.0,no,0,0.0,,141.5,100,43.57,9.74,9.6,2025-11-29
False,66.0,yes,0,0.0,0.0,137.0,114,38.16,8.25,9.6,2025-05-18
false,86.0,yes,0,0.0,1.0,205.4,108,52.0,8.37,4.6,2024-12-31
No ,140.0,yes,0,0.0,3.0,179.9,93,45.4,8.82,11.6,21/12/2023
False,115.0,yes,0,0.0,1.0,177.6,126,56.66,15.01,7.5,2024-06-08
No,5.0,yes,0,0.0,1.0,96.6,94,37.33,9.81,0.1,2026-07-20
0,25.0,YES,1,1.92,2.0,241.5,101,66.73,3.82,7.2,2026-02-28
No,108.0,YES,0,0.0,3.0,108.4,78,37.98,12.01,10.4,2024-07-27
True,120.0,yes,0,0.0,4.0,87.8,112,33.35,11.08,11.7,2024-05-07
Yes,147.0,no,1,,1.0,172.1,119,86.48,11.18,13.8,2023-11-01
No,80.0,yes,1,3.0,2.0,208.5,129,77.28,6.64,11.2,2025-02-12
0,39.0,yes,0,0.0,1.0,141.1,116,38.66,8.6,7.7,2025-11-28
No,204.0,Yes,1,2.05,1.0,195.5,91,,12.71,7.7,2022-09-28
0,120.0,yes ,1,3.13,1.0,173.6,107,82.15,12.38,11.4,2024-05-07
0,45.0,yess,1,2.67,0.0,239.8,81,86.05,10.09,9.9,2025-10-14
No,135.0,yes,0,0.0,1.0,242.9,101,53.82,6.4,6.1,2024-01-25
No ,200.0,yes,0,0.0,1.0,122.2,87,42.56,12.6,10.7,2022-10-27
no,91.0,yes,1,3.31,1.0,211.5,114,82.66,7.96,12.1,2024-11-28
NO,175.0,yess,1,1.97,1.0,289.5,150,88.69,11.34,7.5,2023-04-15
No,187.0,yes,1,1.69,1.0,146.1,98,66.45,13.8,6.3,2023-01-23
no,20.0,yes,0,0.0,3.0,216.8,77,54.78,10.46,11.4,2026-04-07
Si,202.0,yes,0,0.0,5.0,140.3,115,,7.92,10.5,2022-10-12
No,175.0,yes ,1,3.47,2.0,82.5,139,61.92,7.67,12.8,2023-04-17
No,0.0,yess,1,1.76,1.0,123.7,94,59.01,11.61,6.5,2026-08-26
NO,187.0,yess,0,0.0,1.0,208.5,89,50.26,8.8,8.6,2023-01-23
1,157.0,Yes,0,,1.0,268.9,100,69.87,11.77,8.5,2023-08-20
0,100.0,yes,1,3.0,,174.1,75,73.73,8.5,11.0,2024-09-22
No ,33.0,yes,0,0.0,1.0,204.5,94,49.43,8.34,7.8,2026-01-06
NO,79.0,yes,0,0.0,,134.2,101,39.89,10.45,14.2,2025-02-19
NO,52.0,YES,0,0.0,3.0,171.8,109,37.99,4.75,9.6,2025-08-24
NO,43.0,no,0,0.0,0.0,251.6,105,61.75,10.44,9.3,2025-10-26
0,175.0,yes,0,,0.0,262.3,100,65.02,11.75,13.0,2023-04-20
No,147.0,yes,0,0.0,,150.7,104,42.98,9.87,9.2,2023-10-30
0,82.0,yes,0,0.0,0.0,93.6,135,40.09,14.06,10.0,2025-01-31
NO,78.0,Yes,1,2.17,2.0,230.7,104,83.17,12.92,7.8,2025-02-28
si,173.0,No,0,0.0,,243.0,101,71.64,17.42,11.3,2023-04-30
No,,yes,0,0.0,1.0,173.4,104,47.19,10.58,11.4,2025-12-31
No,173.0,yes,0,0.0,6.0,259.2,107,65.45,10.34,10.0,2023-05-02
1,106.0,yes,1,3.46,,203.2,100,90.84,12.36,12.9,2024-08-12
No ,81.0,YES,1,3.31,1.0,252.1,128,101.11,14.23,12.3,2025-02-06
No ,35.0,yes,0,0.0,1.0,195.3,82,48.81,8.19,6.5,2025-12-21
No ,94.0,yes ,1,3.2,1.0,282.0,69,93.82,7.73,12.1,2024-11-03
No,59.0,yes,0,0.0,0.0,253.2,72,61.06,10.95,9.8,2025-07-08
Yes,162.0,yes,0,0.0,2.0,277.5,117,64.75,10.13,10.7,2023-07-16
NO,196.0,yes,1,2.3,2.0,31.3,123,40.45,6.39,8.5,2022-11-19
No ,82.0,yes ,0,0.0,1.0,47.1,101,33.21,13.83,18.2,2025-01-30
no,76.0,Yes,1,2.29,3.0,155.8,118,67.25,9.82,8.6,2025-03-10
No ,4.0,yes,0,0.0,4.0,178.7,56,53.25,10.72,10.6,2026-07-31
Yes,98.0,yes ,0,0.0,0.0,228.3,105,55.2,9.12,11.5,2024-10-08
SI,176.0,yes,0,0.0,4.0,105.3,139,39.3,12.13,10.1,2023-04-12
False,-7.0,Yes,1,2.94,0.0,194.8,65,85.32,13.19,11.2,2026-10-15
No,131.0,yes,0,0.0,1.0,212.0,102,56.16,9.55,8.6,2024-02-21
True,110.0,no ,0,0.0,3.0,251.8,68,64.73,12.71,9.8,2024-07-15
No,62.0,yes,0,0.0,4.0,254.4,105,57.3,8.14,7.5,2025-06-18
no,196.0,yes,0,0.0,1.0,219.4,120,61.38,13.53,8.7,2022-11-22
NO,57.0,YES,0,0.0,1.0,173.3,93,47.96,8.7,11.4,2025-07-23
true,44.0,YES,0,0.0,1.0,257.8,116,,13.45,9.6,2025-10-23
NO,109.0,yes,1,2.31,2.0,120.8,97,62.32,10.69,8.5,2024-07-25
NO,186.0,yes ,0,0.0,2.0,84.4,99,37.16,13.04,9.2,2023-01-31
NO,207.0,yes,0,0.0,,149.0,102,48.37,11.14,12.8,2022-09-06
0,0.0,Yes,0,0.0,2.0,168.7,114,48.94,9.53,10.0,2026-08-26
no,98.0,YES,1,1.86,1.0,112.7,84,57.7,11.99,6.8,
NO,172.0,yes,0,0.0,2.0,167.3,99,38.47,5.85,12.9,2023-05-10
False,195.0,yes,0,0.0,2.0,138.8,95,38.41,7.1,10.0,2022-12-02
0,199.0,yess,1,2.58,,185.0,94,,12.66,9.7,2022-10-30
False,142.0,yess,1,3.18,1.0,141.2,80,67.66,7.16,11.8,2023-12-04
0,71.0,yes ,1,2.1,,142.3,117,59.74,8.39,7.8,2025-04-12
No,166.0,YES,0,0.0,1.0,126.9,78,43.0,12.18,12.8,2023-06-21
No,5.0,yes,0,0.0,0.0,134.2,113,38.1,8.21,9.6,2026-07-24
No,39.0,yes ,1,4.02,,205.2,79,87.35,6.56,14.8,2025-11-26
No ,45.0,YES,0,0.0,2.0,238.1,90,56.99,8.79,5.7,2025-10-12
No,107.0,yess,0,0.0,3.0,209.8,113,58.25,11.29,8.7,2024-08-05
NO,4.0,yes,0,0.0,1.0,199.3,84,47.9,8.36,12.1,2026-07-29
No,3.0,YES,0,0.0,2.0,113.6,121,33.83,6.45,10.2,2026-08-07
0,87.0,yes,0,0.0,3.0,172.2,86,42.63,7.95,10.1,2024-12-21
Si,62.0,yes ,0,0.0,3.0,244.2,106,64.23,12.95,10.8,2025-06-18
no,143.0,yes,1,1.71,5.0,282.4,109,86.91,12.06,6.4,2023-12-01
No,114.0,yess,0,0.0,2.0,238.6,96,55.39,8.22,10.6,2024-06-17
1,109.0,yes,0,0.0,5.0,268.1,144,72.78,15.73,14.3,2024-07-26
No,22.0,yess,0,0.0,1.0,87.5,75,39.53,13.06,9.2,2026-03-22
false,128.0,YES,1,3.1,1.0,128.8,76,78.0,14.6,11.5,2024-03-15
No ,40.0,Yes,1,3.71,5.0,259.5,78,100.03,11.4,13.7,2025-11-19
False,9.0,yes,1,2.2,3.0,142.0,101,61.11,8.94,8.2,2026-06-24
No ,94.0,yess,0,0.0,2.0,143.9,92,41.67,10.4,7.5,2024-11-08
0,117.0,yess,0,0.0,1.0,56.9,124,24.61,8.6,9.4,2024-05-25
No,188.0,yes ,1,3.1,2.0,111.9,89,67.32,10.38,11.3,2023-01-19
Yes,195.0,No,0,0.0,2.0,133.2,42,37.68,6.91,9.2,2022-11-26
0,170.0,Yes,0,0.0,0.0,212.9,106,63.44,13.64,7.5,2023-05-26
NO,65.0,yes,1,2.61,5.0,265.2,69,95.0,14.01,9.6,2025-05-25
false,168.0,yes,1,3.27,1.0,192.1,103,75.03,5.57,12.1,2023-06-07
False,178.0,yes,0,0.0,1.0,187.1,127,53.32,9.79,5.0,2023-03-28
SI,133.0,yes,1,3.14,4.0,133.0,105,68.39,8.18,11.7,2024-02-09
No,66.0,YES,0,0.0,1.0,225.2,120,58.45,11.31,8.8,2025-05-23
false,182.0,yess,1,1.96,2.0,88.8,102,54.25,11.21,7.3,2023-02-25
false,122.0,YES,0,0.0,2.0,84.9,84,37.39,12.4,10.1,2024-04-22
no,158.0,Yes,0,0.0,3.0,131.0,82,40.86,10.43,15.6,2023-08-18
No ,34.0,yess,0,0.0,1.0,179.4,92,47.55,9.4,11.8,2026-01-01
no,135.0,yes,1,3.5,0.0,218.7,105,,11.11,13.0,2024-01-22
0,155.0,yes,0,0.0,0.0,168.3,126,40.51,7.11,11.7,2023-09-07
No,110.0,yes,0,0.0,3.0,217.8,118,58.23,11.55,0.1,2024-07-16
No,71.0,Yes,1,2.72,,115.8,70,59.7,7.39,9.9,2025-04-18
yes,59.0,n0,0,0.0,1.0,61.1,110,26.06,8.95,10.4,2025-07-10
0,22.0,yes,0,0.0,1.0,141.6,96,43.44,10.66,7.1,2026-03-24
no,5.0,Yes,1,4.3,0.0,233.6,88,92.53,5.61,16.2,2026-07-21
No,99.0,yes ,0,0.0,1.0,160.2,122,47.49,11.06,9.6,2024-09-29
true,194.0,no,0,0.0,0.0,224.4,111,54.56,9.36,9.9,2022-12-09
NO,156.0,yes ,0,0.0,2.0,252.6,103,58.21,8.43,11.2,2023-08-30
false,150.0,Yes,1,1.95,2.0,193.1,106,65.33,7.53,7.4,2023-10-08
si,11.0,Yes,0,0.0,2.0,277.6,139,66.89,11.47,12.8,
No,171.0,yes,0,0.0,1.0,186.6,98,47.43,8.81,14.1,2023-05-16
0,93.0,Yes,0,0.0,2.0,178.9,114,53.35,13.58,16.5,2024-11-09
0,1.0,yes,0,0.0,0.0,191.1,85,47.42,8.66,10.2,2026-08-15
False,24.0,yes,0,0.0,3.0,223.7,102,58.11,11.54,9.8,2026-03-13
false,20.0,Yes,0,0.0,0.0,148.2,120,39.59,8.41,8.3,2026-04-04
No,85.0,yes,0,0.0,1.0,243.8,101,52.88,6.38,6.1,2025-01-09
NO,80.0,Yes,1,3.22,2.0,249.0,78,87.23,7.09,11.8,2025-02-09
No,25.0,yes ,0,0.0,0.0,262.9,117,60.0,8.92,10.3,2026-03-03
false,149.0,yes,0,0.0,1.0,136.0,120,40.8,10.18,11.3,2023-10-19
si,23.0,Yes,0,0.0,0.0,306.0,107,67.93,9.44,8.5,2026-03-17
NO,207.0,yes ,0,0.0,1.0,136.4,78,46.29,11.08,15.0,2022-09-05
yes,14.0,yes,0,0.0,2.0,300.2,112,71.84,9.9,9.8,2026-05-19
1,163.0,n0,0,0.0,2.0,276.0,89,67.79,12.36,8.4,2023-07-11
False,115.0,YES,1,3.3,2.0,250.3,86,92.66,9.89,12.4,2024-06-14
no,12.0,yes ,0,0.0,3.0,148.4,84,41.01,9.01,8.3,2026-06-04
false,193.0,yes ,1,2.64,2.0,89.5,125,57.22,8.92,9.6,2022-12-12
No ,79.0,yes,0,0.0,1.0,156.3,93,54.91,16.43,13.4,2025-02-20
1,143.0,NO,0,0.0,0.0,162.1,82,39.9,6.14,14.1,2023-11-27
No,,yes,0,0.0,2.0,156.1,94,44.88,10.58,7.6,2025-12-13
yes,207.0,yess,0,0.0,2.0,286.3,114,62.94,8.01,13.8,2022-09-03
no,46.0,n0,1,2.71,1.0,150.5,98,66.11,7.3,9.8,2025-10-07
False,190.0,Yes,1,,0.0,153.6,110,59.38,11.67,4.4,2023-01-05
No,54.0,Yes,0,0.0,1.0,160.4,104,48.9,12.16,10.9,2025-08-10
1,127.0,yes ,0,0.0,1.0,270.3,110,70.91,13.5,8.5,2024-03-22
No,56.0,yes ,0,0.0,1.0,195.9,106,47.02,7.6,11.6,2025-08-01
False,204.0,yes,1,3.2,1.0,78.7,109,64.47,10.55,11.8,2022-09-29
No,196.0,yes,0,0.0,0.0,188.3,111,46.34,5.62,12.2,2022-11-25
false,156.0,yes,0,0.0,1.0,207.6,80,54.09,8.94,15.5,2023-08-27
NO,65.0,yes,0,0.0,2.0,203.1,92,56.63,10.84,7.7,2025-05-30
No,29.0,YES,0,,3.0,204.8,115,56.71,11.58,10.2,2026-02-01
No,109.0,yess,0,0.0,4.0,221.1,133,51.92,7.98,8.4,2024-07-26
true,180.0,no,0,0.0,0.0,197.5,129,47.55,8.84,15.2,2023-03-17
0,103.0,yes,0,0.0,1.0,86.3,83,,13.04,8.9,2024-08-31
No,146.0,yes,1,2.94,0.0,160.0,115,74.8,10.52,10.8,2023-11-07
no,160.0,no,1,2.6,4.0,194.7,125,77.69,10.77,9.7,2023-07-31
No ,196.0,Yes,0,0.0,1.0,196.8,113,54.57,10.23,11.3,2022-11-23
0,186.0,yess,1,2.97,,229.7,93,88.17,11.22,11.0,2023-02-02
no,153.0,yes ,1,2.82,1.0,216.7,128,90.35,14.59,10.7,2023-09-22
No,196.0,yes,1,3.66,2.0,130.4,67,80.33,12.33,13.4,2022-11-20
SI,180.0,YES,0,0.0,2.0,291.9,100,72.02,12.89,11.7,2023-03-15
0,92.0,no,0,0.0,4.0,245.0,110,53.96,7.23,7.2,2024-11-18
Yes,36.0,yes,0,0.0,4.0,152.6,133,43.37,10.09,9.6,2025-12-19
No,80.0,yes,1,,1.0,171.2,103,73.92,9.58,10.2,2025-02-13
si,116.0,YES,0,0.0,6.0,162.2,79,42.87,8.99,9.6,2024-06-01
NO,175.0,yes,0,0.0,1.0,151.4,92,36.37,6.04,9.0,2023-04-21
No ,198.0,yess,0,0.0,1.0,109.8,69,42.5,13.29,12.7,2022-11-06
No ,159.0,yes,0,0.0,0.0,173.1,118,46.58,10.19,13.8,2023-08-11
No,10.0,yes,0,0.0,0.0,106.6,109,21.8,2.28,13.1,2026-06-17
si,53.0,No,0,0.0,0.0,160.6,85,43.81,9.81,13.9,2025-08-18
No,153.0,yes,1,2.56,0.0,224.5,101,81.34,9.8,9.5,2023-09-20
no,169.0,yes,1,3.07,1.0,280.5,82,91.0,7.11,11.2,2023-05-28
NO,29.0,yes,0,0.0,1.0,172.3,85,51.82,12.14,8.0,2026-02-01
0,7.0,yes,1,,1.0,263.7,109,109.9,11.51,16.4,2026-07-07
No,62.0,yess,0,0.0,0.0,154.9,127,41.76,8.16,9.0,
No,129.0,YES,0,0.0,1.0,99.1,76,38.18,12.24,14.2,2024-03-05
Si,65.0,NO,0,0.0,0.0,115.4,64,29.82,6.22,6.3,2025-05-29
NO,,Yes,0,0.0,3.0,267.0,120,,6.55,13.1,
No,149.0,Yes,1,1.71,4.0,168.1,124,70.34,13.39,6.5,2023-10-14
No,107.0,yess,1,1.1,4.0,165.7,113,61.69,12.52,4.3,2024-08-04
false,163.0,yes,1,2.1,1.0,144.7,130,61.41,9.17,7.7,2023-07-13
false,171.0,Yes,0,0.0,1.0,172.0,125,,12.95,11.2,2023-05-19
false,47.0,yes,0,0.0,2.0,253.7,104,58.17,8.42,11.1,2025-10-01
0,112.0,yes,0,0.0,3.0,76.1,118,32.68,10.12,9.9,2024-07-04
no,169.0,yess,1,1.87,1.0,204.2,90,72.8,9.98,7.3,2023-05-30
false,97.0,YES,1,2.4,3.0,171.0,87,62.73,5.63,8.8,2024-10-12
true,175.0,yes,0,0.0,1.0,189.9,104,54.16,12.21,10.4,2023-04-20
0,191.0,yes,0,0.0,4.0,174.4,112,53.49,13.26,0.0,2022-12-29
si,82.0,no,0,0.0,2.0,238.4,91,61.24,10.4,15.6,2025-01-27
Si,5.0,Yes,0,0.0,1.0,259.5,116,68.66,13.45,9.6,2026-07-20
1,59.0,yes,0,0.0,1.0,229.0,130,64.82,15.19,5.6,2025-07-08
0,129.0,no,0,0.0,1.0,193.1,99,46.44,8.14,13.1,2024-03-08
Yes,102.0,no ,1,3.05,4.0,157.8,121,75.5,10.35,11.0,2024-09-12
No,49.0,yes,0,0.0,1.0,211.8,105,,6.09,9.5,2025-09-15
True,91.0,no,0,0.0,1.0,274.8,122,64.48,9.79,7.2,2024-11-26
NO,184.0,yes,0,0.0,1.0,154.9,116,45.08,11.07,4.0,2023-02-15
no,142.0,yes,1,1.92,1.0,127.6,94,60.12,11.55,7.2,2023-12-05
No ,148.0,Yes,0,0.0,1.0,166.0,84,44.58,9.65,7.7,2023-10-24
No,204.0,yess,1,2.76,2.0,205.7,100,75.56,7.61,10.1,2022-09-28
No,194.0,yes ,1,2.1,1.0,140.4,94,60.07,8.44,7.8,2022-12-08
0,49.0,yes,0,0.0,1.0,176.3,89,49.39,8.67,9.7,2025-09-15
No,133.0,no,0,0.0,2.0,160.5,124,,8.73,9.9,2024-02-09
no,188.0,yes ,0,0.0,2.0,189.3,73,,10.71,10.0,2023-01-14
No,59.0,Yes,0,0.0,4.0,219.1,123,58.29,12.22,10.4,2025-07-05
false,180.0,yes,0,0.0,,158.2,65,38.71,6.27,11.0,2023-03-12
false,166.0,yes,0,0.0,2.0,102.1,103,29.99,6.91,8.9,2023-06-18
No,200.0,YES,0,0.0,2.0,232.4,100,57.06,10.02,13.2,2022-10-28
False,124.0,yes,0,0.0,3.0,186.2,94,50.65,10.42,8.9,2024-04-10
false,,yes,1,,0.0,177.2,111,72.85,11.98,8.5,2026-08-17
False,11.0,no,0,0.0,2.0,142.2,80,35.38,6.21,8.2,2026-06-08
NO,158.0,YES,0,,1.0,187.0,87,50.7,8.51,9.4,2023-08-17
NO,37.0,yes,0,0.0,,124.8,94,30.65,5.24,13.2,2025-12-08
NO,53.0,YES,0,0.0,0.0,126.0,83,36.69,8.99,11.2,2025-08-22
0,31.0,Yes,1,2.64,1.0,83.1,120,61.08,11.71,9.9,2026-01-17
No,185.0,yess,1,2.14,2.0,174.3,138,64.55,7.58,7.9,2023-02-09
yes,64.0,YES,0,0.0,2.0,251.3,72,62.02,10.32,9.7,2025-06-01
No ,153.0,yes,0,0.0,1.0,134.8,93,45.79,13.63,7.1,2023-09-17
No,139.0,yes,0,0.0,3.0,135.3,92,44.36,11.17,13.2,2023-12-26
No ,16.0,yes,0,0.0,1.0,162.5,114,45.67,9.75,7.2,2026-05-07
No,81.0,no,0,0.0,1.0,11.8,66,24.48,12.75,7.6,2025-02-02
0,35.0,yes,0,0.0,0.0,237.0,130,58.08,8.19,11.8,2025-12-23
No ,78.0,Yes,0,0.0,2.0,73.4,105,25.5,7.18,10.9,2025-02-22
false,103.0,yes,0,0.0,1.0,111.5,112,37.68,8.51,9.3,2024-09-06
No,91.0,n0,0,0.0,3.0,183.6,78,51.18,9.77,8.8,2024-11-26
Si,22.0,yes,1,2.26,4.0,107.2,107,62.86,12.49,8.4,2026-03-23
False,80.0,yes,0,0.0,0.0,102.2,112,36.51,11.51,9.6,2025-02-09
no,69.0,yes ,0,0.0,0.0,124.6,99,34.62,7.88,9.3,2025-04-29
No,12.0,yes,0,0.0,2.0,161.6,99,40.01,6.0,6.8,2026-06-02
No,151.0,yes,0,0.0,0.0,149.9,106,42.02,9.15,10.8,2023-09-30
No ,76.0,YES,1,2.96,3.0,273.4,53,94.35,10.17,10.8,2025-03-12
No,193.0,Yes,1,2.07,2.0,150.3,95,65.88,11.99,7.5,2022-12-11
No ,26.0,yes,0,0.0,2.0,110.4,87,31.87,6.86,11.0,2026-02-21
No,61.0,yes ,0,0.0,,185.1,84,51.21,11.96,9.0,2025-06-22
True,188.0,no,0,0.0,5.0,118.9,112,31.78,6.52,10.3,2023-01-20
NO,33.0,NO,0,0.0,1.0,154.9,77,46.44,10.58,7.7,2026-01-08
No,197.0,YES,0,0.0,2.0,194.2,88,49.22,9.64,11.8,2022-11-17
0,86.0,yes,0,0.0,0.0,233.6,108,54.18,7.72,12.0,2024-12-28
No ,29.0,Yes,0,0.0,1.0,220.6,105,56.08,8.98,12.4,2026-02-01
False,32.0,yes ,0,,4.0,258.5,131,56.89,6.31,9.8,2026-01-15
YES,202.0,yes ,0,0.0,3.0,225.5,105,60.57,12.34,6.6,2022-10-08
0,11.0,yes,1,3.12,2.0,269.3,82,92.78,8.85,11.6,2026-06-06
False,185.0,yes,0,0.0,1.0,165.7,108,50.38,11.79,9.3,2023.02.08
1,84.0,no,1,2.56,2.0,223.6,80,80.03,9.62,9.4,2025-01-15
No,136.0,yes,1,,0.0,302.4,82,96.24,7.99,11.5,2024-01-13
No,200.0,yes ,0,0.0,2.0,145.6,136,37.56,7.64,12.3,2022-10-24
no,173.0,yes,0,0.0,1.0,167.4,108,51.0,11.76,9.3,2023-05-03
False,6.0,yes ,0,0.0,0.0,225.5,94,56.2,8.42,10.3,2026-07-13
false,136.0,yes,0,0.0,1.0,121.2,81,41.38,9.32,11.5,2024-01-19
0,67.0,yess,0,0.0,2.0,158.7,99,48.98,10.21,11.4,2025-05-10
0,40.0,yes ,1,2.28,2.0,201.1,92,70.64,7.0,8.6,2025-11-16
No ,21.0,yes,0,0.0,2.0,175.2,98,44.74,8.94,10.6,2026-03-28
no,164.0,yes,0,0.0,2.0,186.2,118,50.75,11.24,12.7,2023-07-04
NO,14.0,Yes,0,0.0,1.0,108.9,102,27.98,5.18,7.8,2026-05-20
si,206.0,yes ,0,,2.0,269.0,74,65.23,11.34,10.5,2022-09-13
No ,27.0,Yes,0,0.0,1.0,260.0,127,63.96,11.21,9.6,2026-02-17
No,98.0,YES,0,0.0,0.0,206.7,79,62.04,13.2,10.7,2024-10-06
False,144.0,yes,1,2.38,0.0,107.1,124,58.43,9.46,9.0,2023-11-19
1,84.0,yes,0,0.0,1.0,165.7,129,46.49,10.09,12.5,2025-01-12
No,59.0,yes,0,0.0,,163.0,81,49.04,12.45,8.8,2025-07-11
0,153.0,yes,0,0.0,3.0,202.2,97,50.19,7.64,9.0,2023-09-18
0,53.0,yes ,0,0.0,0.0,232.5,89,51.1,5.43,9.9,2025-08-20
1,131.0,Yes,0,0.0,4.0,105.9,114,31.85,5.89,12.0,2024-02-18
si,177.0,yess,0,0.0,5.0,228.0,115,52.97,6.06,4.7,2023-04-05
No,57.0,yes,0,0.0,1.0,132.9,81,46.88,14.13,11.3,2025-07-25
No,168.0,yes ,0,0.0,3.0,116.1,73,45.11,13.35,13.3,2023-06-06
No,34.0,yess,0,0.0,0.0,210.9,128,45.58,5.24,14.0,2026-01-02
0,54.0,yes ,0,0.0,0.0,158.9,76,52.38,15.32,12.0,
si,193.0,yes,0,,3.0,315.5,86,72.76,11.1,12.2,
False,43.0,YES,1,2.23,,205.3,56,75.81,10.29,8.3,2025-10-26
0,,yess,0,0.0,1.0,179.1,108,42.55,7.25,8.4,2023-01-30
no,163.0,yes,1,2.05,1.0,181.8,76,71.71,11.37,7.8,2023-07-14
false,117.0,YES,1,1.78,0.0,210.1,76,67.12,7.83,6.6,2024-05-26
0,104.0,yes,0,0.0,0.0,183.2,83,44.79,7.66,12.1,2024-08-29
No,60.0,yes,0,0.0,1.0,200.5,82,47.29,8.16,6.3,2025-06-28
False,80.0,no,0,0.0,1.0,12.7,66,23.64,12.76,7.5,2025-02-08
NO,27.0,yes,0,0.0,3.0,236.9,97,,9.9,6.9,2026-02-20
true,62.0,yes,1,1.66,4.0,94.2,57,60.67,15.74,6.3,2025-06-19
no,120.0,yes ,0,0.0,1.0,158.3,114,46.64,9.81,7.0,2024-05-04
0,108.0,yes,0,0.0,0.0,160.3,92,51.36,13.8,8.8,2024-08-02
Yes,176.0,yes,0,0.0,1.0,260.7,123,62.82,10.55,9.1,2023-04-14
No,59.0,yes,0,0.0,1.0,229.2,64,62.47,12.92,8.4,2025-07-06
0,64.0,YES,0,0.0,4.0,231.8,112,62.43,10.97,10.7,2025-06-05
0,40.0,yes,1,3.08,2.0,268.3,83,91.96,9.0,11.6,2025-11-16
SI,116.0,no,1,3.79,0.0,265.6,113,101.19,10.79,13.9,2024-06-04
no,144.0,yes,0,0.0,2.0,119.3,69,44.72,13.58,12.4,"Nov 23, 2023"
No,161.0,Yes,1,4.47,1.0,188.9,109,106.23,16.7,16.4,2023-07-24
no,95.0,YES,0,0.0,0.0,150.2,109,47.9,13.33,8.9,2024-10-31
0,117.0,yes,1,3.23,2.0,190.9,116,75.36,6.45,12.0,2024-05-25
No,4.0,yes,1,2.48,0.0,128.3,110,55.48,4.99,8.9,2026-07-29
No,148.0,Yes,0,0.0,0.0,200.3,117,52.06,11.3,9.4,2023-10-23
False,183.0,yess,0,0.0,2.0,136.5,83,40.85,7.87,10.2,2023-02-21
False,70.0,yes ,0,0.0,0.0,103.8,92,33.94,9.83,14.5,2025-04-25
0,191.0,yes,0,0.0,1.0,239.6,145,54.41,8.25,10.5,2022-12-25
false,74.0,yess,0,0.0,3.0,177.3,120,55.99,14.86,7.7,2025-03-22
No,186.0,yess,1,,3.0,197.2,125,78.6,6.15,12.3,2023-02-03
0,166.0,Yes,1,1.08,3.0,116.4,101,48.47,10.28,4.2,2023-06-20
False,89.0,no,1,3.02,0.0,142.5,76,76.42,12.08,11.4,2024-12-07
False,40.0,yes,1,2.77,2.0,183.1,91,74.56,8.5,10.6,2025-11-20
No,106.0,YES,0,0.0,2.0,258.0,84,55.92,6.4,10.9,2024-08-16
no,105.0,Yes,0,0.0,2.0,82.0,94,27.16,6.87,14.1,2024-08-22
No ,2.0,yes,0,0.0,3.0,208.4,120,50.38,8.24,13.2,2026-08-11
No,185.0,yes,1,2.66,3.0,210.8,114,76.72,7.92,9.6,2023-02-08
No ,157.0,yess,0,0.0,1.0,177.1,70,43.76,7.19,11.3,2023-08-23
yes,166.0,yess,1,3.12,4.0,132.2,105,68.79,8.12,11.8,2023-06-22
NO,151.0,yes ,1,3.12,3.0,281.5,112,103.0,14.35,11.2,2023-10-01
0,,YES,0,0.0,,116.0,72,46.3,13.33,13.3,2023-12-29
Yes,178.0,yes ,1,1.58,3.0,196.3,128,57.91,3.87,5.6,2023-03-25
false,77.0,yess,0,0.0,2.0,101.8,102,30.3,6.92,9.0,2025-03-04
no,62.0,yes,0,0.0,0.0,55.0,123,14.87,3.39,11.5,2025-06-18
No,156.0,YES,0,0.0,0.0,113.3,91,40.53,10.86,10.9,2023-08-27
No,27.0,yes,1,4.05,2.0,246.1,150,92.66,5.91,15.1,2026-02-17
NO,33.0,yess,1,3.11,3.0,256.7,97,88.54,7.54,11.4,2026-01-08
No,96.0,yes,1,3.21,3.0,253.2,112,93.09,10.53,11.8,2024-10-24
No,199.0,yes,0,0.0,0.0,166.0,79,,3.69,6.3,2022-11-03
No,3.0,yes ,0,0.0,1.0,144.3,81,,11.24,8.3,2026-08-06
NO,139.0,yes,0,0.0,2.0,144.1,83,41.74,8.33,8.2,2023-12-29
NO,1.0,yes ,0,0.0,2.0,184.6,95,48.8,8.96,12.9,2026-08-16
No ,46.0,yes,0,0.0,2.0,193.2,114,51.38,10.22,9.3,2025-10-05
NO,25.0,yes,0,0.0,1.0,169.2,102,53.06,14.77,9.7,2026-03-02
No,162.0,yes,1,1.51,2.0,256.3,107,78.56,12.03,5.4,2023-07-18
0,207.0,YES,0,0.0,0.0,136.8,101,40.32,9.87,7.8,2022-09-03
1,27.0,yes ,0,0.0,5.0,58.7,111,18.58,4.6,13.6,2026-02-15
0,46.0,yes,0,0.0,1.0,157.6,113,,12.07,11.2,2025-10-07
no,70.0,yes,0,0.0,0.0,206.9,68,49.83,8.51,10.9,2025-04-23
YES,140.0,NO,0,0.0,0.0,45.4,121,23.64,9.0,13.2,2023-12-17
No,93.0,no ,0,0.0,1.0,181.7,118,48.58,9.89,12.5,2024-11-11
No,95.0,yess,0,0.0,2.0,133.6,97,41.29,10.27,12.6,2024-10-26
NO,11.0,yess,0,0.0,1.0,196.7,118,53.07,12.1,12.0,2026-06-12
False,185.0,yess,1,2.64,1.0,206.9,64,75.17,7.74,9.8,2023-02-10
Yes,139.0,yes,1,2.8,2.0,104.4,77,61.53,9.0,10.2,2023-12-29
No,170.0,yes ,0,0.0,1.0,216.9,76,57.09,10.32,5.7,2023-05-25
False,113.0,YES,1,2.2,3.0,155.0,103,64.96,9.29,8.2,2024-06-27
No,0.0,yes,0,0.0,2.0,119.6,127,44.96,13.82,13.3,2026-08-24
No,39.0,yes ,0,0.0,1.0,196.2,83,48.14,8.31,12.0,2025-11-23
0,187.0,yes,1,1.71,4.0,264.6,78,,10.23,6.3,2023-01-25
false,111.0,yes ,1,2.35,1.0,117.2,100,55.81,7.22,8.5,2024-07-07
false,83.0,Yes,0,0.0,3.0,131.3,90,39.64,6.83,10.2,2025-01-21
No,44.0,YES,1,3.59,1.0,154.4,134,69.05,3.65,13.4,2025-10-18
No ,169.0,YES,0,0.0,1.0,145.5,114,49.35,12.43,13.7,2023-06-01
False,24.0,yes,0,0.0,4.0,252.6,88,67.68,12.1,9.8,2026-03-08
no,198.0,yes,0,0.0,3.0,159.0,70,36.79,6.53,9.6,2022-11-11
yes,21.0,yes,0,0.0,3.0,248.6,95,64.8,13.04,12.6,2026-04-02
No,24.0,yes,1,2.18,1.0,172.0,110,68.37,10.09,8.1,2026-03-11
False,184.0,YES,1,2.94,1.0,175.9,75,75.52,8.45,11.0,2023-02-11
No,51.0,yes ,1,1.53,1.0,173.4,97,68.76,13.13,5.6,2025-09-02
false,117.0,yes,1,3.54,2.0,193.2,84,78.81,6.15,13.1,2024-05-29
yes,156.0,Yes,1,1.77,2.0,191.1,96,59.86,6.14,6.3,2023-08-27
0,159.0,yes,0,0.0,2.0,198.7,82,52.86,9.5,10.9,2023-08-06
False,56.0,yes,0,0.0,0.0,208.9,119,57.01,12.63,12.8,2025-07-28
no,178.0,no,0,0.0,0.0,142.1,116,50.88,13.74,11.1,2023-03-29
SI,166.0,Yes,0,0.0,6.0,81.2,122,31.42,10.49,11.5,2023-06-22
No,8.0,yes,0,0.0,1.0,114.1,91,32.97,8.05,6.0,2026-06-29
No ,64.0,yes,1,1.83,0.0,207.7,76,67.46,7.88,6.5,2025-06-02
No,165.0,yes,0,0.0,2.0,197.2,107,44.44,6.9,7.7,
No,9.0,yes,0,0.0,0.0,205.0,101,48.83,8.01,9.5,2026-06-24
No ,196.0,yess,0,0.0,2.0,207.5,103,46.91,6.64,11.2,2022-11-21
SI,111.0,Yes,0,0.0,4.0,286.9,116,68.39,11.81,5.1,2024-07-06
false,93.0,yes,1,3.53,0.0,87.4,105,68.21,10.07,13.2,2024-11-14
0,195.0,yes,0,0.0,3.0,193.8,126,49.95,7.67,9.3,2022-11-30
NO,198.0,YES,0,0.0,2.0,173.0,96,49.1,8.67,13.1,2022-11-11
no,148.0,yes,1,2.12,1.0,213.2,123,85.89,16.51,7.7,2023-10-24
False,48.0,yes,0,0.0,0.0,190.4,111,50.83,10.32,9.2,2025-09-24
No,60.0,yes,0,0.0,0.0,239.7,104,54.11,7.39,11.5,2025-06-29
false,110.0,No,0,0.0,1.0,109.9,126,45.76,15.68,10.6,2024-07-15
False,207.0,yes,1,2.61,1.0,237.6,109,87.19,11.79,9.6,2022-09-08
1,43.0,no,0,0.0,,277.6,120,62.96,9.8,7.2,2025-10-27
SI,,no,1,3.55,0.0,215.7,92,93.88,11.85,13.3,2022-09-25
No,,yes ,0,0.0,1.0,237.3,119,53.1,7.25,9.3,2024-12-17
NO,71.0,yes,0,0.0,2.0,223.5,110,56.15,10.01,11.5,2025-04-15
NO,82.0,yes,0,0.0,,159.6,113,47.74,12.06,11.3,2025-01-27
False,137.0,yes,0,0.0,,135.7,116,48.41,14.85,6.6,2024-01-06
No,80.0,yes,0,0.0,0.0,139.3,96,39.67,8.09,7.8,2025-02-09
No,0.0,YES,1,1.69,2.0,173.6,117,64.43,10.23,6.4,2026-08-25
true,182.0,yes ,0,0.0,6.0,68.1,93,30.57,10.68,9.4,2023-03-03
no,100.0,yes,0,0.0,2.0,118.9,93,40.55,11.09,8.7,2024-09-21
no,19.0,yes,0,0.0,2.0,105.3,96,31.74,7.69,9.8,2026-04-13
No,4.0,yes,1,1.98,1.0,190.2,125,66.57,8.21,7.5,2026-07-25
False,40.0,yes,1,3.45,1.0,171.2,123,81.51,9.68,12.9,2025-11-20
no,111.0,YES,1,3.63,4.0,278.9,135,103.31,11.01,13.2,2024-07-12
0,101.0,Yes,0,0.0,3.0,174.9,95,46.95,9.33,13.0,2024-09-20
NO,144.0,yes,0,0.0,4.0,192.6,96,55.99,13.2,9.1,2023-11-19
No,201.0,yes,1,3.19,,42.9,126,51.59,6.66,11.9,2022-10-19
False,140.0,No,1,2.02,,281.5,89,85.92,9.93,7.5,2023-12-18
No ,14.0,YES,0,0.0,2.0,43.3,108,20.83,7.57,9.8,2026-05-18
no,165.0,yes,0,0.0,1.0,276.3,119,63.2,9.88,6.0,2023-06-25
no,117.0,YES,0,0.0,1.0,173.1,97,46.81,8.71,7.7,2024-05-25
No,199.0,Yes,0,0.0,,89.0,80,34.94,8.89,9.3,2022-11-02
NO,11.0,yes,0,0.0,0.0,209.5,149,54.16,10.48,8.5,2026-06-06
false,1.0,yes,1,3.44,2.0,81.1,138,61.6,7.67,12.8,2026-08-16
0,186.0,Yes,0,0.0,1.0,109.1,98,34.74,9.5,11.0,2023-02-03
false,135.0,YES,0,0.0,2.0,141.2,91,45.7,12.37,10.8,2024-01-26
false,125.0,Yes,0,0.0,1.0,231.4,115,59.34,11.56,9.5,2024-03-31
yes,12.0,yes,0,0.0,4.0,122.1,104,36.46,9.52,13.1,2026-06-02
No,110.0,yes,1,0.73,,148.8,86,,5.69,2.9,2024-07-13
No ,73.0,NO,0,0.0,1.0,182.8,106,,3.29,13.0,2025-04-03
false,18.0,yes,0,0.0,1.0,197.0,102,40.0,4.36,10.3,2026-04-24
False,133.0,yes,0,0.0,1.0,52.8,92,24.93,8.69,7.5,2024-02-05
No,134.0,yess,1,2.82,2.0,175.0,87,74.68,9.35,10.5,2024-01-29
False,7.0,yes ,0,0.0,2.0,188.5,93,57.26,14.13,11.9,2026-07-09
NO,56.0,yes,0,0.0,0.0,156.4,112,45.4,11.1,9.1,2025-07-27
no,12.0,Yes,0,0.0,3.0,190.6,113,,10.91,8.0,2026-06-02
true,4.0,yes,0,,3.0,242.6,83,63.08,12.23,9.9,2026-07-26
no,170.0,yes,0,0.0,1.0,164.3,83,44.15,7.52,14.1,2023-05-23
1,119.0,no ,0,0.0,1.0,147.8,125,44.29,11.13,14.4,2024-05-15
No,134.0,yess,1,2.53,99.0,157.6,83,65.7,7.98,9.5,2024-01-31
no,101.0,Yes,0,0.0,1.0,133.1,79,45.01,10.42,10.2,2024-09-18
False,25.0,no ,0,0.0,1.0,147.2,117,44.09,10.91,11.5,2026-03-04
No,99.0,no,1,3.23,0.0,223.4,116,85.11,8.68,11.9,2024-09-28
false,96.0,yes ,1,3.42,3.0,182.2,94,78.99,8.22,12.9,2024-10-25
No ,60.0,yess,0,0.0,3.0,149.8,146,39.56,8.01,8.3,2025-07-04
si,5.0,yes,0,0.0,3.0,268.9,85,63.6,10.32,4.5,2026-07-21
No,,YES,0,0.0,3.0,192.7,95,54.54,12.59,7.4,2022-11-11
No,161.0,yes,1,3.83,2.0,244.2,125,103.36,13.53,14.0,2023-07-23
No,141.0,yes,0,0.0,2.0,158.0,53,43.45,9.42,9.9,2023-12-12
false,26.0,YES,0,,1.0,218.4,99,56.78,11.93,9.4,2026-02-22
No,87.0,Yes,0,0.0,4.0,234.3,64,57.3,9.39,11.9,2024-12-27
Yes,200.0,Yes,1,2.94,,196.4,119,74.4,6.78,10.8,2022-10-23
false,64.0,yess,0,0.0,2.0,240.8,100,50.3,5.18,9.4,2025-06-05
NO,201.0,yess,0,0.0,1.0,198.7,73,51.98,10.14,5.2,2022-10-19
0,78.0,YES,0,0.0,4.0,241.3,110,56.16,8.09,7.8,2025-02-28
no,117.0,YES,0,0.0,1.0,272.2,120,63.91,10.02,5.9,2024-05-27
1,64.0,no ,1,2.27,1.0,267.8,104,89.65,13.08,8.4,2025-06-01
Yes,55.0,yes,0,0.0,1.0,271.3,102,68.26,11.91,8.5,2025-08-07
0,147.0,Yes,0,0.0,3.0,230.3,100,57.75,10.45,12.3,2023-11-03
no,149.0,yes,0,,1.0,216.3,76,52.24,8.42,8.0,2023-10-15
No,133.0,yess,0,0.0,,59.5,104,35.02,12.95,11.1,2024-02-05
NO,127.0,yes,0,0.0,1.0,149.8,104,46.61,12.13,6.7,2024-03-20
false,48.0,Yes,0,0.0,2.0,135.5,108,44.28,9.86,13.2,
no,151.0,YES,0,0.0,4.0,224.8,96,51.6,8.26,11.8,2023-10-02
no,113.0,yes,0,0.0,3.0,265.1,119,57.62,6.43,13.2,2024-06-28
no,71.0,yes,0,0.0,2.0,215.2,66,56.29,11.26,3.1,2025-04-15
No,133.0,no,0,0.0,1.0,197.4,89,49.22,9.45,7.8,2024-02-06
YES,64.0,no,0,0.0,1.0,177.1,109,44.51,8.49,7.8,2025-06-03
0,98.0,yes,0,0.0,2.0,144.9,107,43.76,10.48,9.9,2024-10-11
NO,23.0,yes,0,0.0,0.0,141.5,95,45.98,11.12,10.2,2026-03-18
Si,30.0,YES,0,0.0,1.0,190.0,104,54.37,12.38,10.3,2026-01-26
No ,128.0,yes,0,0.0,,116.7,129,32.79,6.85,7.4,2024-03-12
False,87.0,YES,0,0.0,1.0,82.1,77,30.57,8.33,7.1,2024-12-24
No ,202.0,yes,1,3.26,2.0,231.3,57,91.59,10.47,12.3,2022-10-11
NO,176.0,YES,0,0.0,1.0,193.1,106,53.51,10.27,12.6,2023-04-09
True,4.0,yes,0,0.0,1.0,259.3,124,66.85,13.76,11.2,2026-07-25
False,14.0,YES,1,4.57,0.0,184.3,78,93.34,9.72,16.9,2026-05-19
no,29.0,yes,0,0.0,2.0,179.7,87,42.58,7.15,11.7,2026-02-01
false,123.0,yes,0,0.0,2.0,104.7,88,39.65,12.33,9.1,2024-04-16
true,127.0,yes,0,0.0,3.0,253.3,124,62.94,11.63,8.5,2024-03-22
No,129.0,yes ,1,4.42,1.0,192.9,101,92.76,8.93,16.5,2024-03-06
0,146.0,YES,1,3.63,2.0,146.3,106,87.14,15.77,13.4,2023-11-05
No ,175.0,yes,0,0.0,1.0,83.9,73,34.02,9.39,10.6,2023-04-19
no,181.0,yes,1,3.41,2.0,138.1,113,72.5,9.01,12.5,2023-03-09
True,75.0,yes,1,3.75,4.0,156.9,98,74.51,5.76,13.9,2025-03-20
No ,185.0,YES,0,0.0,1.0,163.6,98,,10.22,8.4,2023-02-05
NO,27.0,yes,0,0.0,2.0,216.1,72,53.58,8.29,8.0,2026-02-19
False,205.0,yess,1,3.03,0.0,202.4,83,82.22,10.08,11.4,2022-09-18
0,76.0,Yes,1,,0.0,215.7,105,95.23,10.13,15.5,2025-03-13
yes,17.0,yes,0,0.0,1.0,235.5,136,62.82,13.53,13.8,2026-04-30
No,103.0,no,0,0.0,2.0,273.4,104,62.12,9.28,10.9,2024-09-02
No,163.0,YES,0,0.0,1.0,212.6,109,57.67,11.75,2.7,2023-07-08
no,195.0,yes,0,0.0,2.0,235.1,105,55.25,8.69,12.4,2022-12-02
false,108.0,No,1,3.48,0.0,175.1,127,83.37,11.05,12.8,2024-07-31
0,192.0,YES,1,3.63,1.0,121.9,158,68.02,6.7,13.3,2022-12-17
NO,118.0,yes,0,0.0,0.0,192.6,88,60.01,15.96,6.5,2024-05-21
No,159.0,yes,0,0.0,0.0,36.3,133,30.11,14.01,11.4,2023-08-10
False,134.0,YES,0,0.0,0.0,103.0,120,40.21,13.34,7.1,2024-01-30
Si,65.0,yes,0,0.0,3.0,153.8,122,44.62,10.68,11.9,2025-05-28
No,159.0,yes ,0,0.0,1.0,229.0,81,51.1,6.96,3.4,2023-08-09
No,62.0,yess,0,0.0,1.0,189.2,43,47.95,8.06,8.5,2025-06-20
No,20.0,yes,0,0.0,2.0,220.8,98,55.74,10.51,13.7,missing_date
No ,115.0,YES,1,2.81,1.0,161.8,103,72.61,9.46,10.5,2024-06-13
NO,125.0,yes ,0,0.0,3.0,98.4,112,39.99,13.47,13.2,2024-04-01
No,104.0,yes,1,2.63,2.0,102.8,83,66.43,13.24,10.0,2024-08-28
No ,165.0,yes,0,0.0,4.0,180.2,111,46.06,8.33,9.9,2023-06-24
No ,24.0,Yes,0,0.0,1.0,185.2,121,46.73,9.11,5.2,2026-03-11
false,189.0,yes ,1,2.04,2.0,241.2,109,79.77,11.23,7.3,2023-01-08
no,121.0,yess,0,0.0,0.0,197.3,130,53.48,10.75,12.5,2024-04-27
0,72.0,yess,0,0.0,0.0,187.9,109,46.75,5.68,12.3,2025-04-11
No,203.0,n0,0,0.0,1.0,232.1,91,,8.25,10.0,2022-10-07
False,90.0,yes,0,0.0,1.0,231.2,115,58.69,11.5,9.3,2024-12-06
no,202.0,YES,0,0.0,3.0,74.4,116,23.03,5.63,9.4,2022-10-11
NO,,YES,0,0.0,1.0,178.2,88,55.08,13.71,12.3,2023-11-30
No ,56.0,YES,0,0.0,1.0,211.0,91,57.62,11.33,13.1,2025-07-26
No,32.0,yes,1,3.32,1.0,61.3,102,66.44,12.7,12.4,2026-01-12
No,51.0,yess,0,0.0,3.0,104.6,112,24.4,4.28,15.7,2025-09-04
NO,81.0,Yes,1,3.63,1.0,195.6,130,86.95,9.99,13.1,
false,122.0,yes,0,0.0,2.0,93.9,90,33.52,9.64,9.2,2024-04-25
No,,yes ,0,0.0,0.0,128.4,120,42.85,11.52,13.6,2024-10-26
No,100.0,YES,1,2.42,2.0,162.6,76,63.3,6.63,8.8,2024-09-24
Si,164.0,no,0,0.0,4.0,228.3,134,60.59,12.88,10.0,2023-07-07
False,160.0,yess,0,0.0,1.0,154.5,80,41.08,6.6,9.0,2023-07-30
No,76.0,yes ,0,0.0,1.0,84.7,102,37.5,13.82,10.6,2025-03-13
Si,89.0,YES,0,0.0,7.0,127.0,120,41.68,9.91,12.1,2024-12-13
false,170.0,YES,0,0.0,1.0,94.2,104,34.48,10.4,5.5,2023-05-22
False,181.0,yes,0,0.0,2.0,181.0,102,49.16,10.74,8.8,2023-03-08
No,108.0,YES,0,0.0,1.0,248.5,116,53.48,6.43,6.8,
no,190.0,no,0,0.0,1.0,156.2,115,38.62,6.48,7.3,2022-12-31
NO,69.0,yes,1,2.89,1.0,191.3,92,81.61,12.45,10.7,2025-05-01
false,115.0,yess,0,0.0,0.0,113.9,69,42.4,12.54,7.4,2024-06-08
No,119.0,yess,1,1.89,1.0,210.8,129,72.32,9.94,6.9,2024-05-17
No,128.0,yes,0,0.0,1.0,166.3,104,38.61,4.11,12.9,2024-03-10
no,115.0,yes,1,3.03,1.0,182.3,118,72.91,6.24,11.1,13/06/2024
no,103.0,yes,1,3.6,2.0,246.5,111,87.92,6.78,13.4,2024-09-04
NO,69.0,Yes,0,0.0,4.0,221.4,79,56.73,10.66,11.9,2025-04-26
false,6.0,Yes,0,0.0,0.0,189.1,108,58.24,12.8,6.4,2026-07-16
No,,yes,0,0.0,0.0,137.2,106,42.6,11.47,9.9,2026-08-23
False,78.0,Yes,1,1.8,1.0,214.3,121,79.14,14.24,6.9,2025-02-23
False,129.0,yess,0,0.0,1.0,155.9,91,43.35,9.68,13.1,2024-03-07
No,208.0,yes,1,2.12,1.0,217.9,107,66.52,4.9,7.9,2022-09-02
No,157.0,yess,0,0.0,0.0,116.2,117,49.9,14.44,12.3,2023-08-21
false,50.0,yess,0,0.0,4.0,181.6,103,53.79,10.18,11.3,2025-09-08
No ,,yes,1,3.11,1.0,172.9,108,81.86,12.49,11.5,2023-06-15
False,27.0,yes,1,3.36,2.0,153.0,92,79.4,10.82,12.7,2026-02-19
no,69.0,yes,0,0.0,4.0,214.7,128,55.61,11.0,6.6,2025-05-02
False,106.0,yess,0,0.0,1.0,263.6,86,67.41,12.97,5.8,2024-08-14
YES,206.0,yes,0,0.0,7.0,148.4,83,41.45,9.39,7.9,2022-09-12
0,60.0,yes,0,0.0,1.0,221.9,139,53.01,7.92,11.3,2025-07-03
False,155.0,YES,0,0.0,2.0,201.1,99,51.99,9.72,13.2,2023-09-02
NO,31.0,yes ,0,0.0,0.0,104.4,92,28.64,6.32,14.5,2026-01-20
False,70.0,Yes,0,0.0,1.0,211.4,105,50.43,6.02,9.6,2025-04-24
No,142.0,yes,0,0.0,1.0,187.0,104,56.66,12.58,11.0,2023-12-08
No,165.0,NO,1,2.15,3.0,219.0,117,77.83,10.39,8.2,2023-06-28
No ,139.0,yes,0,0.0,0.0,216.0,106,58.5,10.75,10.3,2023-12-25
Si,193.0,yess,0,0.0,0.0,218.1,121,65.05,15.13,12.3,2022-12-14
No,37.0,yes,1,2.91,1.0,171.2,104,63.67,3.22,10.9,2025-12-11
No,167.0,yess,1,3.11,2.0,137.5,88,68.86,7.78,11.3,2023-06-15
No ,13.0,yes,0,0.0,1.0,97.4,95,38.39,9.76,0.0,2026-05-25
No,204.0,yes,1,2.08,3.0,251.7,87,83.17,11.37,7.6,2022-09-30
No,56.0,yes,0,0.0,,158.3,67,40.6,6.29,11.0,2025-07-27
No,119.0,yes,0,0.0,3.0,169.0,84,43.37,8.2,12.8,2024-05-14
0,11.0,yes,1,2.92,0.0,174.5,112,69.75,6.87,10.9,
false,173.0,yes,0,0.0,1.0,260.3,108,52.35,5.14,9.7,2023-05-05
false,14.0,YES,0,0.0,3.0,199.2,157,46.47,7.9,9.3,2026-05-22
0,24.0,yes,0,0.0,3.0,153.7,99,41.42,6.8,3.8,2026-03-07
No,125.0,Yes,0,0.0,3.0,179.2,120,55.34,14.88,7.6,2024-04-02
No,62.0,yes,1,2.44,2.0,145.1,112,65.59,9.78,8.7,2025-06-17
No,170.0,YES,0,0.0,2.0,201.4,80,49.28,8.36,9.2,2023-05-21
no,119.0,yes,0,0.0,1.0,188.8,84,54.91,13.58,10.0,2024-05-16
si,196.0,Yes,0,,2.0,321.9,106,73.02,10.2,9.3,2022-11-21
No,92.0,no,0,,2.0,200.2,117,60.29,14.58,11.2,2024-11-19
false,184.0,yes,1,3.28,1.0,212.4,115,82.88,8.11,12.3,2023-02-12
True,201.0,no,0,0.0,1.0,165.0,84,53.2,14.33,11.7,2022-10-16
yes,125.0,yes ,0,0.0,2.0,324.8,67,74.88,8.82,10.8,2024-04-03
No,75.0,yes,1,3.51,0.0,221.9,97,89.55,9.18,13.0,2025-03-19
no,151.0,yes,1,1.75,1.0,190.7,113,61.41,6.28,6.3,2023-10-04
NO,9.0,yes,1,3.53,2.0,196.5,84,79.54,6.03,13.1,2026-06-26
No ,172.0,yes ,0,0.0,1.0,168.1,105,37.94,4.05,12.6,2023-05-06
False,87.0,yes,1,1.96,1.0,217.1,75,65.8,5.51,7.4,2024-12-26
False,39.0,YES,0,0.0,4.0,190.0,78,51.86,10.99,9.3,2025-11-22
No,14.0,YES,1,2.7,2.0,151.6,95,76.71,13.82,9.9,2026-05-18
si,200.0,no,0,0.0,1.0,167.9,83,,14.3,11.6,2022-10-23
Yes,34.0,no,0,0.0,1.0,226.3,78,65.88,16.39,8.7,2026-01-01
NO,166.0,yes ,0,0.0,6.0,261.6,106,66.94,10.26,10.1,2023-06-22
NO,41.0,yes,0,0.0,1.0,173.7,126,51.59,12.86,11.5,2025-11-09
false,174.0,yes,0,0.0,1.0,138.2,132,46.17,10.44,7.9,2023-04-22
no,132.0,yes,0,0.0,1.0,157.5,89,45.94,11.26,6.0,2024-02-10
yes,155.0,no,0,0.0,0.0,311.7,109,65.36,6.52,10.5,2023-09-06
true,6.0,yes,0,0.0,2.0,266.3,119,72.01,14.98,5.7,2026-07-16
No,116.0,yes,0,0.0,0.0,217.7,80,68.69,15.97,4.1,2024-06-04
NO,203.0,yes ,0,0.0,3.0,118.9,98,,10.55,16.0,2022-10-02
NO,0.0,yes ,0,0.0,0.0,209.0,115,54.16,10.54,9.6,2026-08-26
Yes,152.0,yes,1,1.68,2.0,245.3,106,78.55,11.31,6.1,2023-09-29
False,116.0,yes,1,3.95,1.0,64.9,76,66.68,9.18,14.6,2024-06-02
false,98.0,yes,0,0.0,1.0,202.5,85,54.74,10.58,7.8,2024-10-06
false,150.0,yes,0,0.0,1.0,196.4,70,42.9,6.32,14.2,2023-10-07
NO,140.0,yess,0,0.0,5.0,203.8,91,51.23,8.75,12.4,2023-12-22
No,137.0,yes,0,0.0,3.0,235.7,103,48.06,3.97,5.9,2024-01-12
False,58.0,yes,1,2.27,4.0,226.2,93,77.5,9.51,8.5,2025-07-18
false,7.0,YES,0,0.0,1.0,184.9,87,50.88,8.48,9.5,2026-07-07
No,110.0,yess,0,0.0,3.0,228.6,118,52.27,7.44,11.6,2024-07-14
No,132.0,yes,0,0.0,1.0,179.3,125,44.72,8.07,6.6,2024-02-16
0,8.0,yes,1,3.1,2.0,98.7,57,64.82,10.17,11.3,2026-06-27
0,144.0,yes ,0,0.0,0.0,216.7,79,67.89,16.09,4.5,2023-11-22
0,7.0,YES,1,2.4,1.0,226.7,81,83.85,11.73,9.0,2026-07-08
False,1.0,yes,0,0.0,0.0,177.6,105,46.4,7.23,11.9,2026-08-19
False,1.0,yes,0,0.0,3.0,227.5,123,56.42,8.45,5.7,2026-08-17
false,197.0,yess,0,,3.0,111.4,101,29.69,6.12,12.6,2022-11-13
no,186.0,yes,1,2.57,2.0,215.6,117,71.95,5.74,9.4,2023-01-31
No,78.0,yes,1,1.91,1.0,203.8,85,79.24,14.78,6.9,2025-02-23
true,80.0,yes,0,0.0,2.0,316.8,103,72.14,10.8,12.7,2025-02-08
No,104.0,yes,0,0.0,2.0,87.5,94,27.07,6.83,14.4,2024-08-27
No,150.0,yes ,0,0.0,3.0,90.3,67,30.9,8.99,12.3,2023-10-11
false,40.0,yes,0,0.0,3.0,128.3,89,39.33,9.82,0.0,2025-11-15
No,134.0,yes ,0,0.0,1.0,93.2,104,33.87,10.33,5.7,2024-01-30
No,62.0,no,1,2.43,2.0,126.0,138,70.36,13.78,8.8,2025-06-19
False,113.0,yes,0,0.0,0.0,214.4,126,53.19,9.48,12.4,2024-06-23
si,68.0,YES,1,2.41,6.0,110.6,90,65.95,13.13,9.0,2025-05-04
NO,77.0,YES,1,1.93,2.0,194.3,105,65.43,7.78,7.3,2025-03-02
No,160.0,yes,0,0.0,0.0,104.0,149,39.45,12.51,14.9,2023-08-01
No ,158.0,yes,1,1.26,4.0,160.7,115,60.78,12.47,4.4,2023-08-16
No,6.0,Yes,1,1.47,2.0,132.8,109,53.78,9.35,5.6,2026-07-11
False,175.0,YES,1,2.54,1.0,137.4,60,67.98,11.54,9.5,2023-04-19
false,6.0,yess,1,2.93,0.0,161.6,114,75.21,10.48,10.9,2026-07-12
NO,19.0,yess,0,0.0,0.0,169.1,136,49.22,12.1,15.6,2026-04-16
true,14.0,yes,0,0.0,1.0,215.1,63,52.99,8.89,9.0,2026.05.20
yes,203.0,yes,0,0.0,2.0,278.7,103,64.72,10.12,8.0,2022-10-06
NO,63.0,yess,0,0.0,3.0,161.5,104,44.81,10.48,10.4,2025-06-13
no,148.0,yess,0,0.0,1.0,105.6,127,46.43,14.36,15.0,2023-10-26
0,197.0,yes,0,0.0,1.0,127.6,63,,11.16,10.1,2022-11-17
No,3.0,yes,0,0.0,1.0,136.0,103,41.52,8.16,8.3,2026-08-01
true,50.0,YES,0,0.0,2.0,215.4,86,64.43,14.02,10.5,2025-09-07
No,161.0,yes,0,0.0,0.0,147.2,110,46.76,13.29,8.8,2023-07-24
false,200.0,yes,1,2.81,1.0,107.7,131,66.29,11.62,10.6,2022-10-28
False,127.0,yess,0,0.0,0.0,150.8,89,36.68,6.56,11.7,2024-03-22
No,183.0,yes,0,0.0,1.0,144.8,71,40.31,8.26,8.4,2023-02-24
No ,160.0,YES,1,3.88,1.0,196.5,76,97.19,13.88,14.3,2023-07-29
si,182.0,yes,0,0.0,1.0,278.4,95,67.93,12.05,11.7,2023-02-26
Yes,200.0,no,0,0.0,1.0,136.2,45,39.79,9.22,10.8,2022-10-28
Si,40.0,yes,0,0.0,3.0,239.5,88,64.48,12.06,10.8,2025-11-19
0,153.0,Yes,0,0.0,1.0,186.8,128,51.06,10.42,15.0,2023-09-16
0,92.0,yes,0,0.0,0.0,190.2,113,49.72,10.24,9.2,2024-11-18
No,100.0,yes,0,0.0,1.0,126.3,95,30.8,5.2,11.1,2024-09-25
false,176.0,yes,0,0.0,1.0,252.6,87,58.11,8.82,5.5,2023-04-09
No,44.0,YES,0,0.0,1.0,108.2,112,36.53,8.44,9.3,
no,183.0,yes,0,0.0,2.0,208.7,105,47.39,6.68,11.2,2023-02-19
No,17.0,yes,0,0.0,0.0,209.4,119,50.99,7.75,11.0,2026-04-26
False,170.0,Yes,0,0.0,3.0,184.9,99,45.27,8.31,6.3,2023-05-21
No,171.0,yes ,0,0.0,2.0,163.9,92,47.97,11.62,11.6,2023-05-19
No,102.0,Yes,0,0.0,1.0,206.4,113,50.73,8.75,12.0,2024-09-09
False,139.0,yess,1,2.6,3.0,166.9,112,69.94,8.7,9.5,2023-12-25
false,118.0,yes,1,2.42,1.0,161.6,109,69.4,10.21,8.8,2024-05-23
No,160.0,yes,0,0.0,1.0,178.3,94,50.13,8.85,7.5,2023-07-30
False,112.0,no,1,2.99,1.0,175.0,106,73.21,7.67,11.2,2024-07-03
False,,Yes,0,0.0,1.0,240.5,123,59.83,11.14,11.0,2025-09-29
NO,70.0,Yes,0,0.0,0.0,57.3,64,31.72,12.05,11.4,2025-04-19
1,81.0,no,0,0.0,0.0,162.0,117,52.08,11.55,13.5,2025-02-05
Yes,32.0,yes,0,0.0,5.0,123.3,87,39.64,10.67,11.9,2026-01-11
No,74.0,YES,0,,2.0,203.2,98,57.28,11.79,15.1,2025-03-22
False,144.0,YES,0,0.0,1.0,211.7,69,54.97,10.88,7.9,2023-11-21
0,39.0,yess,1,2.23,0.0,276.7,121,,10.2,8.1,2025-11-25
No,128.0,yes,1,4.05,1.0,192.1,96,93.32,11.95,15.1,2024-03-11
false,143.0,yes,0,0.0,,231.7,102,54.07,8.34,10.0,2023-11-28
NO,15.0,yess,0,0.0,0.0,193.8,115,51.45,10.61,12.8,2026-05-09
0,103.0,yes,1,2.44,1.0,242.9,136,86.18,11.94,8.9,2024-09-03
No,163.0,yes,1,,,130.5,62,75.64,9.29,13.4,2023-07-12
No,100.0,NO,0,0.0,0.0,204.6,100,56.24,12.38,11.9,2024-09-26
true,17.0,yes,0,0.0,3.0,154.8,121,55.37,16.53,5.6,2026-05-01
No,54.0,Yes,0,0.0,2.0,117.7,121,33.84,6.31,10.3,2025-08-09
0,87.0,Yes,0,0.0,3.0,171.5,83,50.94,12.22,9.6,2024-12-26
false,34.0,yess,0,0.0,2.0,206.9,68,57.5,12.45,10.8,2026-01-02
Yes,109.0,yes,0,0.0,1.0,274.5,83,66.73,12.39,9.6,2024-07-23
No,136.0,yes,1,3.94,2.0,245.6,87,105.63,13.29,14.8,2024-01-16
1,89.0,yes,0,,4.0,175.5,57,45.29,9.24,7.7,2024-12-10
False,115.0,yes,0,0.0,,244.1,114,56.76,8.36,11.1,2024-06-09
No ,0.0,yes ,0,0.0,2.0,149.5,80,54.89,14.31,6.4,2026-08-27
NO,85.0,yes,0,0.0,2.0,50.3,123,24.69,7.57,10.2,2025-01-05
NO,188.0,yes,0,0.0,1.0,153.2,145,,9.04,10.5,2023-01-15
false,26.0,yes,0,0.0,1.0,224.8,110,54.51,9.61,9.2,2026-02-24
No,170.0,yes,1,3.19,4.0,270.1,96,97.47,10.95,11.9,2023-05-26
false,195.0,Yes,1,,0.0,61.5,124,67.48,15.27,12.1,2022-12-01
Yes,174.0,no ,0,0.0,5.0,122.2,112,31.21,6.64,10.6,2023-04-25
No,68.0,yes ,1,2.42,0.0,64.0,123,45.0,5.05,9.1,2025-05-03
False,-14.0,yes,0,0.0,0.0,207.0,109,49.19,8.21,8.0,
no,169.0,yes,0,0.0,3.0,176.9,82,50.84,12.25,9.6,2023-06-02
no,122.0,yess,0,0.0,,143.3,116,44.79,11.65,7.9,2024-04-21
0,134.0,yess,0,0.0,1.0,186.1,142,50.41,10.61,10.0,2024-02-02
False,59.0,yes,0,0.0,2.0,161.8,86,51.45,12.84,7.0,2025-07-08
true,131.0,yes,0,0.0,0.0,273.6,93,66.73,11.5,6.2,
no,55.0,YES,0,0.0,2.0,167.6,101,43.13,8.29,6.8,2025-08-02
0,149.0,yes,0,0.0,1.0,152.7,145,41.54,9.15,10.5,2023-10-15
No,60.0,yes,0,0.0,3.0,180.5,110,45.18,8.42,11.2,2025-07-04
NO,42.0,yes,0,0.0,2.0,51.1,106,30.75,10.95,11.4,2025-11-02
No,12.0,yes,0,0.0,1.0,210.6,85,60.78,12.53,12.7,2026-05-31
NO,180.0,Yes,1,,0.0,157.0,123,73.85,12.97,9.6,2023-03-17
No,182.0,yes,1,3.29,1.0,166.3,138,71.69,5.65,12.2,2023-03-03
NO,10.0,yes,1,2.18,2.0,231.9,85,81.1,11.13,8.2,2026-06-17
No ,95.0,Yes,1,3.44,1.0,170.8,123,81.5,9.67,12.7,2024-10-28
Si,61.0,yes,1,3.24,4.0,131.8,104,67.96,8.29,11.9,27/06/2025
No,,yes,0,0.0,1.0,170.9,144,56.78,13.88,10.1,2026-01-30
No,138.0,yess,0,0.0,3.0,229.1,100,54.38,8.06,14.3,2024-01-01
no,147.0,yes,0,0.0,1.0,208.5,65,55.94,12.33,12.0,2023-10-29
No ,98.0,yes ,1,4.71,1.0,93.0,137,80.83,9.68,17.5,2024-10-09
False,188.0,yes ,0,,2.0,215.1,94,52.02,9.29,10.1,2023-01-19
false,152.0,YES,0,0.0,,148.2,115,46.36,12.32,8.2,2023-09-23
No,154.0,yes,0,0.0,1.0,228.1,102,54.84,8.85,12.1,2023-09-11
False,125.0,yes,1,3.16,0.0,40.6,125,51.34,6.64,12.0,2024-04-02
0,21.0,YES,0,0.0,1.0,80.1,69,34.0,12.03,12.5,2026-03-29
No,195.0,yes ,0,0.0,2.0,142.7,87,41.3,9.91,7.8,2022-11-26
No ,12.0,yes ,0,0.0,1.0,213.6,76,49.83,7.1,12.0,2026-06-05
No,181.0,yes,0,0.0,1.0,95.6,94,36.95,9.85,0.2,2023-03-04
false,76.0,yess,0,0.0,1.0,82.9,104,32.27,10.18,9.2,2025-03-11
NO,107.0,yes ,1,3.4,1.0,255.8,107,96.24,11.27,12.8,2024-08-04
Yes,32.0,yes,0,0.0,4.0,176.6,128,38.52,5.13,10.5,2026-01-14
No ,9.0,yes,0,0.0,1.0,247.7,76,56.32,9.08,12.8,2026-06-26
no,179.0,yes,0,0.0,4.0,191.6,90,50.09,9.73,9.7,2023-03-20
No,110.0,yes ,1,3.21,1.0,118.6,103,72.36,10.84,12.0,2024-07-18
0,168.0,yes,0,0.0,2.0,118.1,81,36.44,9.18,10.8,2023-06-03
Si,129.0,yes,0,0.0,4.0,155.5,91,42.61,9.36,13.6,2024-03-06
NO,120.0,yes,0,0.0,1.0,140.0,95,39.83,9.63,11.1,2024-05-09
No,71.0,Yes,0,0.0,,195.1,79,54.41,10.14,11.7,2025-04-14
No,48.0,yess,0,0.0,1.0,168.3,143,49.01,11.32,11.3,2025-09-24
no,199.0,yes,1,2.84,3.0,181.1,115,77.24,10.05,10.3,2022-11-04
NO,15.0,Yes,0,0.0,3.0,149.0,106,38.21,6.81,11.3,2026-05-15
No,166.0,yes,0,0.0,0.0,193.9,103,53.99,12.05,12.0,2023-06-23
0,105.0,yes,0,0.0,1.0,155.6,93,45.11,10.82,7.6,2024-08-23
No,184.0,yes ,0,0.0,2.0,197.2,92,44.93,5.9,6.0,2023-02-15
false,29.0,yes ,0,0.0,2.0,70.1,125,32.43,10.53,0.1,2026-02-03
True,90.0,yes,0,0.0,5.0,93.2,94,30.26,8.19,11.4,2024-11-30
No,3.0,No,1,3.15,1.0,220.9,78,84.01,7.87,11.6,2026-08-01
False,144.0,Yes,0,0.0,0.0,225.9,101,51.63,7.19,8.0,2023-11-23
false,2.0,yes,0,0.0,0.0,220.6,93,55.9,10.74,11.2,2026-08-14
No,54.0,yes,0,0.0,1.0,99.7,77,37.9,12.58,14.3,2025-08-15
No,158.0,yes,1,2.05,2.0,176.2,138,64.28,7.61,7.8,2023-08-15
False,177.0,n0,1,2.67,1.0,130.6,124,62.35,8.86,9.6,2023-04-03
False,110.0,yess,1,1.67,5.0,286.8,110,86.5,11.85,6.3,2024-07-18
no,13.0,yes,0,0.0,2.0,136.5,65,42.48,10.41,9.2,2026-05-29
NO,37.0,yes,0,0.0,1.0,236.7,78,51.0,6.72,13.4,2025-12-07
No,158.0,yes,0,0.0,1.0,157.2,119,45.65,10.62,10.3,2023-08-13
No ,120.0,YES,1,1.9,0.0,59.2,103,48.79,10.82,7.1,2024-05-07
No,103.0,yes,1,2.8,3.0,249.3,106,91.65,11.59,10.4,2024-08-31
No,86.0,yes,0,0.0,4.0,157.6,107,49.65,11.67,7.6,2025-01-02
No,123.0,yes,0,0.0,0.0,150.1,119,43.25,10.04,14.3,2024-04-19
False,161.0,yes ,1,0.1,1.0,153.9,95,38.91,7.74,0.0,2023-07-24
no,13.0,yes,0,0.0,1.0,109.7,113,36.59,8.58,9.3,2026-05-27
0,0.0,Yes,0,0.0,5.0,238.7,114,54.56,7.39,10.4,2026-08-23
No,8.0,yes,0,0.0,1.0,105.9,84,30.87,6.96,11.3,2026-06-30
No,62.0,yes ,1,0.1,2.0,68.6,98,24.1,8.78,0.0,2025-06-16
No ,8.0,YES,0,0.0,1.0,165.2,115,45.31,9.88,8.0,2026-07-01
No,203.0,YES,1,3.14,1.0,207.2,94,80.08,8.24,11.6,2022-10-02
NO,128.0,n0,1,2.83,1.0,97.1,117,58.18,7.83,10.4,2024-03-09
false,199.0,Yes,0,0.0,,188.6,109,,5.8,13.2,2022-11-03
No,106.0,no,0,0.0,2.0,163.0,106,46.04,9.76,9.6,2024-08-10
No,123.0,yes,1,3.37,1.0,151.3,119,79.54,11.48,12.2,2024-04-16
false,152.0,YES,1,2.72,1.0,165.0,113,72.15,8.76,10.1,2023-09-25
No,97.0,yes,0,0.0,1.0,125.8,96,40.37,10.44,12.9,2024-10-15
true,64.0,yes ,1,2.51,2.0,215.8,124,82.5,11.67,9.3,2025-06-06
0,81.0,YES,0,0.0,0.0,201.0,60,49.46,8.01,8.4,2025-02-02
False,125.0,yess,0,0.0,2.0,176.8,131,50.47,12.05,8.9,2024-03-31
no,166.0,yes,0,0.0,2.0,111.1,122,33.17,6.51,10.1,2023-06-23
No,82.0,yes,0,0.0,0.0,175.6,104,48.6,8.62,8.2,2025-01-25
false,68.0,yes,0,0.0,4.0,222.9,133,62.15,13.77,13.6,2025-05-07
No,117.0,YES,0,0.0,2.0,47.0,107,21.08,7.37,9.9,2024-05-28
NO,37.0,yes,0,0.0,2.0,137.3,128,41.76,10.96,10.2,2025-12-07
No,81.0,yes,0,0.0,1.0,167.8,120,42.82,8.45,12.3,2025-02-04
No,32.0,No,0,0.0,0.0,225.8,98,52.62,7.35,7.9,2026-01-11
No,122.0,yess,0,0.0,2.0,174.8,78,46.58,9.9,9.9,2024-04-24
No,181.0,YES,0,0.0,3.0,230.0,99,58.01,10.47,12.4,2023-03-09
No,142.0,yes ,0,0.0,1.0,201.5,91,48.61,8.17,8.9,2023-12-02
No,143.0,Yes,0,0.0,,203.7,87,48.63,6.87,10.2,2023-12-01
YES,61.0,yes,0,0.0,1.0,295.7,89,76.05,14.72,10.9,2025-06-21
1,194.0,yes,0,0.0,3.0,191.4,81,48.37,9.14,10.8,2022-12-06
yes,202.0,yes ,0,0.0,2.0,277.2,117,64.47,10.15,10.7,2022-10-13
0,82.0,Yes,0,0.0,2.0,211.5,99,51.65,9.29,13.2,2025-01-28
No,60.0,yes,0,0.0,2.0,203.3,95,48.41,8.43,13.7,2025-07-03
0,66.0,yes ,0,0.0,1.0,190.8,122,58.07,15.12,8.0,2025-05-21
False,42.0,yes,0,,2.0,195.3,147,47.76,8.69,5.5,2025-11-06
No,137.0,yes,0,0.0,,124.8,68,36.95,8.45,9.6,2024-01-08
1,174.0,no,0,0.0,1.0,60.8,109,25.82,9.07,10.4,2023-04-28
no,140.0,No,0,0.0,1.0,188.0,99,47.52,8.02,13.0,2023-12-21
no,26.0,yes,1,3.28,2.0,144.8,34,79.97,13.01,11.9,2026-02-26
No,192.0,yess,0,0.0,0.0,152.4,81,36.6,6.09,10.5,2022-12-20
No ,93.0,yes,1,2.09,1.0,92.9,103,49.31,7.46,7.7,2024-11-11
No,129.0,yes,0,0.0,3.0,229.7,93,58.41,11.13,9.7,2024-03-03
No,177.0,yes,0,0.0,1.0,163.8,85,48.68,12.16,10.0,2023-04-05
false,193.0,YES,0,0.0,2.0,136.3,98,41.48,10.07,12.5,2022-12-13
0,133.0,yes,0,0.0,2.0,174.0,80,50.47,11.89,11.6,2024-02-09
No,5.0,yes,0,0.0,2.0,171.3,98,,7.95,7.6,2026-07-23
No,60.0,yes,1,2.23,1.0,169.4,109,64.95,6.76,8.3,2025-07-04
No ,81.0,yes,0,0.0,2.0,188.2,118,53.3,11.7,10.0,2025-02-03
0,7.0,yes ,1,2.41,999.0,203.7,102,69.06,5.93,8.9,2026-07-05
false,40.0,Yes,0,0.0,2.0,186.1,114,47.83,9.61,10.1,2025-11-19
no,79.0,yess,0,0.0,2.0,214.4,29,53.27,7.37,10.7,2025-02-17
No,20.0,yes,0,0.0,6.0,261.4,108,65.34,10.35,10.0,2026-04-06
No,46.0,YES,1,2.44,1.0,154.7,69,66.0,8.76,9.0,2025-10-06
False,12.0,yes ,1,3.48,,212.4,89,91.9,12.31,13.1,2026-06-03
True,201.0,no,0,0.0,0.0,229.8,131,59.63,12.07,11.1,2022-10-16
Yes,142.0,yes,0,0.0,0.0,143.8,125,44.84,10.17,13.4,2023-12-05
False,59.0,yes,1,1.04,0.0,197.4,117,65.27,12.65,4.0,2025-07-06
No,58.0,no ,0,0.0,3.0,115.5,86,40.78,11.46,10.2,2025-07-12
False,177.0,yess,1,2.41,0.0,189.4,99,79.03,13.16,8.9,2023-04-03
No,94.0,yes,0,0.0,1.0,138.1,108,40.89,10.18,11.6,
0,142.0,yes,0,0.0,1.0,115.5,85,36.26,9.32,9.6,2023-12-04
false,184.0,yes,1,1.95,2.0,220.3,113,78.22,12.81,7.0,2023-02-16
False,132.0,n0,0,0.0,2.0,156.5,114,43.03,8.94,10.9,2024-02-16
False,91.0,yess,0,0.0,0.0,141.9,87,51.77,13.43,7.1,2024-11-29
0,77.0,no,0,0.0,1.0,154.6,114,35.1,5.25,12.2,2025-03-07
No,195.0,yess,0,,1.0,132.9,108,41.4,10.96,11.0,2022-11-28
No,100.0,n0,0,0.0,2.0,105.1,134,48.13,15.99,8.3,2024-09-26
No,174.0,yes,0,0.0,3.0,176.7,131,39.7,5.56,6.5,2023-04-27
No,74.0,yes,0,0.0,2.0,244.9,115,60.89,9.61,13.4,2025-03-27
1,201.0,no,0,0.0,3.0,159.7,71,44.79,10.15,10.0,2022-10-15
No,99.0,yes,0,0.0,2.0,193.8,121,48.55,8.92,7.0,2024-10-04
NO,194.0,Yes,1,3.28,1.0,216.8,104,83.5,7.66,12.2,2022-12-03
No,103.0,Yes,1,2.95,2.0,111.0,69,64.81,9.3,10.9,2024-09-03
false,180.0,yes ,0,0.0,2.0,167.6,119,41.18,7.12,7.4,2023-03-14
No,99.0,Yes,1,1.44,5.0,178.8,97,64.0,10.99,5.2,2024-09-29
0,135.0,yess,0,0.0,2.0,182.3,101,51.55,10.49,9.2,2024-01-25
False,145.0,yes,1,2.64,4.0,249.6,69,87.35,10.46,9.8,2023-11-13
SI,112.0,no ,1,2.56,2.0,224.8,80,79.78,9.58,9.4,2024-07-02
no,29.0,no ,0,0.0,1.0,170.1,113,53.22,13.53,8.7,2026-02-03
no,133.0,yes,0,0.0,2.0,102.3,121,32.92,6.98,7.4,2024-02-08
no,40.0,yes,0,0.0,1.0,192.9,90,49.81,9.77,8.4,2025-11-17
NO,151.0,yes ,1,3.46,1.0,223.6,77,89.52,9.44,13.0,2023-10-04
No ,15.0,yess,1,2.84,2.0,191.5,98,80.23,11.21,10.3,2026-05-14
False,109.0,yes,0,0.0,1.0,83.6,134,21.47,4.03,10.7,2024-07-21
0,131.0,yes,1,3.6,0.0,60.8,113,61.7,8.31,13.4,2024-02-18
no,1.0,yes ,0,0.0,0.0,210.2,66,58.96,13.67,12.8,2026-08-20
No ,56.0,yes,1,3.34,4.0,209.5,118,81.99,7.15,12.4,2025-07-30
No,73.0,no,0,0.0,2.0,194.4,81,55.02,12.29,11.1,2025-04-02
false,103.0,yes,0,0.0,0.0,162.0,72,48.76,12.69,15.7,2024-09-06
No,161.0,yes,0,0.0,1.0,244.5,77,56.97,9.14,12.9,2023-07-24
No,102.0,yes,0,0.0,0.0,176.9,79,,11.59,14.6,2024-09-09
1,152.0,yes,0,0.0,3.0,247.9,96,65.19,13.18,12.7,2023-09-28
No,139.0,YES,0,0.0,1.0,275.5,150,63.57,9.35,13.7,2023-12-26
no,43.0,yes,0,,1.0,160.3,80,42.24,8.44,12.3,2025-10-26
0,1.0,Yes,0,0.0,1.0,110.8,120,38.67,11.57,11.9,2026-08-21
no,114.0,Yes,1,2.59,0.0,278.1,89,83.02,4.64,9.7,2024-06-20
0,176.0,yes ,0,0.0,0.0,170.2,76,40.02,6.2,10.1,2023-04-12
No ,82.0,YES,0,0.0,1.0,118.8,126,37.63,9.5,14.4,2025-01-29
NO,132.0,yes,1,2.44,1.0,157.2,102,79.44,16.03,8.9,2024-02-15
yes,199.0,yess,0,0.0,2.0,278.2,122,62.51,9.11,9.4,2022-10-31
No,166.0,yes,0,0.0,2.0,187.7,118,53.53,11.65,10.2,2023-06-17
No,46.0,yes,1,2.07,1.0,140.7,93,60.53,8.33,7.7,2025-10-06
0,33.0,yes,0,0.0,0.0,68.1,84,29.04,9.68,10.4,2026-01-04
NO,148.0,yes,0,0.0,1.0,229.6,65,61.78,12.97,8.5,2023-10-22
false,142.0,YES,1,2.3,1.0,211.5,119,78.2,10.14,8.8,2023-12-07
No ,86.0,yes ,1,2.68,1.0,244.8,101,91.99,12.98,9.9,2024-12-28
NO,49.0,yes,0,0.0,0.0,207.2,105,54.8,11.26,14.5,2025-09-15
No,161.0,Yes,0,0.0,0.0,195.4,87,54.3,11.82,11.9,2023-07-24
0,142.0,yes ,0,0.0,1.0,209.8,101,53.83,10.17,8.5,2023-12-06
No,54.0,yes,1,3.33,1.0,165.3,138,71.63,5.66,12.2,2025-08-12
Si,145.0,YES,1,2.23,2.0,92.5,87,62.41,13.8,8.6,2023-11-12
false,25.0,No,0,0.0,1.0,143.4,140,44.39,11.33,10.9,2026-03-03
False,123.0,YES,0,0.0,3.0,146.1,69,47.26,12.31,12.1,2024-04-18
No,11.0,yes ,1,2.72,0.0,224.3,120,90.43,14.68,9.6,2026-06-09
NO,19.0,YES,0,0.0,1.0,162.4,109,39.43,7.2,12.9,2026-04-16
False,76.0,No,0,0.0,2.0,120.3,57,40.85,11.66,11.3,2025-03-13
YES,42.0,no,0,0.0,0.0,232.5,81,58.28,9.44,9.4,2025-11-02
No,12.0,yes,0,0.0,0.0,116.0,93,41.07,11.86,9.0,
0,174.0,Yes,1,3.61,2.0,97.3,123,66.72,8.53,13.3,2023-04-23
no,201.0,yess,0,0.0,3.0,195.0,102,48.94,9.16,9.9,2022-10-16
NO,122.0,yes,1,2.86,1.0,227.8,116,88.12,11.76,10.7,2024-04-24
False,107.0,YES,0,0.0,0.0,170.7,78,40.89,7.15,11.0,2024-08-09
No ,121.0,yes,1,1.91,1.0,126.1,94,60.91,11.37,7.2,2024-04-28
0,185.0,yes ,0,0.0,0.0,172.8,94,40.41,6.61,5.4,2023-02-09
no,18.0,yes,1,2.73,1.0,157.3,91,67.5,7.98,9.8,2026-04-18
No,138.0,yes ,1,1.86,0.0,145.1,107,72.15,15.41,7.4,2024-01-04
No ,204.0,YES,0,0.0,2.0,172.4,102,,12.16,13.1,2022-09-30
No ,24.0,yes ,0,0.0,,140.9,95,42.09,10.29,8.9,2026-03-11
SI,49.0,yes,0,0.0,1.0,260.6,123,63.97,10.51,8.9,2025-09-14
yes,22.0,Yes,0,,0.0,232.5,76,57.7,10.34,10.8,2026-03-21
no,67.0,yes,0,0.0,1.0,130.8,108,40.6,10.82,10.9,2025-05-10
No,90.0,yes,0,0.0,2.0,99.8,62,40.09,13.85,16.6,2024-12-06
No,195.0,yes ,1,2.47,1.0,151.1,109,70.45,12.21,9.2,2022-11-27
No,92.0,yes,0,0.0,1.0,128.9,87,33.56,6.54,11.3,2024-11-20
false,46.0,yes,0,0.0,2.0,164.4,96,48.72,12.17,9.0,2025-10-06
No ,54.0,yes,0,0.0,1.0,206.0,69,54.77,11.2,9.6,2025-08-11
Si,9.0,no,1,,0.0,112.7,114,72.6,13.13,11.2,2026-06-21
No,134.0,yes,0,0.0,0.0,235.0,109,54.46,7.91,12.1,2024-02-02
NO,151.0,yes,1,2.65,1.0,173.1,85,67.25,6.72,9.7,2023-10-02
False,74.0,YES,0,0.0,0.0,155.2,115,50.01,11.89,10.5,2025-03-26
no,95.0,YES,1,2.27,0.0,178.9,111,73.5,11.82,8.4,2024-10-27
True,38.0,yess,0,0.0,5.0,110.9,92,30.09,5.78,14.2,2025-11-30
No,88.0,YES,0,0.0,2.0,125.6,114,35.69,8.47,9.7,2024-12-18
0,66.0,yes,0,0.0,2.0,131.4,97,38.51,6.66,7.6,2025-05-23
No,122.0,yes,0,0.0,,141.5,111,40.28,9.5,7.9,2024-04-21
No ,91.0,YES,0,0.0,2.0,204.7,79,48.52,8.39,9.1,2024-11-25
false,180.0,yess,0,0.0,2.0,196.3,110,53.28,11.17,10.6,2023-03-13
false,12.0,no,1,2.95,1.0,169.3,138,74.34,9.29,10.7,2026-06-03
NO,140.0,yes,0,0.0,2.0,96.1,91,30.63,8.15,6.7,2023-12-17
No,7.0,yess,1,1.59,1.0,94.0,97,54.53,13.43,5.7,2026-07-10
No ,182.0,yess,1,3.22,2.0,187.6,116,74.98,6.45,11.9,2023-02-26
no,13.0,yes,0,0.0,1.0,184.0,88,51.0,8.56,9.6,2026-05-28
False,33.0,yes,0,0.0,2.0,138.8,96,34.93,6.19,15.0,2026-01-05
False,127.0,yes ,0,0.0,3.0,196.9,97,49.89,9.72,9.2,2024-03-19
0,62.0,yes ,1,2.73,1.0,284.3,98,92.4,9.56,10.0,2025-06-16
NO,64.0,yess,0,0.0,1.0,170.9,122,48.33,10.82,12.7,2025-05-31
0,104.0,yes,0,0.0,1.0,260.1,107,58.12,7.76,11.6,2024-08-28
NO,58.0,yess,0,0.0,1.0,203.8,80,58.72,11.24,10.4,2025-07-16
yes,87.0,yes,0,0.0,1.0,197.2,115,51.92,10.43,8.2,2024-12-24
No,11.0,YES,1,1.23,4.0,161.0,113,60.46,12.66,4.4,
yes,140.0,yes,0,0.0,1.0,265.7,69,71.07,15.24,9.5,2023-12-19
False,95.0,Yes,0,0.0,1.0,134.0,93,45.98,13.58,7.1,2024-10-29
false,183.0,yes,1,1.85,2.0,111.4,96,62.91,13.49,7.1,2023-02-24
No,119.0,Yes,0,0.0,1.0,252.5,76,61.37,9.09,8.3,2024-05-13
yes,146.0,NO,0,0.0,0.0,252.3,117,60.79,9.76,11.0,2023-11-04
no,66.0,yes ,0,0.0,3.0,198.3,94,57.4,14.12,14.9,2025-05-23
No,187.0,yes,0,0.0,1.0,246.2,130,58.88,9.59,9.1,2023-01-23
1,83.0,No,0,0.0,2.0,163.5,130,41.84,8.37,11.5,2025-01-23
si,121.0,yess,0,0.0,2.0,248.3,85,63.94,11.25,10.2,2024-04-28
no,,yess,0,,2.0,171.5,97,43.56,8.04,7.7,2023-12-13
false,181.0,yes,1,2.08,3.0,230.6,92,74.27,8.48,7.6,2023-03-08
0,53.0,yes,0,0.0,4.0,213.4,85,67.79,16.51,9.4,2025-08-20
0,201.0,yess,0,0.0,1.0,131.8,99,36.96,8.22,10.7,2022-10-18
No,100.0,YES,0,0.0,3.0,263.1,84,58.95,8.31,13.3,2024-09-26
no,92.0,yes,1,2.57,0.0,280.6,89,81.54,4.76,9.7,2024-11-22
0,89.0,yess,0,0.0,1.0,192.4,83,47.62,7.76,12.6,2024-12-07
No,6.0,YES,0,0.0,0.0,236.7,108,53.76,7.07,12.5,2026-07-15
False,149.0,yes,1,2.57,3.0,158.3,106,67.08,8.39,9.5,2023-10-18
1,199.0,yess,0,0.0,1.0,224.9,100,63.8,14.29,12.2,2022-11-02
0,84.0,yes,0,0.0,1.0,187.4,103,55.88,12.67,10.9,2025-01-14
False,103.0,yes ,1,1.48,1.0,160.5,44,62.02,11.06,5.4,2024-09-03
0,148.0,yes,0,0.0,0.0,144.6,77,34.95,5.44,6.9,2023-10-23
Yes,159.0,yes,1,2.7,2.0,196.3,133,73.15,7.01,10.0,2023-08-06
False,46.0,NO,0,0.0,2.0,141.8,79,35.54,6.06,8.1,2025-10-04
False,161.0,NO,1,3.34,2.0,236.6,93,88.27,8.22,12.1,2023-07-27
yes,28.0,yes,0,0.0,0.0,240.1,81,,13.53,10.1,2026-02-12
No,168.0,yes ,1,2.24,,77.2,102,50.83,8.46,8.2,2023-06-07
false,86.0,YES,1,2.02,1.0,262.2,100,78.53,7.96,7.2,2024-12-28
False,153.0,Yes,1,2.27,3.0,262.1,65,77.34,5.16,8.4,2023-09-22
0,58.0,yess,0,0.0,1.0,176.4,74,42.83,7.54,5.1,2025-07-18
NO,73.0,yes,1,2.07,1.0,243.5,87,75.41,7.29,7.6,2025-04-03
No ,103.0,YES,0,0.0,0.0,127.4,77,33.86,6.46,12.9,2024-09-06
False,4.0,Yes,0,0.0,0.0,136.9,115,44.48,12.19,8.5,2026-07-25
0,73.0,YES,0,0.0,0.0,197.6,112,50.11,9.74,6.8,2025-04-02
No,98.0,YES,0,0.0,0.0,210.9,120,51.8,7.58,10.9,2024-10-10
NO,112.0,no,0,0.0,1.0,236.9,131,60.37,9.6,8.7,2024-07-04
NO,104.0,yes,1,4.53,,81.9,93,75.68,9.98,16.7,2024-08-28
No ,171.0,YES,1,1.81,5.0,184.2,93,73.37,13.38,6.7,2023-05-15
No,153.0,Yes,1,3.56,4.0,278.0,135,102.03,11.04,13.2,2023-09-16
YES,138.0,YES,0,0.0,6.0,165.9,76,42.63,6.66,9.4,2024-01-03
yes,69.0,yes,0,0.0,2.0,249.9,125,65.2,12.65,8.9,2025-05-01
No,115.0,yes,0,0.0,2.0,235.8,129,58.32,8.83,7.3,2024-06-10
No,29.0,yes,0,0.0,1.0,141.7,92,42.71,10.55,11.9,2026-02-02
false,33.0,yes,1,2.56,6.0,135.1,90,72.85,13.56,9.6,2026-01-07
false,106.0,yes,1,1.26,0.0,174.3,90,63.97,12.33,4.7,2024-08-16
false,149.0,yes,0,0.0,0.0,158.9,117,36.09,5.7,11.7,2023-10-20
0,18.0,yes,0,0.0,1.0,115.3,108,40.88,12.27,13.1,2026-04-21
No ,97.0,yes,1,2.85,1.0,192.0,93,82.96,12.49,10.6,2024-10-13
False,83.0,Yes,0,0.0,0.0,174.1,79,52.66,12.88,6.3,2025-01-18
No,191.0,yes,0,0.0,1.0,155.9,56,51.78,13.29,15.5,12-25-2022
no,83.0,yes ,1,3.53,2.0,195.7,84,79.59,5.83,13.1,2025-01-22
No,110.0,yess,0,0.0,1.0,225.9,80,50.09,6.55,15.9,2024-07-16
NO,194.0,yes,0,0.0,3.0,252.0,85,61.27,10.62,11.0,2022-12-09
no,85.0,yes,1,1.85,0.0,170.4,97,61.88,7.66,7.3,2025-01-04
No,182.0,YES,0,0.0,0.0,194.8,102,43.96,6.04,9.2,2023-02-27
0,21.0,Yes,0,0.0,2.0,172.1,81,46.27,9.57,12.6,2026-04-01
No,191.0,yes,0,0.0,2.0,159.6,103,45.2,10.15,9.5,
No,68.0,yes,0,0.0,0.0,176.2,136,51.3,11.87,11.8,2025-05-09
no,47.0,yes,0,0.0,2.0,183.9,97,49.4,10.01,8.7,2025-10-02
NO,33.0,YES,0,0.0,4.0,175.3,85,50.18,10.37,17.7,2026-01-07
No,196.0,YES,0,0.0,1.0,146.1,92,43.15,10.44,11.1,2022-11-24
No ,101.0,YES,1,1.8,1.0,162.2,96,66.52,12.59,6.6,2024-09-20
NO,138.0,yes,0,0.0,1.0,179.6,90,54.33,11.3,7.5,2024-01-01
No,23.0,yes,0,0.0,1.0,231.7,82,62.46,13.25,7.3,2026-03-14
NO,124.0,yes ,0,0.0,0.0,180.2,117,48.61,7.8,9.9,2024-04-11
No,187.0,yes,1,2.64,0.0,240.8,82,85.77,10.24,9.9,2023-01-26
0,197.0,yes,0,0.0,1.0,112.3,121,39.65,11.9,13.0,2022-11-13
0,35.0,yes,0,0.0,2.0,164.6,114,38.67,6.26,9.9,2025-12-22
False,31.0,yes ,0,0.0,2.0,70.0,125,31.81,10.53,0.0,2026-01-21
Yes,104.0,yes,0,0.0,6.0,166.1,78,42.98,6.61,9.4,2024-08-28
No,0.0,yes,0,0.0,3.0,129.1,119,46.79,14.5,13.9,2026-08-22
No,115.0,yes,0,0.0,2.0,169.2,102,50.21,12.25,13.0,2024-06-12
No,64.0,yes,0,0.0,1.0,212.9,87,49.17,8.29,13.4,2025-06-05
Si,65.0,Yes,0,0.0,2.0,274.5,96,72.05,14.47,5.7,2025-05-25
Si,177.0,yes,0,0.0,3.0,250.0,95,64.81,13.07,12.7,2023-04-07
No,17.0,yes ,0,0.0,1.0,206.0,110,49.39,8.73,12.0,2026-05-01
false,104.0,yes,1,2.11,1.0,93.5,104,49.63,7.52,7.7,2024-08-27
False,28.0,YES,0,0.0,1.0,169.7,145,56.35,13.68,10.1,2026-02-12
0,173.0,YES,1,3.66,1.0,156.4,134,69.79,3.69,13.4,2023-05-05
No,55.0,yes,1,4.14,2.0,149.1,90,83.46,8.62,15.7,2025-08-08
no,79.0,Yes,0,0.0,2.0,48.5,107,32.51,11.62,10.5,2025-02-15
NO,67.0,yes,1,2.35,2.0,30.2,123,40.45,6.39,8.5,2025-05-12
No,13.0,yes ,1,2.77,2.0,136.3,100,65.44,8.8,10.0,2026-05-28
no,188.0,Yes,0,0.0,3.0,223.4,75,56.42,10.86,10.2,2023-01-17
No,124.0,yes,0,0.0,2.0,140.5,91,46.44,12.28,10.8,2024-04-09
NO,72.0,yes,0,0.0,3.0,184.4,84,52.98,11.87,9.0,2025-04-08
Si,203.0,no,0,0.0,2.0,147.0,89,40.19,8.89,16.8,2022-10-07
No,112.0,yes,0,0.0,1.0,90.9,94,24.69,5.36,13.1,2024-06-29
No,132.0,yes,1,2.74,2.0,151.8,94,,13.78,10.0,2024-02-14
NO,25.0,yes ,0,0.0,1.0,215.2,118,52.69,9.71,7.9,2026-03-03
No,118.0,yes ,1,1.88,2.0,230.7,108,82.93,14.37,7.0,2024-05-19
false,58.0,Yes,0,0.0,3.0,138.1,124,33.6,6.1,12.4,2025-07-12
No ,126.0,Yes,0,0.0,1.0,177.5,74,44.2,8.6,7.3,2024-03-23
0,119.0,yess,0,0.0,3.0,130.5,89,39.47,6.81,10.1,2024-05-16
No,106.0,yes,0,0.0,3.0,143.7,116,40.24,7.85,7.8,2024-08-15
false,203.0,yess,0,0.0,1.0,133.6,87,38.74,8.41,15.4,2022-10-04
0,28.0,YES,1,3.5,0.0,59.0,112,61.48,8.24,13.2,2026-02-09
No,36.0,yes,0,0.0,4.0,139.0,98,45.25,12.52,6.1,2025-12-15
No,55.0,yes,1,1.76,,150.5,109,55.45,6.5,6.5,2025-08-06
False,79.0,Yes,0,,2.0,235.1,114,,10.37,12.1,2025-02-15
si,76.0,Yes,0,0.0,1.0,286.1,109,64.48,8.87,10.6,2025-03-14
False,95.0,Yes,0,0.0,1.0,127.9,95,34.25,7.24,7.6,2024-10-30
no,102.0,yess,0,0.0,2.0,153.9,116,43.26,9.74,8.5,2024-09-10
0,70.0,Yes,0,0.0,4.0,236.3,74,56.46,9.07,10.5,2025-04-20
1,204.0,yes,1,2.49,2.0,216.9,125,82.6,11.68,9.5,2022-09-25
Si,98.0,YES,0,0.0,4.0,131.9,124,,11.09,12.7,2024-10-09
No,181.0,yes,0,0.0,0.0,194.6,102,43.94,6.01,9.2,2023-03-05
No ,177.0,yes,0,0.0,2.0,138.8,96,42.16,11.3,15.7,2023-04-02
0,51.0,Yes,0,0.0,3.0,73.0,115,22.58,5.84,9.4,2025-09-01
No,54.0,yes,1,2.43,1.0,154.7,128,72.45,12.2,9.1,2025-08-13
No,114.0,NO,0,0.0,0.0,111.5,91,,7.31,6.3,2024-06-17
0,34.0,yes,0,0.0,1.0,126.9,84,35.48,8.44,8.5,2025-12-28
NO,129.0,yes,1,3.16,2.0,154.4,113,82.07,13.74,11.8,2024-03-08
si,110.0,yes,0,0.0,2.0,130.3,98,42.73,11.22,9.3,2024-07-15
NO,206.0,yes ,1,3.2,1.0,183.9,102,81.42,10.45,11.9,2022-09-16
Yes,105.0,Yes,1,2.05,1.0,225.1,69,70.06,6.72,7.5,2024-08-19
false,134.0,Yes,0,0.0,2.0,158.2,104,44.97,10.07,9.6,2024-02-01
yes,39.0,yes ,0,0.0,4.0,270.8,118,63.31,9.38,11.1,2025-11-22
False,189.0,yess,0,0.0,3.0,76.0,116,22.7,5.87,9.3,2023-01-13
No,13.0,no,0,,0.0,163.6,93,53.11,14.54,11.3,2026-05-28
no,199.0,yes,0,0.0,1.0,217.2,66,55.82,10.74,5.3,2022-10-31
No,108.0,yess,0,0.0,1.0,114.9,87,29.81,5.37,7.1,2024-08-02
False,162.0,yes,0,0.0,2.0,176.4,113,53.21,13.61,16.4,2023-07-15
0,169.0,yes,0,0.0,0.0,197.4,59,51.02,9.92,14.6,2023-05-27
No,163.0,yes ,0,0.0,2.0,234.2,130,58.3,8.73,7.3,2023-07-12
No,178.0,yess,1,3.53,1.0,226.2,80,90.22,9.42,12.8,2023-03-30
No ,59.0,yes,1,2.72,1.0,146.2,109,67.84,9.65,9.9,2025-07-07
False,77.0,yes,0,0.0,0.0,241.9,80,65.27,11.66,9.6,2025-03-01
No,171.0,no,0,0.0,3.0,225.2,81,59.36,12.17,12.0,2023-05-13
1,99.0,yes,0,0.0,2.0,94.8,91,32.63,7.1,10.9,2024-09-30
No,145.0,Yes,0,0.0,1.0,142.1,80,47.02,11.23,13.6,2023-11-15
No,62.0,YES,0,0.0,3.0,221.5,112,58.03,12.2,15.7,2025-06-18
false,96.0,no ,1,3.5,2.0,156.1,114,71.29,5.91,13.0,2024-10-20
si,180.0,YES,0,0.0,2.0,313.3,101,67.97,8.38,5.7,2023-03-16
NO,176.0,yes ,0,,3.0,173.4,73,51.84,12.47,8.6,2023-04-14
No,59.0,Yes,0,0.0,0.0,169.6,96,48.08,11.09,10.8,2025-07-09
YES,51.0,no ,1,2.23,1.0,269.4,97,90.08,12.67,8.2,2025-09-04
False,191.0,Yes,1,2.65,2.0,189.9,104,79.9,11.85,9.8,2022-12-29
False,127.0,yes ,0,0.0,3.0,197.1,114,52.9,11.52,3.6,2024-03-19
No,143.0,yes,1,2.92,0.0,174.3,111,70.83,6.84,10.9,2023-11-27
No,144.0,Yes,1,2.84,1.0,174.6,115,77.38,12.1,10.7,2023-11-19
False,66.0,yes,0,0.0,2.0,198.1,89,58.24,12.54,11.2,
No ,73.0,yes ,0,0.0,1.0,202.8,95,47.32,7.59,7.4,2025-04-02
YES,71.0,yes,0,0.0,1.0,214.5,90,56.41,10.96,10.2,2025-04-12
0,58.0,yess,0,0.0,2.0,170.2,95,44.33,7.05,11.6,2025-07-13
no,190.0,Yes,1,3.46,1.0,279.4,121,101.57,11.3,13.0,2022-12-31
No,100.0,yes,0,0.0,,109.3,87,42.51,11.79,9.5,2024-09-26
no,27.0,Yes,0,0.0,1.0,85.6,134,35.41,12.32,11.3,2026-02-15
NO,80.0,yes,0,0.0,3.0,190.7,82,52.95,10.97,7.2,2025-02-13
no,193.0,Yes,1,3.6,2.0,180.2,66,85.98,10.74,13.4,2022-12-16
false,125.0,yes,0,0.0,2.0,191.8,114,50.8,10.34,9.1,2024-04-03
no,164.0,yes ,1,2.42,1.0,222.5,73,87.0,14.52,9.0,2023-07-01
No,174.0,yes,1,2.92,1.0,156.4,130,76.93,12.24,10.7,2023-04-26
0,74.0,yess,0,0.0,2.0,190.6,79,47.68,7.1,6.3,2025-03-27
No ,169.0,yes ,0,0.0,3.0,255.3,114,59.96,9.78,3.8,2023-05-28
NO,9.0,yes,1,2.15,2.0,173.3,139,64.52,7.74,7.9,2026-06-23
No,47.0,yes ,1,2.68,0.0,120.9,117,63.88,9.41,10.0,2025-09-28
NO,182.0,yess,0,0.0,1.0,85.0,73,35.25,9.72,10.7,03-03-2023
YES,197.0,no,0,0.0,2.0,201.6,124,50.48,9.17,7.5,2022-11-16
No ,103.0,YES,1,4.15,,269.2,99,108.1,12.24,15.4,2024-09-05
False,182.0,YES,0,0.0,4.0,177.7,114,43.23,7.96,9.3,2023-02-25
Yes,181.0,Yes,0,0.0,1.0,290.3,73,68.48,11.1,11.4,2023-03-09
Yes,24.0,No,0,0.0,0.0,228.8,111,54.48,9.32,9.8,2026-03-12
No,73.0,yes,0,0.0,1.0,170.9,94,,8.66,11.2,2025-04-04
false,81.0,yes,0,0.0,,74.1,120,36.64,13.32,11.7,2025-02-02
false,36.0,yess,0,0.0,3.0,229.2,92,51.64,7.65,9.3,2025-12-15
false,193.0,yess,0,0.0,1.0,109.9,95,46.43,16.74,6.8,2022-12-14
NO,,yes,0,0.0,1.0,187.9,104,56.74,12.42,11.1,2025-05-04
0,25.0,yes,1,2.19,3.0,155.2,104,65.33,9.18,8.3,2026-03-02
No,44.0,yes ,1,,0.0,197.2,65,86.09,13.18,11.2,2025-10-18
false,149.0,yes,1,3.36,2.0,193.0,75,90.45,13.28,12.9,2023-10-19
No ,94.0,no,1,2.79,1.0,170.8,138,74.71,9.24,10.7,2024-11-02
No,119.0,yes,0,0.0,1.0,202.9,85,44.18,4.38,11.8,2024-05-14
SI,115.0,no,0,0.0,1.0,162.5,84,53.13,14.38,11.5,2024-06-12
False,79.0,yes,0,0.0,0.0,157.4,132,45.99,10.67,9.0,2025-02-15
No,109.0,yess,0,0.0,3.0,229.9,57,56.16,7.65,9.6,
0,40.0,YES,0,0.0,2.0,115.9,104,29.57,3.87,0.0,2025-11-17
No,54.0,yes,0,0.0,1.0,118.6,89,33.21,7.15,8.2,2025-08-14
0,89.0,yes,0,0.0,2.0,63.3,96,24.93,8.42,13.8,2024-12-10
No ,86.0,yes,0,0.0,0.0,140.2,94,41.69,10.32,8.8,2025-01-03
true,124.0,no,0,0.0,2.0,145.5,89,39.75,8.78,16.7,2024-04-07
true,128.0,yess,0,0.0,5.0,137.1,107,40.4,10.6,10.3,2024-03-12
No,196.0,yes,1,2.67,2.0,113.8,111,66.56,11.81,10.0,2022-11-25
NO,40.0,yes,0,0.0,4.0,144.5,113,50.22,14.93,11.2,2025-11-19
True,55.0,no,0,0.0,0.0,224.5,111,54.06,9.3,9.8,2025-08-03
false,115.0,yes,0,0.0,2.0,86.9,111,40.52,13.4,9.8,2024-06-08
NO,99.0,yess,0,0.0,2.0,189.2,93,57.31,13.98,12.1,2024-10-03
NO,98.0,yess,1,2.89,2.0,210.6,68,77.73,7.4,10.4,2024-10-05
false,3.0,Yes,1,3.89,0.0,213.9,85,102.03,15.76,14.3,2026-08-01
No,34.0,yes,1,3.35,2.0,188.7,95,76.42,6.02,12.5,2025-12-30
SI,203.0,yess,0,0.0,5.0,194.9,107,43.3,6.33,11.6,2022-10-07
no,194.0,yes ,1,2.29,0.0,278.4,120,87.23,10.21,8.2,2022-12-09
0,125.0,YES,0,0.0,1.0,219.5,120,60.67,13.48,8.6,2024-04-03
no,95.0,no,1,2.82,1.0,200.8,72,78.99,9.76,10.3,2024-10-30
no,165.0,Yes,1,3.0,0.0,118.4,119,70.66,11.63,11.1,2023-06-25
no,,Yes,0,0.0,3.0,149.4,71,43.19,10.49,12.6,2026-01-19
false,169.0,yes,0,0.0,2.0,141.0,116,45.16,11.16,12.8,2023-05-29
no,34.0,yes,1,3.15,1.0,162.5,107,87.04,15.63,11.7,
True,192.0,yes,1,2.62,5.0,170.2,113,72.16,9.93,9.5,2022-12-23
No,205.0,Yes,1,2.27,1.0,160.4,85,64.48,7.58,8.4,2022-09-18
no,184.0,yes,1,3.17,2.0,255.8,79,86.73,6.84,11.9,2023-02-15
false,205.0,yess,0,0.0,2.0,139.2,105,37.34,7.62,12.7,2022-09-18
False,178.0,yes,1,2.98,1.0,279.8,83,90.14,7.32,11.3,2023-03-26
No,172.0,yess,1,3.07,4.0,223.5,88,92.53,12.8,11.5,2023-05-12
false,119.0,YES,0,0.0,2.0,198.4,80,50.5,9.31,16.5,2024-05-15
No,142.0,yes,0,0.0,0.0,286.4,100,61.46,6.84,0.1,2023-12-04
False,107.0,yes,1,1.4,5.0,174.6,97,62.98,10.96,5.3,2024-08-05
0,66.0,yes,0,0.0,0.0,125.1,112,42.05,11.84,3.6,2025-05-22
NO,81.0,yes,0,0.0,1.0,206.8,48,54.52,11.15,13.0,2025-02-07
si,130.0,yes,0,0.0,3.0,240.3,82,63.27,12.29,9.9,2024-02-26
No,53.0,yes,0,0.0,3.0,217.1,91,58.17,12.09,4.9,2025-08-22
No,152.0,Yes,1,3.3,0.0,117.0,126,76.41,13.88,12.3,2023-09-29
false,42.0,yes,1,3.0,1.0,223.3,115,81.43,8.36,10.8,2025-11-07
yes,104.0,yess,0,0.0,3.0,244.8,82,63.22,12.4,9.9,2024-08-27
No ,195.0,Yes,0,0.0,3.0,59.3,77,33.28,13.03,8.8,2022-11-30
No,98.0,yes,1,4.11,0.0,188.1,124,94.52,13.09,15.1,2024-10-08
No,121.0,yes,0,0.0,0.0,142.1,95,39.78,7.9,7.7,2024-05-01
YES,120.0,NO,0,0.0,2.0,115.4,115,41.96,10.51,13.8,2024-05-07
No,132.0,yes,0,,1.0,103.9,119,35.56,10.35,10.0,2024-02-13
True,81.0,yes ,1,2.72,6.0,153.5,114,69.31,9.22,9.9,2025-02-02
No ,3.0,YES,0,0.0,,116.6,130,32.83,6.88,7.4,2026-08-01
No,60.0,no,1,3.14,0.0,225.8,116,3200.0,8.77,11.6,2025-07-01
false,18.0,Yes,0,0.0,1.0,143.0,107,43.0,8.65,5.4,2026-04-21
NO,88.0,yes,0,0.0,0.0,174.2,120,41.68,7.72,10.2,2024-12-14
0,153.0,n0,0,0.0,1.0,172.8,140,49.67,11.9,9.0,2023-09-16
No,89.0,YES,0,0.0,2.0,137.3,82,40.74,7.8,10.2,2024-12-13
No ,,Yes,0,0.0,1.0,162.5,104,48.66,11.8,10.7,
Yes,0.0,yess,1,2.7,6.0,152.7,116,68.89,9.34,10.0,2026-08-26
no,79.0,Yes,0,0.0,1.0,128.8,64,42.95,11.11,10.0,2025-02-21
No ,22.0,yes,0,0.0,0.0,103.8,122,38.26,12.32,6.3,2026-03-27
False,166.0,yes,1,2.46,1.0,185.6,113,78.23,12.85,9.0,2023-06-22
NO,24.0,yes,1,2.5,2.0,205.9,126,83.42,13.21,9.4,2026-03-12
no,96.0,no ,0,0.0,3.0,260.7,90,63.54,11.51,9.2,2024-10-22
No,120.0,yess,0,0.0,1.0,219.5,117,50.96,7.91,10.4,2024-05-09
No,135.0,YES,1,3.0,7.0,149.7,89,79.45,13.37,11.4,2024-01-26
No,46.0,Yes,1,3.21,0.0,195.4,103,80.64,8.86,11.6,2025-10-09
No ,99.0,yes,1,2.9,2.0,152.7,100,75.19,12.35,10.7,2024-10-01
No,58.0,Yes,0,0.0,1.0,91.9,142,38.73,10.54,9.4,2025-07-13
No,133.0,YES,0,0.0,1.0,190.9,99,47.06,8.76,14.2,2024-02-03
No ,127.0,yes,0,0.0,1.0,135.3,109,41.21,10.33,11.6,2024-03-19
No ,5.0,yes,0,0.0,1.0,232.4,101,53.57,8.44,9.9,2026-07-24
No,153.0,YES,0,0.0,1.0,207.7,100,53.24,10.62,10.3,2023-09-22
No,62.0,YES,0,0.0,2.0,227.2,93,57.67,11.29,12.5,2025-06-20
No,171.0,yes,0,0.0,1.0,0.0,0,20.67,9.49,7.0,2023-05-15
si,176.0,yes,1,3.84,,109.5,100,74.55,10.46,13.9,2023-04-13
false,124.0,yes ,0,0.0,3.0,186.9,94,49.79,10.62,11.3,2024-04-09
no,16.0,yes,0,0.0,0.0,135.8,101,45.54,11.94,17.4,2026-05-04
no,178.0,YES,1,4.06,1.0,181.0,82,92.69,12.08,15.0,2023-03-27
False,43.0,YES,0,0.0,2.0,86.7,111,41.02,13.36,9.9,2025-10-29
No ,59.0,yes,0,0.0,,197.0,87,49.62,7.96,6.7,2025-07-06
NO,39.0,yes ,1,2.41,1.0,161.2,109,69.01,10.28,8.9,2025-11-27
No,3.0,YES,0,,4.0,182.8,79,52.14,12.16,7.5,2026-08-06
False,12.0,yes,0,0.0,1.0,195.2,123,50.32,10.01,8.3,2026-06-02
Yes,83.0,yes,0,0.0,1.0,108.6,107,36.51,10.39,8.0,2025-01-20
false,105.0,yes ,0,0.0,2.0,139.4,96,42.77,11.3,15.6,2024-08-21
false,183.0,yes,0,0.0,2.0,128.5,78,41.3,10.77,14.5,2023-02-23
No,146.0,yes,0,0.0,1.0,59.2,126,24.95,8.46,9.3,2023-11-06
No,170.0,yes,1,1.39,2.0,181.3,75,58.57,8.96,5.1,2023-05-26
no,148.0,yes ,0,,2.0,131.4,95,38.79,8.34,7.7,2023-10-24
No,41.0,yes,0,0.0,2.0,129.6,98,37.42,8.18,8.3,2025-11-14
true,114.0,yes,0,0.0,2.0,265.8,88,62.13,10.49,13.9,2024-06-18
NO,98.0,yes,0,0.0,2.0,210.7,104,46.67,6.67,11.3,2024-10-06
No,135.0,Yes,1,2.82,0.0,148.2,104,68.88,8.32,10.5,2024-01-25
no,5.0,yes ,0,0.0,0.0,206.3,116,54.23,10.51,9.5,2026-07-18
No ,64.0,YES,0,0.0,0.0,143.8,88,41.28,10.23,9.1,2025-06-03
Si,185.0,yess,1,3.66,1.0,177.1,103,86.53,12.46,13.6,2023-02-04
No,,yes,0,0.0,1.0,80.9,108,35.33,11.65,7.6,
No,102.0,yes,0,0.0,3.0,203.3,95,55.26,10.8,13.3,2024-09-08
no,181.0,yes,0,0.0,2.0,180.6,89,54.73,11.29,11.4,2023-03-05
No,63.0,YES,0,0.0,0.0,212.5,95,52.24,9.7,13.5,2025-06-12
NO,27.0,yes,0,0.0,0.0,238.6,107,53.28,7.14,12.4,
No,63.0,yes,0,0.0,1.0,110.3,113,36.46,8.41,9.3,2025-06-11
0,47.0,yes,1,3.32,3.0,313.3,105,103.78,10.55,12.0,2025-10-01
0,84.0,yess,0,0.0,0.0,144.9,91,41.83,9.47,12.3,2025-01-14
No,29.0,yes,0,0.0,3.0,195.5,96,54.68,10.3,8.8,2026-02-02
No,47.0,YES,0,0.0,2.0,93.3,79,35.67,10.75,13.1,2025-09-28
No,121.0,yes,1,4.12,0.0,215.6,78,,8.22,15.1,2024-04-29
SI,160.0,yes,0,0.0,0.0,300.0,123,71.1,11.3,13.6,2023-07-30
False,176.0,YES,0,0.0,1.0,99.8,102,28.71,6.8,12.2,2023-04-12
False,53.0,yes,1,3.63,0.0,60.0,113,59.92,8.33,13.2,2025-08-22
0,32.0,Yes,1,2.34,0.0,281.3,87,92.2,12.74,8.9,2026-01-16
No,174.0,yes,0,0.0,1.0,18.2,91,28.72,12.89,14.9,2023-04-24
NO,78.0,yes ,1,2.72,1.0,151.4,73,62.72,6.3,10.0,2025-02-22
True,80.0,yes,0,,4.0,106.7,88,41.53,13.0,13.3,2025-02-12
No ,156.0,Yes,0,0.0,1.0,176.0,66,53.65,12.31,10.3,2023-09-01
True,160.0,yes,0,0.0,1.0,283.2,113,68.88,11.02,9.4,2023-08-02
True,2.0,Yes,0,0.0,1.0,244.6,115,67.06,14.16,8.9,2026-08-09
False,173.0,YES,0,0.0,1.0,170.1,113,46.65,9.79,11.7,2023-05-01
Si,145.0,no,0,0.0,1.0,147.3,125,44.18,10.95,14.4,2023-11-11
No,3.0,no,0,0.0,2.0,218.6,99,58.72,12.02,10.1,2026-08-07
false,128.0,Yes,1,3.29,,189.5,135,75.03,5.77,12.1,2024-03-14
No,196.0,yes,0,0.0,2.0,134.7,126,41.71,10.84,10.0,2022-11-19
No,200.0,yess,1,3.2,1.0,139.7,79,67.74,7.09,11.8,2022-10-27
No,66.0,yes,0,0.0,2.0,275.6,105,61.62,7.99,9.1,2025-05-17
0,122.0,Yes,0,0.0,2.0,202.6,98,57.7,11.8,15.1,2024-04-23
yes,,yes ,0,0.0,2.0,250.3,127,64.63,12.83,8.9,
No ,110.0,yes,1,2.18,1.0,82.1,131,53.84,10.19,8.2,2024-07-19
0,13.0,yes,1,2.71,2.0,250.4,105,86.26,9.35,9.9,2026-05-25
No ,27.0,yes ,1,2.1,3.0,164.6,96,68.34,11.21,7.6,2026-02-20
No,44.0,yes,0,0.0,0.0,166.6,78,46.42,10.2,12.2,2025-10-20
yes,81.0,yess,0,0.0,5.0,62.3,89,26.06,8.58,5.6,2025-02-02
no,48.0,yes ,0,0.0,1.0,169.8,85,52.85,13.97,12.4,2025-09-24
False,99.0,no ,0,0.0,2.0,121.4,58,41.58,11.9,11.3,2024-10-02
NO,118.0,YES,0,0.0,2.0,203.6,101,58.81,11.68,9.2,2024-05-18
NO,120.0,yes,0,0.0,3.0,153.9,95,49.58,12.73,11.8,2024-05-07
NO,96.0,yes,0,0.0,1.0,176.3,108,41.1,4.62,9.5,2024-10-19
si,187.0,yes,0,0.0,1.0,262.0,148,65.59,11.4,11.6,2023-01-21
False,35.0,yes,1,1.95,2.0,85.8,103,54.2,11.24,7.3,2025-12-21
0,123.0,yes,1,2.65,0.0,279.8,88,81.63,4.68,9.8,2024-04-13
NO,13.0,YES,0,0.0,1.0,90.4,94,23.83,5.37,13.2,2026-05-26
Yes,169.0,no,1,4.56,1.0,258.3,80,105.52,8.16,17.1,2023-06-02
SI,145.0,yes ,0,0.0,1.0,262.7,147,65.47,11.51,11.4,2023-11-11
false,112.0,yes,1,3.03,2.0,121.8,96,74.24,13.66,11.2,
Si,108.0,no ,0,0.0,0.0,309.2,108,64.46,6.33,10.5,2024-08-02
no,118.0,yes,0,0.0,1.0,166.4,109,51.44,11.83,9.2,2024-05-22
No,103.0,yess,1,2.07,4.0,207.3,138,73.58,10.11,7.5,2024-09-06
No,80.0,yes,0,0.0,1.0,193.0,85,47.02,8.35,9.4,2025-02-10
True,192.0,yes,0,0.0,1.0,236.6,125,61.6,12.51,14.0,2022-12-19
No,86.0,yes ,0,0.0,1.0,112.3,85,36.36,9.37,9.6,2024-12-29
False,92.0,yes,0,0.0,2.0,99.8,87,32.49,8.98,9.2,2024-11-16
false,166.0,yes,1,3.67,2.0,143.1,104,86.75,15.71,13.3,2023-06-19
No,4.0,yess,0,0.0,2.0,182.7,94,49.2,10.19,14.7,2026-07-29
No,66.0,YES,1,3.27,1.0,198.4,101,80.69,7.16,12.4,2025-05-21
No,143.0,yess,0,0.0,,135.0,120,41.07,10.09,11.2,2023-11-29
false,157.0,yes ,0,0.0,1.0,157.5,93,54.82,16.53,13.7,
No,108.0,Yes,1,3.04,1.0,110.4,87,69.14,11.29,11.1,2024-07-29
0,166.0,yes,1,3.61,1.0,154.4,91,,4.1,13.3,2023-06-22
No,119.0,yes,0,0.0,1.0,191.2,133,54.53,13.11,10.1,2024-05-14
No,159.0,YES,0,0.0,0.0,178.2,146,44.54,8.11,9.3,2023-08-08
No,147.0,yes ,0,0.0,2.0,192.4,56,49.01,7.37,13.0,2023-10-30
No,102.0,YES,0,0.0,2.0,124.9,107,48.12,15.84,7.4,2024-09-13
no,145.0,yes,0,0.0,2.0,181.8,98,47.21,8.27,11.0,2023-11-11
NO,130.0,yes,0,0.0,3.0,153.7,95,49.54,12.86,11.7,2024-02-24
No,163.0,yess,0,0.0,3.0,143.7,90,47.14,11.42,13.8,2023-07-08
No,31.0,Yes,1,2.34,1.0,220.2,73,86.57,14.5,8.9,2026-01-19
NO,89.0,yes,0,0.0,1.0,219.0,106,52.59,8.96,7.3,2024-12-07
0,143.0,YES,0,0.0,1.0,147.5,116,47.36,11.41,8.7,2023-12-01
False,93.0,yes,0,0.0,1.0,134.1,111,47.32,13.61,4.2,2024-11-12
False,151.0,yes ,0,0.0,1.0,203.2,126,48.39,8.23,10.4,2023-10-02
No,0.0,yes,1,2.69,1.0,105.0,108,55.52,5.34,10.0,2026-08-24
No,8.0,YES,1,3.12,1.0,143.4,96,69.7,8.42,11.3,2026-06-30
No ,122.0,yess,1,1.97,3.0,235.6,105,76.45,9.41,7.1,2024-04-24
No,166.0,yes,1,1.95,1.0,194.8,108,72.37,12.21,7.1,2023-06-19
no,37.0,Yes,0,0.0,,209.5,80,54.74,8.85,15.6,2025-12-10
True,123.0,yes ,0,0.0,,282.9,124,67.77,10.22,7.1,2024-04-14
No ,96.0,yess,0,0.0,0.0,218.2,128,62.83,12.1,6.6,2024-10-22
No,38.0,yes,1,0.1,1.0,162.7,121,45.03,9.34,0.0,2025-12-04
No,200.0,yes,0,0.0,1.0,205.7,95,48.98,8.47,7.7,2022-10-25
No ,86.0,yes,0,0.0,1.0,136.1,119,40.82,10.19,11.4,2025-01-01
0,123.0,Yes,0,0.0,0.0,115.8,124,27.13,4.12,12.0,2024-04-13
False,171.0,yes,0,0.0,,114.3,136,35.07,8.98,6.0,2023-05-18
NO,78.0,Yes,1,2.32,0.0,192.3,91,74.43,10.68,8.6,2025-02-28
0,101.0,yess,0,0.0,1.0,185.7,106,37.35,3.05,8.6,2024-09-14
Yes,117.0,yes,0,0.0,0.0,246.8,86,64.38,12.72,7.6,2024-05-27
No,133.0,yes,0,0.0,3.0,272.3,112,60.38,7.59,6.7,2024-02-05
False,66.0,yes,0,0.0,2.0,193.8,88,47.44,6.98,5.5,2025-05-19
No,58.0,yess,1,3.23,1.0,141.5,122,75.68,11.79,12.0,2025-07-12
no,180.0,yes ,1,2.4,1.0,187.3,113,,12.78,8.8,2023-03-12
false,54.0,yes,1,2.51,1.0,134.7,59,68.98,11.69,9.4,2025-08-13
0,85.0,YES,0,0.0,0.0,192.0,102,43.52,5.9,9.2,2025-01-05
1,134.0,YES,0,0.0,4.0,159.7,99,42.17,7.45,14.8,2024-01-28
No,133.0,yes ,0,0.0,1.0,226.2,120,61.47,13.52,13.0,2024-02-06
si,107.0,yess,0,0.0,1.0,216.5,130,53.79,10.53,5.3,2024-08-06
NO,207.0,yes,0,0.0,0.0,189.9,110,47.21,7.87,10.9,2022-09-08
false,79.0,Yes,0,0.0,1.0,142.9,89,48.34,13.24,10.1,2025-02-16
No,165.0,YES,0,0.0,1.0,260.1,114,59.37,8.8,15.3,2023-06-27
false,107.0,No,1,3.21,2.0,240.4,94,88.4,8.18,12.1,2024-08-05
false,79.0,yess,1,3.01,2.0,266.9,82,92.87,9.0,11.7,2025-02-18
no,71.0,yess,1,3.21,1.0,77.5,109,63.76,10.53,11.7,2025-04-15
si,44.0,yes,0,0.0,4.0,121.4,107,40.31,12.04,7.6,2025-10-19
Si,166.0,yess,0,0.0,6.0,175.7,150,43.62,7.31,15.8,2023-06-23
no,159.0,yess,0,0.0,1.0,93.1,107,39.19,13.15,7.3,2023-08-08
false,130.0,YES,0,0.0,2.0,159.0,67,36.94,5.24,9.1,2024-02-29
No,91.0,yes,0,0.0,0.0,106.3,130,39.29,12.97,8.7,2024-11-26
No,1.0,YES,0,,1.0,118.1,90,38.14,10.02,11.5,2026-08-18
0,162.0,yes,0,0.0,0.0,162.5,79,49.73,12.46,8.7,2023-07-19
NO,44.0,yes ,0,0.0,2.0,138.4,99,,10.79,5.0,2025-10-21
No,117.0,Yes,0,0.0,1.0,141.9,122,44.92,12.7,6.4,2024-05-30
YES,59.0,no,0,0.0,0.0,146.6,69,45.56,10.38,14.4,2025-07-08
No,69.0,NO,0,0.0,0.0,217.6,99,64.19,13.31,6.4,2025-04-26
no,125.0,yes,1,1.54,1.0,186.1,95,68.39,11.92,5.8,2024-04-04
False,203.0,yess,1,0.1,1.0,129.0,114,36.24,8.12,0.0,2022-10-04
No,60.0,no ,0,0.0,4.0,220.7,113,56.36,11.23,12.1,2025-07-02
true,168.0,yes,0,0.0,4.0,142.7,80,31.72,4.53,8.9,2023-06-04
No ,199.0,yes ,0,0.0,3.0,211.8,86,48.47,6.55,9.6,2022-10-30
NO,,yes,0,0.0,0.0,105.3,121,39.14,12.33,6.4,
true,24.0,No,0,0.0,4.0,47.9,103,23.78,9.25,9.6,2026-03-13
no,150.0,yes,0,0.0,,81.5,117,33.4,11.02,9.0,2023-10-10
False,199.0,yes,0,0.0,1.0,170.4,82,44.97,9.24,10.1,2022-10-31
false,165.0,yes,0,0.0,1.0,190.5,113,50.5,10.16,13.4,2023-06-26
False,206.0,n0,0,0.0,0.0,105.4,75,28.79,6.12,13.0,2022-09-16
False,206.0,yes,1,2.59,0.0,120.4,100,65.85,11.38,9.6,2022-09-11
0,31.0,Yes,0,,0.0,243.2,129,59.09,8.15,11.8,2026-01-18
False,8.0,Yes,0,0.0,4.0,163.7,95,48.08,11.62,9.9,2026-07-02
1,151.0,yes,0,0.0,1.0,132.9,94,38.34,8.94,15.5,2023-10-05
NO,,yes,0,0.0,1.0,154.4,100,46.13,10.71,7.4,
si,196.0,yes ,0,0.0,0.0,272.6,98,66.07,11.29,8.7,2022-11-25
False,185.0,Yes,0,0.0,0.0,123.4,113,42.1,11.88,3.7,2023-02-08
No,120.0,yes ,1,3.27,2.0,245.5,91,92.1,10.68,12.2,2024-05-05
No ,136.0,yes,1,3.13,1.0,142.7,98,70.17,8.61,11.6,2024-01-17
NO,121.0,yess,0,0.0,0.0,183.8,86,50.86,11.24,11.6,2024-05-02
Yes,41.0,yes ,0,0.0,2.0,278.8,103,64.45,10.21,7.8,2025-11-10
0,162.0,NO,1,2.44,2.0,127.8,137,69.55,13.63,8.7,2023-07-18
False,45.0,yes,0,0.0,2.0,121.5,131,40.05,10.81,16.2,2025-10-14
No,68.0,Yes,1,2.72,0.0,224.2,120,90.51,14.66,9.9,2025-05-04
True,103.0,No,0,0.0,1.0,217.3,60,,10.41,17.4,2024-09-01
no,20.0,yess,0,0.0,2.0,160.2,90,38.93,5.93,10.7,"Apr 08, 2026"
No,194.0,yes ,0,0.0,,244.3,112,55.77,8.95,9.8,2022-12-09
1,68.0,yes ,0,,0.0,234.7,127,66.07,14.61,9.8,2025-05-06
No ,163.0,yes,0,0.0,3.0,136.4,125,34.37,5.94,12.3,2023-07-09
YES,43.0,no,1,3.66,0.0,172.3,102,80.29,9.42,13.3,2025-10-29
No,41.0,yes,1,2.58,0.0,278.8,88,81.59,4.54,9.7,2025-11-09
false,139.0,yes,0,0.0,2.0,188.0,64,44.4,7.1,9.9,2023-12-24
Yes,142.0,yess,0,0.0,4.0,162.0,99,42.98,7.51,14.7,2023-12-04
NO,173.0,yes,1,2.37,2.0,28.7,122,40.42,6.31,8.5,2023-05-05
False,48.0,yes,0,0.0,0.0,222.5,122,47.53,5.61,10.6,2025-09-23
No,176.0,yes,1,2.53,6.0,136.4,90,72.82,13.47,9.4,2023-04-11
False,203.0,YES,0,0.0,2.0,145.0,114,48.88,12.07,8.9,
No,66.0,YES,0,0.0,2.0,217.9,68,53.36,7.93,9.4,2025-05-19
si,130.0,yes,0,0.0,0.0,146.0,126,43.61,10.0,13.3,2024-02-26
Yes,68.0,yes ,0,0.0,5.0,133.8,106,40.66,10.49,10.3,2025-05-03
yes,135.0,no ,1,5.43,0.0,197.8,87,108.96,12.7,20.0,2024-01-26
NO,137.0,yes,1,0.65,1.0,201.3,95,56.55,8.2,2.5,2024-01-08
No,28.0,YES,0,0.0,1.0,214.2,110,56.58,11.7,2.8,2026-02-07
False,91.0,yes,0,0.0,0.0,122.3,137,46.58,12.39,13.3,2024-11-28
yes,14.0,yess,0,0.0,,58.3,94,21.77,6.91,11.9,2026-05-17
SI,63.0,n0,0,0.0,4.0,140.5,100,43.71,9.86,9.7,2025-06-07
False,197.0,yes,1,3.11,1.0,212.5,101,88.07,12.53,11.6,2022-11-14
No,162.0,YES,0,0.0,3.0,217.4,112,58.94,12.22,15.8,2023-07-17
No ,190.0,yes,0,0.0,0.0,143.0,90,42.52,10.24,9.1,2023-01-03
No,34.0,yes,0,0.0,3.0,155.4,108,40.63,6.18,11.3,2025-12-28
0,139.0,no,0,0.0,2.0,244.9,90,47.46,3.06,10.7,2023-12-27
True,51.0,yess,0,0.0,0.0,274.1,96,67.53,11.93,7.7,2025-09-04
No,54.0,yes,0,0.0,3.0,262.9,107,57.1,6.48,10.6,2025-08-11
False,146.0,yes,0,0.0,0.0,139.8,113,40.09,9.33,7.9,2023-11-04
no,179.0,yes,0,0.0,2.0,179.8,97,47.69,8.37,10.9,2023-03-24
No,180.0,yes,0,0.0,,151.5,109,42.61,9.74,14.1,2023-03-14
No,0.0,yess,0,,2.0,215.7,76,57.5,10.16,9.5,2026-08-25
No,2.0,yes ,0,0.0,2.0,199.4,124,,13.37,8.1,2026-08-12
No,168.0,YES,0,0.0,,224.3,81,50.51,6.45,16.0,2023-06-03
NO,52.0,Yes,1,3.4,2.0,135.4,112,73.62,9.04,12.4,2025-08-27
No,202.0,yess,0,0.0,3.0,61.1,94,33.18,13.26,11.5,2022-10-11
No,98.0,yes,1,2.76,3.0,222.1,76,81.24,9.23,10.2,2024-10-05
0,1.0,YES,1,3.05,1.0,237.8,61,92.98,13.16,11.2,2026-08-21
Yes,91.0,YES,0,0.0,2.0,129.2,101,42.18,11.38,9.3,2024-11-25
NO,198.0,yes,0,0.0,1.0,231.4,115,59.28,11.62,9.4,2022-11-10
No,165.0,yes ,1,2.84,2.0,172.4,88,74.47,9.51,10.6,2023-06-30
1,128.0,yes,0,0.0,3.0,316.2,85,72.64,11.03,12.2,2024-03-11
No ,202.0,YES,1,3.02,0.0,146.2,87,73.08,9.48,11.2,2022-10-11
1,138.0,yes,0,0.0,0.0,335.8,118,74.06,9.7,10.4,2024-01-05
No,,yess,0,0.0,2.0,161.7,142,46.23,10.34,13.1,2023-03-24
no,3.0,YES,0,0.0,0.0,194.9,82,,8.12,6.3,2026-08-07
No ,110.0,yess,0,0.0,2.0,130.8,81,42.49,10.24,6.1,2024-07-17
0,21.0,yes,0,0.0,1.0,191.6,68,49.25,7.87,12.8,2026-03-28
NO,25.0,yes ,1,2.79,3.0,182.3,116,76.49,10.09,10.4,2026-03-06
false,204.0,yess,0,0.0,,180.5,91,45.83,7.52,7.5,2022-09-30
No ,,YES,0,0.0,3.0,171.9,83,43.56,8.33,12.7,
false,98.0,no,1,2.82,3.0,202.3,106,79.46,9.44,10.5,2024-10-09
No ,200.0,YES,0,0.0,2.0,182.4,102,50.1,10.71,8.6,2022-10-28
NO,134.0,yes ,0,0.0,1.0,181.4,143,50.2,10.6,9.8,2024-01-29
No,143.0,yess,0,0.0,0.0,218.3,110,58.13,11.99,12.0,2023-11-30
0,150.0,yes,1,3.27,0.0,231.5,109,90.22,11.22,12.1,2023-10-08
False,123.0,yes,1,4.57,0.0,185.5,78,93.4,9.73,16.8,2024-04-19
No,60.0,yess,0,0.0,1.0,162.4,121,46.93,11.18,9.6,2025-07-04
No,80.0,Yes,0,0.0,2.0,188.6,79,47.58,6.82,6.4,2025-02-13
true,10.0,yes,0,0.0,4.0,170.0,115,41.01,7.11,10.6,2026-06-16
No,178.0,yes,0,0.0,0.0,111.0,131,36.79,10.04,10.0,2023-03-30
False,138.0,yes ,1,3.56,1.0,123.2,158,69.34,6.68,13.3,2024-01-03
No,154.0,no,1,2.89,1.0,244.5,53,96.06,14.69,10.9,2023-09-14
1,124.0,yess,1,4.26,2.0,155.0,62,90.49,13.02,15.9,2024-04-08
false,198.0,yes ,0,0.0,0.0,202.9,111,38.79,2.28,12.4,2022-11-05
si,125.0,no,0,0.0,1.0,89.1,92,44.29,17.14,7.7,2024-03-30
false,152.0,Yes,0,0.0,2.0,222.2,92,55.08,9.19,12.5,2023-09-27
no,97.0,yes,1,3.15,1.0,195.1,121,86.27,11.89,11.6,2024-10-16
No ,56.0,yes,0,0.0,1.0,187.8,90,48.29,8.95,13.2,2025-07-29
no,52.0,YES,0,0.0,2.0,212.9,88,56.08,10.78,11.4,2025-08-23
Si,44.0,No,0,0.0,0.0,246.7,109,60.02,10.38,13.3,2025-10-21
0,101.0,yes,0,0.0,2.0,159.4,83,42.91,9.11,7.7,2024-09-15
No,,yes,0,0.0,2.0,146.9,80,54.64,15.46,6.4,
No ,78.0,yes,0,0.0,3.0,200.1,92,53.54,10.73,7.1,2025-02-27
no,46.0,yes,0,0.0,3.0,234.3,96,62.25,12.36,12.3,2025-10-04
No,87.0,yes ,1,2.36,1.0,273.9,101,87.21,9.37,8.7,2024-12-26
no,86.0,yes,0,0.0,0.0,197.3,88,49.94,7.97,6.9,2024-12-31
no,174.0,yes ,0,0.0,1.0,190.2,96,50.63,8.7,12.1,2023-04-27
si,76.0,yes,1,1.74,4.0,187.3,124,63.0,7.24,6.4,2025-03-09
NO,136.0,yes,0,0.0,2.0,100.4,63,41.3,13.76,16.7,2024-01-16
No,137.0,yess,1,3.69,0.0,156.5,129,84.73,12.39,13.8,2024-01-08
No,78.0,no,0,0.0,,170.0,81,47.52,10.94,9.5,2025-02-28
No,124.0,yes ,0,,4.0,218.0,122,58.08,12.01,10.3,2024-04-07
No,14.0,yes,1,1.11,1.0,193.5,115,66.05,12.77,3.8,2026-05-21
No,164.0,yes,0,0.0,3.0,197.8,94,58.1,13.99,14.9,2023-07-01
No,105.0,YES,0,0.0,2.0,219.3,97,49.18,7.11,10.7,2024-08-17
No,126.0,yess,0,0.0,1.0,193.9,101,52.28,8.97,9.4,2024-03-25
No,8.0,YES,1,2.75,1.0,220.7,102,84.23,11.12,10.0,2026-06-29
False,95.0,Yes,1,1.81,1.0,132.5,112,60.36,11.09,6.8,2024-10-31
No ,182.0,yes,0,0.0,3.0,218.4,117,59.42,11.64,0.0,2023-02-26
No ,57.0,yes,0,0.0,2.0,141.9,81,34.86,6.58,15.4,2025-07-23
No,78.0,No,0,0.0,0.0,228.8,100,51.59,7.22,7.6,2025-02-24
NO,100.0,yess,0,0.0,1.0,132.6,107,40.58,10.87,10.9,2024-09-27
no,75.0,yes,1,1.77,3.0,203.9,95,65.11,6.78,6.6,2025-03-15
no,145.0,YES,0,0.0,2.0,201.5,101,50.9,9.79,13.2,2023-11-14
No ,24.0,yes ,1,2.27,4.0,224.8,93,,9.61,8.3,2026-03-07
False,157.0,yes,0,0.0,0.0,200.3,88,47.93,8.11,8.2,2023-08-24
False,111.0,no,1,2.16,0.0,127.9,93,59.02,8.16,8.1,2024-07-07
0,133.0,Yes,0,0.0,1.0,242.1,125,60.62,10.4,0.0,2024-02-04
0,70.0,yes ,0,0.0,0.0,140.3,93,39.71,7.98,7.7,2025-04-20
No ,104.0,Yes,0,0.0,3.0,222.9,75,56.83,10.67,10.1,2024.08.25
0,111.0,yes,0,0.0,1.0,191.6,107,46.39,7.48,7.6,2024-07-09
No,64.0,no,0,0.0,1.0,241.8,88,58.04,9.51,11.3,
YES,65.0,yes,0,0.0,4.0,269.5,118,62.9,9.64,11.0,2025-05-25
false,183.0,yes,1,1.67,5.0,281.8,109,86.37,12.01,6.3,2023-02-21
No,34.0,yess,0,0.0,1.0,199.6,82,0.0,8.25,6.4,2026-01-01
No ,57.0,yes,1,3.6,1.0,141.8,108,79.78,11.2,13.3,2025-07-19
False,181.0,yess,0,,2.0,224.1,111,,10.15,11.5,2023-03-07
False,35.0,yes,0,0.0,0.0,193.2,102,53.94,12.17,11.9,2025-12-24
No,189.0,yes,0,,,139.7,106,45.33,12.87,10.1,2023-01-11
NO,61.0,no,1,2.96,1.0,141.0,139,74.8,12.18,11.4,2025-06-23
False,82.0,yes,0,0.0,2.0,204.9,92,56.1,10.83,7.5,2025-01-29
No,71.0,yes,0,0.0,2.0,157.5,72,50.68,11.7,12.1,2025-04-17
False,12.0,yes ,1,2.97,3.0,167.7,123,69.76,6.82,10.9,2026-06-05
0,56.0,yes,0,0.0,0.0,168.0,151,42.87,5.62,8.8,2025-07-30
no,100.0,yes,0,0.0,1.0,134.3,88,36.64,7.3,15.3,2024-09-25
No,46.0,no,0,0.0,3.0,61.3,124,29.98,8.6,9.4,2025-10-06
False,35.0,yess,1,3.11,1.0,184.3,90,79.29,10.59,11.5,2025-12-21
No,154.0,yes,0,0.0,,147.7,93,50.4,14.19,7.0,2023-09-09
false,50.0,yes,1,2.92,1.0,212.7,129,90.04,14.5,10.6,2025-09-12
No,100.0,yes,1,2.96,0.0,158.6,116,74.93,10.55,10.9,2024-09-27
no,87.0,yes,0,0.0,1.0,192.7,107,54.77,10.34,12.6,2024-12-23
false,170.0,yess,1,3.94,1.0,189.3,137,90.0,9.94,14.9,2023-05-20
0,51.0,yess,0,0.0,2.0,207.6,97,57.43,10.46,7.6,2025-09-02
False,17.0,yes,0,,2.0,221.0,101,56.29,9.26,12.0,2026-04-25
False,80.0,YES,1,3.29,3.0,315.3,105,104.54,10.49,12.1,2025-02-11
No,21.0,yes,0,,0.0,102.9,88,33.34,7.52,11.1,2026-03-29
0,76.0,yess,0,0.0,1.0,153.4,91,45.95,10.41,12.5,2025-03-12
SI,69.0,NO,1,3.91,3.0,125.3,91,83.69,13.6,14.3,"Apr 29, 2025"
No ,200.0,YES,1,3.18,1.0,202.1,79,92.79,15.38,11.9,2022-10-23
No,107.0,No,0,0.0,1.0,270.3,77,63.57,10.05,6.0,2024-08-08
No ,67.0,Yes,0,0.0,2.0,88.2,100,36.77,13.04,9.0,
No,96.0,no,0,0.0,1.0,106.6,98,26.01,4.37,9.7,2024-10-22
si,63.0,yes,0,0.0,5.0,160.3,114,46.51,11.49,8.9,2025-06-09
No,103.0,YES,0,0.0,2.0,102.2,117,36.27,10.74,10.4,2024-08-31
No,110.0,yes ,0,0.0,1.0,176.5,110,,9.65,6.0,2024-07-16
si,87.0,No,0,0.0,1.0,225.2,135,48.13,5.51,17.2,2024-12-25
NO,62.0,YES,0,0.0,1.0,49.3,101,33.4,13.97,18.1,2025-06-15
Yes,3.0,yes,0,0.0,1.0,247.5,108,61.46,11.04,13.3,
No,200.0,yes,1,3.76,1.0,170.8,87,81.1,7.36,14.1,2022-10-26
false,131.0,yes ,0,0.0,2.0,153.8,104,44.0,10.08,9.7,2024-02-17
NO,121.0,Yes,1,2.7,2.0,151.6,94,76.85,13.67,10.0,
No,168.0,yes,0,0.0,0.0,168.3,96,47.69,10.96,10.9,2023-06-04
yes,41.0,yes,0,0.0,0.0,243.7,90,59.6,9.08,15.3,2025-11-09
false,94.0,yes,0,0.0,0.0,181.8,116,48.24,7.98,9.7,2024-11-08
No,174.0,yes,1,1.8,2.0,112.1,105,55.38,10.93,6.6,2023-04-24
No ,5.0,No,0,0.0,0.0,184.5,123,47.57,9.75,8.5,2026-07-21
False,89.0,yess,0,0.0,2.0,123.1,101,44.62,13.17,11.8,2024-12-09
Yes,91.0,yes,1,4.29,2.0,152.4,62,90.84,12.96,15.7,2024-11-28
No ,14.0,yes,0,0.0,0.0,199.3,113,38.66,2.01,12.6,2026-05-16
No,146.0,yes,0,0.0,0.0,217.1,57,57.29,12.09,12.1,2023-11-05
false,3.0,yes,0,0.0,0.0,236.2,108,52.82,7.2,12.5,2026-08-03
No,138.0,yes,1,2.23,0.0,175.0,95,68.95,9.73,8.3,2024-01-05
No ,118.0,YES,0,,3.0,137.2,116,44.07,11.81,9.6,2024-05-20
0,48.0,yes ,1,3.16,1.0,167.1,101,82.71,13.73,11.5,2025-09-21
1,44.0,no ,1,3.73,1.0,171.0,119,87.19,11.27,13.8,2025-10-20
no,179.0,yes,0,0.0,0.0,178.9,135,46.82,9.26,6.7,2023-03-18
Si,173.0,yes,0,0.0,3.0,253.8,123,63.92,11.53,8.7,2023-04-30
No,48.0,Yes,1,3.95,2.0,102.4,99,78.43,11.79,14.8,2025-09-21
NO,196.0,yes,0,0.0,2.0,204.0,137,49.45,8.1,12.5,2022-11-19
NO,161.0,yes,0,0.0,2.0,158.6,129,46.16,9.64,13.5,2023-07-25
No ,73.0,yes,0,0.0,3.0,169.1,70,50.93,10.26,5.9,2025-04-04
no,205.0,yes,1,0.1,2.0,64.8,97,26.42,8.76,0.1,2022-09-20
false,117.0,yes,0,0.0,,167.0,78,46.16,10.36,12.3,2024-05-26
no,,Yes,0,0.0,2.0,108.6,95,30.61,7.03,6.6,
No,96.0,yes ,0,0.0,2.0,236.4,130,57.79,8.93,7.2,2024-10-23
False,53.0,Yes,0,0.0,2.0,254.9,121,60.9,9.82,9.7,2025-08-21
no,21.0,yes,0,0.0,3.0,214.0,111,55.22,10.49,9.4,2026-04-01
No ,84.0,yes ,1,3.05,0.0,215.7,94,79.87,7.01,11.3,2025-01-13
NO,12.0,YES,0,0.0,1.0,83.1,94,37.28,13.33,8.7,2026-06-03
No,93.0,YES,0,0.0,3.0,103.2,105,35.29,10.07,9.3,2024-11-10
No ,160.0,yess,1,2.46,2.0,237.4,107,89.46,14.5,9.1,2023-08-03
false,54.0,YES,0,0.0,1.0,146.2,120,41.9,10.2,13.3,2025-08-11
No,194.0,Yes,1,4.46,0.0,267.5,79,111.68,12.27,16.4,2022-12-07
No ,57.0,yess,1,3.11,0.0,193.6,103,79.7,8.79,11.4,2025-07-20
false,101.0,YES,0,0.0,3.0,133.5,89,40.17,6.96,10.3,2024-09-18
No,108.0,yes ,0,0.0,2.0,155.4,107,45.17,8.56,8.6,2024-07-30
true,16.0,yes,0,0.0,2.0,82.2,74,36.68,12.61,9.0,2026-05-06
No,103.0,yes,0,0.0,0.0,188.7,108,57.65,12.8,6.4,2024-09-04
No,19.0,yes,0,0.0,,62.6,80,31.56,11.58,8.4,2026-04-15
No,11.0,yes ,1,3.87,2.0,143.2,71,80.65,9.8,14.3,2026-06-07
False,90.0,YES,0,0.0,2.0,114.3,122,33.99,6.47,10.2,2024-12-02
False,176.0,yes,1,2.85,2.0,128.0,104,63.28,7.98,10.3,2023-04-14
no,32.0,YES,0,0.0,1.0,139.6,124,34.65,6.33,4.7,2026-01-16
yes,116.0,no,0,0.0,3.0,123.4,83,34.72,5.94,13.7,2024-06-07
NO,100.0,yes,1,3.73,0.0,202.9,92,84.65,7.84,13.6,2024-09-24
yes,25.0,yess,1,,2.0,152.1,63,89.99,12.98,15.7,2026-03-06
si,1.0,No,0,0.0,0.0,204.1,96,58.75,13.83,10.9,2026-08-18
False,87.0,YES,0,0.0,3.0,166.8,70,51.15,10.28,5.9,2024-12-24
No,191.0,yes,1,1.72,5.0,243.7,108,81.8,12.62,6.8,2022-12-24
No,62.0,yes ,0,0.0,,47.2,90,23.21,7.93,9.5,2025-06-20
NO,182.0,no,0,0.0,3.0,144.9,81,41.2,7.4,12.6,2023-02-26
NO,149.0,no,0,0.0,1.0,65.8,92,33.93,13.8,10.8,2023-10-16
No ,1.0,yes ,0,0.0,,202.4,111,55.01,11.67,10.1,2026-08-15
false,58.0,yes ,1,1.99,2.0,242.6,110,80.36,11.16,7.3,2025-07-16
no,,yes,1,1.92,0.0,59.7,103,48.64,11.02,7.1,2024-08-18
No,11.0,yes,0,0.0,2.0,134.2,97,44.23,12.04,10.2,2026-06-11
false,113.0,no,1,2.46,1.0,146.9,122,69.0,10.69,9.1,2024-06-22
False,89.0,yes,0,0.0,0.0,194.7,103,53.26,12.01,11.9,2024-12-11
No,1.0,yes,0,0.0,1.0,190.7,95,49.24,9.94,18.3,2026-08-20
No,194.0,yes,0,0.0,1.0,193.8,123,50.32,10.08,8.0,2022-12-05
No ,142.0,Yes,1,1.44,2.0,138.4,106,,8.23,5.7,2023-12-03
false,163.0,yes,0,0.0,1.0,206.6,151,48.28,7.55,6.0,2023-07-11
No,171.0,yes,1,2.23,0.0,216.4,86,75.54,9.91,8.3,2023-05-14
0,15.0,yes,0,0.0,2.0,198.5,82,48.76,8.47,12.6,2026-05-09
NO,84.0,no,0,0.0,0.0,239.1,97,58.9,10.32,4.5,2025-01-16
false,94.0,yess,0,0.0,2.0,179.3,114,54.19,13.59,16.3,2024-11-05
false,41.0,yes,0,0.0,4.0,193.4,89,49.75,9.85,9.6,2025-11-14
Yes,156.0,Yes,0,0.0,5.0,194.8,106,44.16,6.6,11.7,2023-08-29
No,81.0,YES,0,0.0,,210.5,74,54.18,9.71,8.8,2025-02-01
no,157.0,yes,0,0.0,0.0,109.7,116,38.57,10.98,12.8,2023-08-19
NO,137.0,yes ,0,0.0,2.0,185.2,92,49.72,10.58,8.5,2024-01-10
No,102.0,yess,0,0.0,6.0,173.7,84,51.5,12.66,5.9,2024-09-12
Yes,119.0,yess,0,0.0,0.0,201.2,99,51.18,9.52,9.0,2024-05-15
0,189.0,yess,1,2.99,1.0,181.3,117,72.04,6.41,11.2,2023-01-11
0,34.0,yes,0,0.0,1.0,180.8,107,54.76,12.7,11.6,2025-12-31
No,184.0,Yes,1,2.06,1.0,141.6,115,61.09,8.26,7.9,2023-02-16
No ,118.0,YES,0,0.0,1.0,134.5,120,40.02,10.25,11.3,2024-05-20
False,123.0,Yes,0,0.0,2.0,111.9,87,36.35,8.03,10.5,2024-04-18
false,87.0,yes,0,0.0,0.0,224.5,66,56.96,9.97,14.6,2024-12-21
NO,151.0,yes ,0,0.0,0.0,163.5,81,48.42,12.45,8.9,2023-10-01
NO,16.0,yes,0,0.0,2.0,67.2,124,31.49,10.49,0.0,2026-05-07
NO,13.0,YES,0,0.0,1.0,130.2,98,36.84,8.23,10.6,2026-05-23
0,54.0,yes,1,4.0,2.0,197.4,112,96.2,12.92,14.6,2025-08-14
false,74.0,yess,1,3.98,0.0,216.7,101,96.99,11.77,14.8,2025-03-22
NO,129.0,yes,0,0.0,3.0,254.5,118,52.02,4.49,13.9,2024-03-08
0,7.0,yes,0,0.0,2.0,198.9,105,,10.29,8.0,2026-07-08
NO,200.0,YES,0,0.0,1.0,169.3,144,48.83,11.18,11.5,2022-10-23
true,89.0,yes,0,0.0,7.0,135.5,107,,10.39,8.6,2024-12-07
False,67.0,yess,0,0.0,1.0,146.8,79,47.5,11.27,8.6,2025-05-11
no,88.0,Yes,0,0.0,2.0,110.8,54,37.33,10.61,7.9,2024-12-16
no,146.0,yes,1,3.38,2.0,184.2,99,73.57,4.02,12.7,2023-11-04
No,152.0,yes,0,0.0,2.0,139.1,132,37.77,6.73,11.1,2023-09-28
0,70.0,Yes,0,0.0,2.0,157.7,67,35.68,5.03,9.1,2025-04-20
True,168.0,yes,1,3.11,0.0,151.1,84,72.42,8.38,11.5,2023-06-06
1,94.0,Yes,0,,3.0,226.1,101,62.9,13.98,12.4,2024-11-07
No ,138.0,yess,1,1.78,0.0,218.8,74,73.57,10.73,6.5,2023-12-30
NO,175.0,yes ,1,3.66,2.0,244.3,111,,6.57,13.3,2023-04-20
0,20.0,no ,0,0.0,1.0,218.7,114,52.76,8.25,9.7,2026-04-07
False,55.0,yess,0,0.0,4.0,223.6,133,52.14,7.96,8.4,2025-08-07
false,141.0,Yes,0,0.0,0.0,201.9,81,53.68,11.64,16.4,2023-12-09
False,166.0,yes,0,0.0,1.0,174.0,90,51.19,12.38,7.3,2023-06-21
0,164.0,yes,0,0.0,,98.8,107,30.51,7.19,14.2,2023-07-06
no,20.0,no ,1,3.09,2.0,232.5,130,88.47,9.82,11.4,2026-04-07
0,102.0,yes,0,0.0,1.0,196.5,74,52.56,10.67,8.0,2024-09-07
false,23.0,Yes,0,0.0,3.0,152.2,72,50.42,13.69,6.6,2026-03-17
false,17.0,yes ,1,3.46,1.0,174.1,144,84.54,11.82,12.8,2026-04-30
NO,52.0,yes,1,2.41,2.0,182.7,109,76.18,11.33,9.3,2025-08-27
true,202.0,YES,0,0.0,5.0,126.3,87,40.46,10.72,12.1,2022-10-08
0,114.0,Yes,0,0.0,1.0,159.7,121,,11.06,9.7,2024-06-16
NO,145.0,yes,0,0.0,3.0,212.4,110,53.02,9.4,6.4,2023-11-12
No,42.0,Yes,0,0.0,1.0,211.4,113,54.85,11.09,8.1,2025-11-06
No ,191.0,YES,1,2.62,2.0,187.2,77,73.51,9.4,9.6,2022-12-24
0,136.0,yes,0,0.0,1.0,245.5,130,58.69,9.69,9.2,2024-01-19
No,93.0,YES,0,0.0,1.0,179.7,121,50.68,10.86,8.4,2024-11-14
0,13.0,yes,0,0.0,1.0,156.8,107,46.35,10.9,12.5,2026-05-23
NO,180.0,YES,0,0.0,1.0,153.6,94,,10.23,12.9,2023-03-15
0,20.0,yes,0,,0.0,100.5,112,36.72,11.57,9.5,2026-04-09
No,22.0,yess,1,2.13,3.0,105.1,115,60.07,11.83,7.7,2026-03-21
No,166.0,yes,0,0.0,0.0,257.4,84,67.91,12.28,5.4,2023-06-22
no,75.0,NO,1,3.19,1.0,157.9,110,74.17,8.49,11.8,2025-03-20
No,27.0,YES,0,0.0,3.0,203.5,96,50.49,7.73,9.0,2026-02-20
No,56.0,no,0,0.0,1.0,236.6,130,59.55,9.79,8.6,2025-07-30
False,207.0,yes,0,0.0,0.0,55.9,64,30.81,12.04,11.4,2022-09-07
NO,187.0,yes,1,2.89,5.0,229.9,115,90.74,13.14,10.6,2023-01-25
NO,20.0,no,1,2.21,0.0,124.9,93,69.36,14.6,8.5,2026-04-09
0,24.0,yes,0,0.0,3.0,133.5,95,36.63,8.39,14.7,2026-03-11
True,15.0,yes,0,0.0,4.0,178.1,128,38.92,5.07,10.3,2026-05-13
no,12.0,yes,0,0.0,2.0,159.5,68,36.1,5.07,9.2,2026-06-03
no,184.0,yes,1,3.74,0.0,203.3,93,84.7,7.94,13.8,2023-02-16
0,55.0,yes,0,,3.0,240.8,108,58.89,8.33,14.7,2025-08-02
NO,144.0,Yes,0,0.0,3.0,142.5,87,39.14,7.16,10.9,2023-11-23
no,30.0,yes,1,3.77,2.0,244.9,125,,13.67,14.1,2026-01-27
YES,173.0,no,0,0.0,1.0,89.7,93,44.06,16.98,7.9,2023-05-05
No,31.0,yes,0,,0.0,129.2,120,42.54,11.47,13.4,2026-01-20
No,154.0,yes,0,0.0,2.0,121.7,107,48.23,15.94,7.4,2023-09-09
0,186.0,yes,0,0.0,1.0,129.9,82,47.77,14.11,11.3,2023-01-28
No,146.0,yess,1,3.66,0.0,197.9,97,85.41,8.72,13.3,2023-11-05
YES,73.0,yes,0,0.0,5.0,90.4,118,38.29,12.95,13.7,2025-03-29
No ,130.0,yes,1,2.35,1.0,222.1,125,81.58,11.73,8.8,2024-02-24
No ,179.0,yes,0,0.0,2.0,168.6,87,44.57,6.03,11.3,2023-03-18
Yes,136.0,yes,1,3.18,6.0,85.7,104,67.99,12.91,11.7,2024-01-17
si,116.0,Yes,0,,1.0,239.8,155,63.43,13.63,13.3,2024-06-04
no,15.0,yes,0,0.0,2.0,161.5,145,45.38,10.04,16.6,2026-05-12
No ,50.0,YES,1,2.18,3.0,156.4,80,63.69,9.27,8.3,2025-09-08
1,87.0,no ,1,1.14,0.0,218.7,108,66.26,9.3,4.1,2024-12-23
False,97.0,yes,0,0.0,2.0,125.4,144,44.61,13.67,7.9,2024-10-14
No,204.0,Yes,1,2.81,3.0,249.7,106,90.3,11.77,10.4,2022-09-29
false,145.0,Yes,1,3.5,0.0,198.6,73,95.44,14.71,13.2,2023-11-13
No ,69.0,yes,0,0.0,1.0,191.0,108,47.39,8.2,14.2,2025-04-28
False,134.0,Yes,0,0.0,2.0,75.0,105,25.23,7.16,10.9,2024-01-27
true,153.0,yes,0,0.0,3.0,268.9,102,65.53,9.67,9.0,2023-09-17
No,177.0,yess,1,1.97,1.0,263.1,99,77.73,7.8,7.4,2023-04-04
NO,149.0,yess,0,0.0,1.0,260.3,106,60.82,7.96,11.6,2023-10-15
No,73.0,yes,1,2.85,2.0,189.8,104,73.84,7.46,10.6,2025-03-29
NO,164.0,yes,1,3.19,,120.9,105,72.11,11.09,12.1,2023-07-07
No,93.0,yes ,0,0.0,1.0,147.6,96,47.75,12.94,8.1,2024-11-14
No,207.0,yes,0,0.0,2.0,143.1,79,36.36,6.68,15.6,2022-09-09
No,29.0,YES,0,0.0,1.0,127.6,98,37.66,8.95,8.2,2026-02-05
False,194.0,yes,0,0.0,1.0,146.7,102,47.61,11.51,11.5,2022-12-09
no,0.0,yes,0,,99.0,288.5,99,61.32,6.88,6.9,2026-08-25
NO,12.0,yes,0,0.0,,216.8,86,53.52,9.23,6.4,2026-06-05
NO,73.0,yes,1,2.9,1.0,104.4,131,66.44,11.55,10.6,2025-04-01
1,105.0,NO,0,0.0,2.0,143.3,89,39.86,8.79,16.8,2024-08-18
0,123.0,yes ,0,0.0,2.0,182.0,100,58.15,16.47,11.3,2024-04-16
False,49.0,yess,0,0.0,0.0,114.8,90,41.42,10.92,11.0,2025-09-18
0,130.0,yes,0,0.0,0.0,110.5,101,38.12,11.07,10.8,2024-02-25
0,30.0,yes,0,0.0,1.0,108.6,90,33.45,8.07,6.1,2026-01-27
false,124.0,YES,0,,0.0,123.2,65,43.8,12.8,13.3,2024-04-12
false,52.0,YES,0,0.0,2.0,90.8,109,32.75,9.9,13.0,2025-08-23
false,164.0,Yes,0,0.0,3.0,182.2,92,45.95,8.94,11.6,2023-07-02
YES,80.0,yes,0,0.0,3.0,266.1,105,61.41,7.94,13.9,2025-02-13
SI,75.0,No,0,0.0,2.0,160.0,130,43.17,8.3,11.5,2025-03-18
SI,39.0,yes,0,0.0,2.0,149.6,72,37.2,6.63,8.7,2025-11-27
No,34.0,yes,0,,0.0,182.8,110,38.34,3.69,9.5,2025-12-28
False,89.0,no,1,2.83,1.0,198.4,72,79.11,9.85,10.4,2024-12-09
No,182.0,no,1,3.39,0.0,174.0,126,83.64,10.95,12.8,2023-02-27
No,184.0,yes,0,0.0,1.0,175.0,79,51.34,11.98,10.1,2023-02-14
False,51.0,yes,0,0.0,1.0,220.5,120,60.98,13.47,8.8,2025-09-04
False,55.0,yes,0,0.0,0.0,254.5,72,62.7,10.9,9.7,2025-08-07
no,189.0,yes,0,0.0,4.0,201.2,96,51.59,9.97,7.1,
false,27.0,yes,0,0.0,0.0,176.5,78,52.6,12.81,6.2,2026-02-18
Yes,151.0,Yes,1,2.19,4.0,111.2,107,62.98,12.44,8.4,2023-10-03
false,58.0,yes,0,0.0,2.0,154.3,106,43.03,8.58,11.7,2025-07-16
No,20.0,yes,0,0.0,4.0,175.2,114,,7.88,9.3,2026-04-07
NO,31.0,yes,1,2.95,,207.2,78,79.94,8.9,10.9,2026-01-21
No,134.0,yes ,0,0.0,1.0,169.7,107,43.67,8.87,12.2,2024-01-29
No ,147.0,Yes,1,2.9,2.0,149.1,99,76.34,12.5,10.8,2023-11-03
No,94.0,yes,0,0.0,3.0,157.6,99,41.64,6.82,3.7,2024-11-02
NO,29.0,yes,0,0.0,1.0,124.4,111,44.58,13.85,9.9,2026-02-04
False,83.0,yes ,0,0.0,6.0,205.6,107,50.85,7.1,11.0,2025-01-22
No,109.0,YES,0,0.0,0.0,203.5,88,48.83,8.15,8.3,2024-07-24
No ,100.0,yes ,0,0.0,3.0,202.0,90,54.66,11.63,9.2,2024-09-22
No ,144.0,yes,0,0.0,0.0,175.8,130,50.07,12.42,12.3,2023-11-22
0,12.0,NO,0,0.0,1.0,199.9,90,50.7,9.34,7.8,2026-06-01
No,45.0,yes,0,0.0,1.0,158.3,122,47.95,11.99,11.2,2025-10-13
no,7.0,yess,0,0.0,2.0,100.2,102,29.48,6.83,9.0,2026-07-05
0,194.0,YES,1,1.58,0.0,97.6,97,,10.27,5.9,2022-12-05
Si,126.0,no,0,0.0,4.0,149.0,95,44.05,11.03,9.2,2024-03-26
Yes,188.0,YES,0,0.0,1.0,266.5,106,70.14,13.38,5.9,2023-01-20
Yes,103.0,yes,0,0.0,1.0,263.3,79,68.55,14.14,8.4,2024-09-02
YES,182.0,No,0,0.0,2.0,236.1,91,62.15,10.47,15.6,2023-02-28
no,70.0,yess,1,2.25,3.0,153.0,104,65.2,9.23,8.2,2025-04-22
No,39.0,yes ,0,0.0,2.0,184.8,109,48.68,9.92,10.3,2025-11-25
0,58.0,yes ,0,,2.0,150.1,51,50.11,12.23,7.1,2025-07-12
YES,194.0,NO,0,0.0,1.0,249.4,116,56.82,8.62,11.2,2022-12-03
no,116.0,yes ,0,0.0,,94.5,108,,13.36,7.4,2024-06-07
Yes,129.0,yes,0,0.0,4.0,173.2,57,45.47,9.21,7.9,2024-03-06
False,25.0,YES,0,0.0,2.0,254.2,121,60.82,10.07,9.6,2026-02-28
false,47.0,YES,0,0.0,,256.4,113,49.92,4.12,11.9,2025-09-28
No ,49.0,yes,0,0.0,1.0,216.0,110,50.28,7.7,12.6,2025-09-14
No,165.0,YES,0,0.0,2.0,140.2,93,45.62,12.09,8.7,2023-06-30
0,22.0,yes,1,4.02,1.0,184.5,82,92.6,12.2,15.0,2026-03-26
False,14.0,yes,1,3.26,2.0,188.0,117,74.86,6.56,12.0,2026-05-19
false,137.0,Yes,1,3.53,1.0,238.8,100,96.48,11.54,13.2,2024-01-11
False,29.0,Yes,0,0.0,0.0,94.3,135,39.97,13.84,9.8,2026-02-05
0,182.0,Yes,0,0.0,2.0,188.7,97,54.49,12.83,14.7,2023-02-28
No ,,yes,0,0.0,3.0,40.1,80,20.24,7.67,14.1,2024-07-11
No,156.0,yes,0,0.0,2.0,111.6,104,30.43,3.79,0.0,2023-08-30
False,80.0,yes,0,0.0,3.0,143.9,120,41.05,9.49,8.7,2025-02-11
1,144.0,yess,0,0.0,1.0,78.6,106,29.59,9.41,7.4,2023-11-19
No,87.0,yes,0,0.0,1.0,171.9,114,,9.81,11.7,
Yes,206.0,yes ,0,0.0,0.0,273.9,92,67.51,11.47,6.2,2022-09-14
NO,168.0,yess,0,0.0,2.0,220.4,113,55.89,10.22,12.1,2023-06-05
yes,15.0,Yes,0,0.0,0.0,278.9,113,65.4,10.07,10.3,2026-05-10
NO,101.0,YES,0,0.0,0.0,207.9,105,55.21,11.23,14.7,2024-09-20
True,50.0,yes ,0,0.0,1.0,284.6,72,67.06,11.05,11.6,2025-09-09
No ,6.0,Yes,0,0.0,1.0,193.5,118,53.74,12.25,12.2,2026-07-12
False,107.0,YES,0,0.0,2.0,179.7,98,47.96,8.18,11.0,2024-08-07
Si,1.0,yes,0,0.0,2.0,326.0,67,74.37,8.78,10.7,2026-08-16
False,151.0,yes ,0,0.0,1.0,209.0,110,55.47,11.14,8.4,2023-10-02
No,158.0,YES,1,2.68,0.0,158.7,123,75.02,12.82,9.7,2023-08-18
no,100.0,yes ,0,0.0,2.0,170.3,100,50.32,12.16,11.4,2024-09-23
false,119.0,yes,0,0.0,1.0,187.2,72,46.83,8.83,10.4,2024-05-12
no,9.0,YES,0,0.0,4.0,255.8,105,58.17,8.01,7.2,2026-06-21
No ,174.0,yes,0,0.0,3.0,55.7,95,,13.39,11.6,2023-04-24
false,105.0,no,0,0.0,3.0,170.3,54,45.43,9.07,8.3,2024-08-17
NO,158.0,yes,1,2.64,1.0,223.3,103,79.33,8.55,9.8,2023-08-15
No,105.0,yes,0,0.0,0.0,194.3,88,47.4,8.69,0.0,2024-08-17
True,73.0,yes,0,0.0,2.0,235.8,93,57.89,9.86,11.3,2025-04-03
NO,187.0,yes,0,0.0,1.0,96.9,108,40.24,13.25,7.2,2023-01-26
true,91.0,No,0,0.0,0.0,172.6,119,44.9,9.11,9.8,2024-11-25
false,78.0,Yes,1,2.13,0.0,163.1,80,64.75,8.87,8.1,2025-02-23
No,164.0,yess,1,2.64,2.0,208.5,111,82.32,12.67,9.3,2023-07-03
no,129.0,yes,0,0.0,0.0,192.1,109,45.77,5.73,12.2,2024-03-06
No,191.0,Yes,1,2.41,0.0,215.0,61,78.32,10.07,9.3,2022-12-28
no,124.0,yes,1,1.82,0.0,215.1,73,74.8,10.65,6.6,2024-04-07
No,61.0,Yes,1,2.69,0.0,198.4,99,75.48,8.39,10.1,2025-06-24
False,129.0,yes,1,3.02,1.0,145.7,77,70.0,9.65,11.0,2024-03-08
No,102.0,yes,0,0.0,0.0,89.6,82,33.01,9.9,6.5,2024-09-09
No ,203.0,yess,1,3.18,0.0,216.6,139,88.41,11.21,11.7,2022-10-01
No ,133.0,yes,0,0.0,1.0,143.9,88,48.21,13.28,10.0,2024-02-06
No,9.0,Yes,0,0.0,1.0,211.3,79,56.62,10.2,10.2,2026-06-23
no,149.0,Yes,1,3.3,1.0,63.3,103,66.82,12.7,12.4,2023-10-19
NO,110.0,yes,1,1.59,1.0,184.1,93,,11.92,5.8,2024-07-15
0,67.0,yes,0,0.0,2.0,168.3,127,,6.22,2.9,2025-05-10
False,87.0,Yes,1,3.43,0.0,103.5,78,,11.19,13.0,2024-12-21
yes,56.0,YES,0,,1.0,305.4,95,73.99,13.13,5.4,2025-07-26
no,131.0,yes,0,0.0,0.0,124.8,112,41.65,11.73,3.7,2024-02-19
NO,,yes,0,0.0,3.0,231.2,92,58.14,11.16,9.7,2024-12-17
0,,yes,0,0.0,0.0,204.4,115,56.16,10.2,10.9,2024-12-18
0,154.0,yes,1,3.52,1.0,140.3,109,79.23,11.25,13.2,2023-09-12
NO,150.0,yes,1,2.34,2.0,138.0,72,75.85,16.53,8.7,2023-10-11
no,130.0,yes,0,0.0,1.0,241.6,144,55.33,8.32,10.7,2024-03-01
False,43.0,yess,1,3.09,0.0,183.2,54,,14.46,11.4,2025-10-29
No,197.0,yess,0,0.0,1.0,215.7,118,54.99,10.35,11.9,2022-11-17
0,139.0,yes,0,0.0,0.0,101.4,89,32.71,7.48,11.0,2023-12-28
No,85.0,yes ,0,0.0,3.0,109.2,78,38.12,11.09,10.5,2025-01-05
0,134.0,YES,0,0.0,2.0,221.6,110,51.31,7.74,10.6,2024-02-01
No,148.0,Yes,1,2.84,2.0,175.4,93,80.48,11.97,10.8,2023-10-26
No,55.0,No,0,0.0,2.0,169.9,123,47.57,7.85,11.4,2025-08-03
No,51.0,yes,0,0.0,3.0,167.1,108,44.23,9.05,8.9,2025-08-31
No,71.0,yess,0,0.0,1.0,219.5,106,56.98,8.8,12.5,2025-04-13
No ,17.0,YES,0,0.0,2.0,110.7,104,34.8,6.78,7.6,2026-05-01
no,109.0,yes,0,0.0,1.0,135.0,103,36.39,7.68,9.3,2024-07-23
No,189.0,yes ,0,0.0,3.0,113.1,132,,8.78,5.5,
si,138.0,yes,0,0.0,1.0,248.0,108,60.93,11.01,13.2,2024-01-04
SI,43.0,n0,0,0.0,3.0,132.7,105,38.82,9.24,12.8,2025-10-28
Si,100.0,yess,0,0.0,0.0,269.9,98,65.85,11.07,8.8,2024-09-25
No,27.0,YES,0,0.0,1.0,192.3,134,55.17,13.08,10.0,2026-02-20
No,175.0,yess,1,3.24,1.0,237.8,95,95.71,13.31,12.0,2023-04-16
No,178.0,yes,0,0.0,,65.0,81,,11.57,8.5,2023-03-31
1,112.0,yes,0,0.0,1.0,215.8,91,,10.95,10.2,2024-07-01
false,73.0,yes,0,0.0,1.0,263.6,114,59.56,8.86,15.2,2025-04-01
False,156.0,NO,1,3.07,1.0,221.1,79,,7.86,11.5,
0,116.0,yes ,0,0.0,1.0,246.3,82,56.73,8.03,7.6,2024-06-03
0,149.0,yes,0,0.0,2.0,123.4,105,37.27,9.03,12.5,2023-10-16
SI,77.0,yes,0,0.0,2.0,255.9,67,65.84,13.17,13.3,2025-03-05
No,104.0,Yes,1,2.28,0.0,141.2,91,68.01,11.56,8.7,2024-08-29
no,152.0,yes,1,3.85,0.0,192.5,88,89.69,11.15,14.2,2023-09-24
false,95.0,yes,0,0.0,1.0,99.9,94,37.75,9.76,0.0,2024-11-01
no,101.0,YES,1,2.05,0.0,245.3,94,82.7,10.92,7.4,2024-09-15
0,60.0,yes,0,0.0,0.0,239.3,79,56.56,9.53,9.2,2025-07-01
0,101.0,Yes,0,0.0,1.0,144.4,54,39.84,8.6,5.8,2024-09-18
No ,,yes,0,0.0,2.0,207.8,97,57.09,10.58,7.6,
False,175.0,yess,0,0.0,1.0,141.2,107,51.45,15.94,11.1,2023-04-21
false,22.0,yes,0,,0.0,184.7,95,49.63,10.68,7.9,2026-03-21
No,100.0,yes,0,0.0,0.0,170.4,119,47.01,10.18,13.8,
false,61.0,yes,1,2.84,2.0,190.6,105,74.2,7.49,10.5,2025-06-27
No,86.0,yes,0,0.0,3.0,148.1,63,49.24,13.75,8.9,2025-01-02
No,207.0,yes ,0,0.0,,205.9,89,60.56,14.37,8.7,2022-09-04
No,187.0,no,0,0.0,3.0,171.4,56,45.41,9.01,8.2,2023-01-27
No,43.0,YES,0,0.0,2.0,241.6,115,61.07,9.59,13.4,2025-10-26
0,202.0,YES,0,0.0,2.0,155.5,128,44.41,9.61,13.5,2022-10-11
0,124.0,yes,1,1.97,1.0,209.8,90,73.5,9.9,7.2,2024-04-11
SI,152.0,no,0,0.0,1.0,250.9,94,64.51,12.09,15.3,2023-09-25
false,71.0,yes ,1,3.6,1.0,303.0,80,101.74,7.72,13.0,2025-04-16
No,41.0,yes ,1,3.13,1.0,170.7,105,81.46,12.52,11.7,2025-11-13
No,94.0,n0,1,3.32,0.0,174.0,101,80.18,10.47,12.2,2024-11-03
false,110.0,no,0,0.0,1.0,192.4,130,52.31,9.3,10.9,2024-07-17
No,8.0,yes ,0,0.0,0.0,137.2,114,43.66,12.06,8.7,2026-07-03
No ,92.0,yes,0,0.0,1.0,159.3,113,48.18,11.96,11.3,2024-11-22
No,123.0,Yes,0,0.0,2.0,159.7,124,48.88,12.42,7.1,2024-04-19
no,55.0,yes,0,0.0,1.0,173.7,67,53.15,12.38,10.2,2025-08-02
No,105.0,yes,0,0.0,1.0,170.2,113,46.27,9.85,11.6,2024-08-20
yes,54.0,yes,0,0.0,0.0,146.0,124,44.75,10.05,13.5,2025-08-09
No,175.0,Yes,0,0.0,4.0,239.4,65,56.69,9.33,11.8,2023-04-19
No,22.0,yes,1,2.38,1.0,209.8,120,76.97,10.1,8.9,2026-03-24
False,20.0,yes,0,0.0,1.0,246.3,130,58.6,9.54,9.1,2026-04-05
No,176.0,yess,1,4.23,0.0,199.1,107,93.2,9.51,15.4,2023-04-08
NO,204.0,yes ,1,2.89,0.0,216.5,113,81.01,9.1,10.5,2022-09-30
no,80.0,yes,1,3.01,5.0,195.0,111,85.23,12.18,11.5,2025-02-10
true,57.0,yess,1,4.2,2.0,152.0,62,90.06,12.92,15.6,2025-07-23
si,,yes,0,,4.0,300.0,99,69.16,10.77,11.4,
False,197.0,yes ,0,0.0,3.0,177.1,102,51.75,11.83,10.9,2022-11-14
no,172.0,yes,0,0.0,1.0,246.1,101,60.37,10.13,9.4,2023-05-07
false,194.0,yess,0,0.0,3.0,230.7,89,51.13,7.48,9.6,2022-12-04
No,,yes,1,,2.0,182.4,92,79.58,11.96,10.5,
no,49.0,Yes,1,3.2,1.0,176.8,108,78.73,9.89,11.8,2025-09-17
False,41.0,yes,0,0.0,0.0,226.4,67,55.26,9.89,14.6,2025-11-13
No,78.0,n0,0,0.0,1.0,178.6,119,48.73,9.8,12.4,2025-02-24
si,139.0,Yes,0,0.0,,276.6,101,69.31,13.37,13.2,2023-12-27
No,144.0,YES,0,0.0,2.0,93.0,108,,9.92,13.0,2023-11-22
False,21.0,yess,0,0.0,1.0,209.7,99,53.65,9.94,6.5,2026-04-01
false,160.0,yess,0,0.0,1.0,202.5,102,59.47,12.02,10.9,2023-07-30
no,95.0,yes,0,0.0,0.0,160.8,75,52.98,15.29,11.9,2024-10-26
true,50.0,Yes,0,0.0,1.0,257.6,123,63.24,10.5,8.9,2025-09-12
False,171.0,yes,0,0.0,1.0,171.6,93,47.5,8.52,11.3,2023-05-16
NO,23.0,yes,0,0.0,3.0,208.0,124,50.71,9.16,12.1,2026-03-15
No,161.0,yes ,0,0.0,2.0,215.6,66,56.15,11.1,3.1,2023-07-27
NO,166.0,yes,0,0.0,3.0,231.6,100,54.32,8.05,14.5,2023-06-19
No,6.0,yes ,1,2.26,3.0,152.8,103,65.49,9.49,8.3,2026-07-16
false,84.0,Yes,0,0.0,1.0,166.6,109,50.32,11.76,9.2,2025-01-16
0,66.0,Yes,0,0.0,4.0,213.0,129,55.19,10.94,6.8,2025-05-23
SI,169.0,Yes,0,0.0,3.0,254.0,93,67.42,13.3,8.9,2023-06-01
yes,96.0,yes,0,0.0,1.0,285.7,124,67.62,10.38,6.8,2024-10-20
No,69.0,yess,1,2.31,3.0,251.0,111,,8.8,8.4,2025-04-30
No,126.0,yes,1,1.57,2.0,104.5,64,54.95,11.39,5.6,2024-03-25
No,65.0,yes ,0,0.0,0.0,115.9,100,34.87,8.09,11.4,2025-05-27
No,87.0,yes,1,1.93,0.0,182.1,106,61.79,6.31,7.5,2024-12-25
0,62.0,yes,1,2.83,0.0,148.6,105,68.0,8.35,10.4,2025-06-16
False,146.0,yes ,0,0.0,1.0,88.9,94,24.32,5.54,13.2,2023-11-06
No,109.0,yes,0,0.0,3.0,146.5,114,39.23,7.94,7.2,2024-07-22
False,47.0,yes ,1,2.56,1.0,214.9,94,83.82,12.09,9.5,2025-09-29
False,125.0,NO,0,,3.0,62.1,123,30.46,8.49,9.4,2024-04-01
0,71.0,yess,0,0.0,2.0,121.8,112,34.75,7.74,14.5,2025-04-13
No,152.0,yes,0,0.0,1.0,202.6,80,58.31,11.06,10.3,2023-09-29
No,95.0,No,0,0.0,0.0,233.6,102,59.04,11.07,12.9,2024-10-30
False,43.0,yess,1,2.15,3.0,244.2,70,80.04,10.02,7.7,2025-10-30
No ,190.0,yes,0,0.0,1.0,80.4,121,35.27,12.03,6.6,2023-01-04
No ,204.0,yess,1,1.38,1.0,242.9,67,68.57,8.58,5.0,2022-09-25
No ,71.0,yes,0,0.0,1.0,168.6,108,42.61,9.05,12.3,2025-04-18
false,181.0,YES,0,0.0,2.0,124.4,101,34.97,6.31,13.1,2023-03-08
No,52.0,YES,0,0.0,1.0,176.8,109,41.62,4.54,9.5,2025-08-28
False,143.0,yess,1,,0.0,195.7,98,85.45,8.86,13.3,2023-11-27
no,55.0,yes,0,0.0,4.0,211.8,85,67.0,16.56,9.4,2025-08-06
No ,167.0,yes,1,2.03,4.0,209.2,138,73.44,10.06,7.4,2023-06-10
false,108.0,YES,1,1.93,2.0,209.0,73,71.33,9.15,7.2,2024-08-02
No,125.0,yess,0,0.0,3.0,239.7,117,57.67,9.67,14.7,2024-04-05
False,128.0,yes,0,0.0,1.0,193.6,103,40.92,4.47,10.3,2024-03-14
si,163.0,no,0,0.0,1.0,149.2,125,43.41,10.82,14.5,2023-07-14
No ,86.0,yess,0,0.0,0.0,85.7,147,27.13,6.08,10.7,2025-01-03
si,159.0,yes,0,0.0,0.0,271.0,92,67.61,11.53,6.1,2023-08-09
YES,-2.0,yes,1,3.48,2.0,199.7,99,90.9,12.51,13.0,2026-09-10
No ,2.0,yes,1,1.95,0.0,171.0,97,62.03,7.59,7.1,2026-08-08
No,4.0,Yes,0,0.0,1.0,233.3,90,60.69,11.02,8.8,2026-07-25
0,158.0,yes,0,0.0,3.0,92.4,85,31.23,8.96,14.6,2023-08-14
no,34.0,yess,1,2.74,0.0,148.4,131,77.5,14.06,10.3,2025-12-30
false,100.0,yes,0,0.0,0.0,117.9,94,40.66,11.76,8.9,2024-09-24
False,20.0,yes,0,0.0,0.0,192.4,85,48.17,8.54,10.3,2026-04-10
no,84.0,Yes,1,3.89,,145.7,128,79.26,8.06,14.4,2025-01-11
No,171.0,yes,0,0.0,2.0,185.1,90,46.95,8.56,9.6,2023-05-13
No,195.0,yess,0,0.0,1.0,176.8,128,,15.0,7.6,2022-12-02
No,,yes,0,0.0,2.0,119.4,148,40.74,11.62,4.6,2024-03-24
False,41.0,yes,1,2.97,2.0,138.5,94,73.73,11.67,10.9,2025-11-14
No,170.0,yes,0,0.0,2.0,7.8,86,16.33,8.55,12.9,2023-05-23
YES,121.0,yess,0,0.0,4.0,140.2,104,38.11,7.92,3.9,2024-04-30
No ,85.0,yess,0,0.0,5.0,203.5,98,50.14,8.88,12.8,2025-01-10
No,107.0,yes,0,0.0,1.0,197.2,107,61.62,14.88,7.0,2024-08-09
False,95.0,YES,0,0.0,1.0,178.7,96,45.65,8.38,9.4,2024-10-30
No,82.0,yess,0,0.0,3.0,215.0,112,57.75,11.44,8.9,2025-01-25
1,109.0,YES,0,0.0,4.0,271.0,129,70.01,11.73,8.7,2024-07-26
no,196.0,yes,0,0.0,1.0,128.8,67,37.97,9.14,10.6,2022-11-24
No,95.0,yes,1,3.27,1.0,193.5,104,76.34,5.43,12.0,2024-10-27
si,83.0,Yes,0,0.0,2.0,323.7,106,73.42,10.27,9.5,2025-01-24
Yes,,yes,0,0.0,2.0,292.1,98,71.65,11.04,14.0,2022-10-27
False,77.0,Yes,0,0.0,3.0,157.4,69,37.62,6.52,9.9,2025-03-04
False,154.0,Yes,0,0.0,0.0,205.8,115,55.03,9.2,7.0,2023-09-15
No ,179.0,yes,0,0.0,0.0,217.6,86,53.99,9.62,11.0,2023-03-24
Si,112.0,yes,0,0.0,,292.8,143,67.96,10.8,9.8,2024-07-05
No ,36.0,yess,1,2.04,1.0,170.1,102,69.94,12.37,7.4,2025-12-18
No,145.0,yess,1,3.33,1.0,273.7,141,93.67,7.67,12.3,2023-11-11
0,13.0,yes,0,0.0,0.0,209.9,106,63.32,13.6,7.4,2026-05-23
0,126.0,yes,0,0.0,3.0,223.1,99,53.65,8.81,11.2,2024-03-28
no,185.0,yes,0,0.0,3.0,154.1,110,43.3,8.56,10.6,2023-02-05
no,180.0,Yes,0,0.0,1.0,179.4,134,39.23,5.07,8.4,2023-03-15
no,99.0,YES,0,0.0,3.0,261.8,115,61.54,9.9,6.7,2024-09-28
No,184.0,yes ,0,0.0,1.0,206.9,119,51.02,8.72,11.2,2023-02-12
No,129.0,yes,1,3.59,0.0,216.2,104,92.18,11.08,13.1,2024-03-04
false,56.0,yess,0,0.0,0.0,247.6,104,55.84,8.09,7.1,2025-07-26
no,114.0,no,0,0.0,2.0,215.2,72,53.0,9.36,3.7,2024-06-16
No,111.0,yes,0,0.0,1.0,225.0,80,53.29,8.16,8.0,2024-07-07
1,84.0,YES,0,0.0,5.0,134.7,106,41.0,10.5,10.2,2025-01-11
NO,59.0,yes,0,0.0,3.0,62.9,76,34.3,13.14,8.8,2025-07-06
NO,101.0,yes,1,3.0,1.0,248.6,92,87.54,8.7,11.3,2024-09-16
No,101.0,yes,0,0.0,3.0,208.9,92,56.7,10.74,9.7,2024-09-16
False,62.0,yes,0,0.0,1.0,139.9,106,46.85,13.05,10.1,2025-06-20
No,26.0,Yes,0,0.0,,238.5,85,54.95,7.23,9.5,2026-02-23
yes,62.0,yes,0,0.0,2.0,233.9,134,64.5,13.78,10.1,2025-06-15
No,152.0,Yes,0,0.0,1.0,153.5,103,34.21,4.36,7.2,2023-09-25
No,27.0,YES,1,1.9,2.0,240.3,102,67.76,3.76,7.1,2026-02-15
NO,119.0,yess,0,0.0,2.0,66.7,97,26.58,8.38,13.8,2024-05-13
si,190.0,Yes,0,0.0,0.0,278.8,82,68.94,10.11,8.8,2022-12-31
YES,45.0,YES,0,0.0,,273.7,91,67.57,11.64,6.3,2025-10-13
No,31.0,yes,1,2.76,3.0,222.8,75,81.36,9.18,10.1,2026-01-18
No,65.0,YES,0,0.0,0.0,91.2,82,,9.88,6.4,2025-05-30
false,173.0,yes,1,,1.0,171.9,124,80.85,9.78,12.7,2023-05-02
No,172.0,YES,0,0.0,2.0,124.3,74,51.42,16.11,10.4,2023-05-10
NO,28.0,Yes,0,0.0,1.0,132.3,120,,6.05,8.6,2026-02-07
False,116.0,yess,0,0.0,3.0,157.3,87,52.17,12.57,12.3,2024-06-07
NO,114.0,yes,1,2.93,4.0,213.5,120,86.14,11.29,11.2,2024-06-20
No,,no,0,0.0,1.0,204.1,82,55.41,9.5,9.0,
no,193.0,Yes,0,0.0,1.0,84.8,104,32.24,10.38,9.0,2022-12-16
no,24.0,YES,0,0.0,0.0,176.7,97,56.04,12.64,7.9,2026-03-09
0,28.0,yes,0,0.0,1.0,193.1,70,49.35,7.86,12.6,2026-02-10
NO,207.0,yes,1,3.08,1.0,95.5,89,64.82,11.02,11.3,2022-09-05
No,180.0,Yes,0,0.0,1.0,233.8,133,57.15,8.22,6.1,2023-03-13
False,55.0,yes,0,0.0,0.0,264.4,117,60.68,9.06,10.5,2025-08-07
Yes,33.0,yess,0,0.0,0.0,233.9,95,65.41,15.23,13.0,2026-01-04
0,41.0,yes ,0,0.0,,61.3,101,35.01,12.94,11.0,2025-11-09
No,50.0,yes,1,2.22,2.0,230.8,85,82.46,11.06,8.3,2025-09-06
si,12.0,no,0,0.0,1.0,249.5,94,63.44,12.2,15.3,2026-06-05
Yes,38.0,yes,1,3.71,4.0,111.4,100,75.07,10.33,13.9,2025-12-05
No,112.0,yes,0,,1.0,185.0,127,49.57,10.45,15.1,2024-07-01
No,51.0,yes,0,,2.0,135.1,106,36.28,7.23,9.6,2025-09-03
NO,124.0,yes,1,2.08,2.0,166.4,89,60.16,6.2,7.9,2024-04-12
No,4.0,n0,0,0.0,1.0,189.9,131,53.3,9.37,10.9,2026-07-31
no,79.0,YES,0,0.0,1.0,167.1,85,48.53,12.15,9.9,2025-02-15
No,149.0,Yes,0,0.0,1.0,101.7,95,38.18,9.75,0.1,2023-10-18
NO,201.0,yes,1,2.65,2.0,152.9,95,76.65,13.74,10.0,2022-10-18
no,28.0,yes ,0,0.0,2.0,197.3,90,56.22,13.13,9.2,2026-02-13
No,134.0,yes,1,2.91,2.0,218.7,92,82.22,9.16,11.1,2024-02-02
False,109.0,yes,0,0.0,2.0,103.9,103,29.59,6.99,9.0,2024-07-20
Yes,42.0,yes,0,0.0,4.0,120.3,108,41.38,12.18,7.6,2025-11-02
true,3.0,Yes,0,0.0,1.0,287.6,107,64.5,8.9,10.7,2026-08-02
YES,98.0,Yes,0,0.0,1.0,266.1,113,61.07,9.3,18.1,2024-10-06
false,123.0,no,0,0.0,0.0,221.1,86,54.52,10.47,11.3,2024-04-18
false,52.0,yes,1,2.7,1.0,94.4,83,59.54,9.06,10.2,2025-08-23
0,43.0,yes,0,0.0,0.0,241.9,102,51.96,6.45,11.7,2025-10-31
Si,33.0,yess,0,0.0,1.0,246.6,116,66.39,14.42,9.0,2026-01-04
No ,140.0,yes,1,2.6,1.0,210.1,64,74.65,7.78,9.5,2023-12-20
1,195.0,Yes,0,0.0,2.0,129.3,99,42.0,11.42,9.1,2022-11-29
True,119.0,NO,1,3.82,3.0,124.6,90,83.2,13.84,14.3,2024-05-13
no,159.0,n0,1,3.01,1.0,212.4,121,77.45,7.08,11.2,2023-08-07
No,146.0,yess,1,3.21,1.0,132.5,105,76.74,12.36,12.0,2023-11-05
NO,10.0,yes,0,0.0,2.0,158.9,103,44.65,10.18,9.5,2026-06-19
No ,1.0,yes,0,0.0,3.0,228.7,89,51.41,7.34,9.7,2026-08-19
False,0.0,YES,1,3.32,3.0,103.0,89,72.54,12.17,12.2,unknown
true,162.0,no,0,0.0,1.0,238.6,88,65.15,14.13,11.4,2023-07-15
no,49.0,yess,1,3.09,5.0,194.8,112,84.66,11.95,11.5,2025-09-13
No,102.0,yes,1,3.69,0.0,160.7,73,87.65,13.65,13.7,2024-09-07
No,107.0,yes ,0,0.0,0.0,100.1,99,41.52,12.06,10.5,2024-08-06
no,120.0,YES,0,0.0,,146.4,102,47.44,11.57,11.3,2024-05-10
No ,83.0,YES,1,3.54,0.0,103.0,79,71.54,11.22,13.0,2025-01-19
Yes,,yes ,0,0.0,7.0,129.4,121,42.09,9.89,12.0,2024-06-17
false,,yes,0,0.0,0.0,70.8,78,28.55,9.56,8.8,
NO,109.0,Yes,0,0.0,1.0,167.9,117,46.73,10.86,11.7,2024-07-20
No ,173.0,yes,0,0.0,1.0,124.1,95,40.84,10.36,13.1,2023-04-30
False,124.0,yes ,1,,1.0,240.9,86,78.8,7.12,9.7,2024-04-10
false,90.0,yess,0,0.0,2.0,109.3,112,36.2,10.74,10.1,2024-11-30
no,131.0,YES,0,0.0,3.0,198.2,101,49.6,8.51,11.7,2024-02-17
No,28.0,yes,1,,2.0,100.4,98,,11.82,14.7,2026-02-09
No,47.0,YES,0,0.0,2.0,177.6,91,,11.32,8.8,2025-09-30
No ,206.0,yes,1,2.32,0.0,197.3,91,75.62,10.75,8.6,2022-09-14
false,48.0,yess,0,0.0,1.0,197.0,107,47.46,7.71,11.6,2025-09-25
NO,36.0,yes,0,0.0,1.0,80.0,93,37.25,13.4,8.5,2025-12-13
no,61.0,YES,0,0.0,2.0,206.8,97,58.67,13.79,8.0,2025-06-26
No,164.0,YES,1,2.1,2.0,191.5,96,65.66,6.67,7.7,2023-07-01
No ,111.0,no,0,0.0,0.0,206.3,135,50.89,8.4,10.8,2024-07-09
No,173.0,yess,1,3.71,0.0,161.3,71,88.07,13.61,13.6,2023-05-03
No,130.0,yes ,0,0.0,0.0,177.6,123,53.33,11.37,10.9,2024-02-25
0,108.0,yes,0,0.0,1.0,228.2,122,52.76,8.19,10.0,2024-07-29
False,59.0,yess,0,0.0,0.0,179.7,124,46.16,8.6,10.9,2025-07-07
No,64.0,yes,0,0.0,2.0,141.2,78,40.79,10.12,11.3,2025-06-03
0,169.0,YES,0,0.0,1.0,168.6,96,40.86,6.87,13.0,2023-05-27
true,27.0,YES,0,0.0,4.0,72.1,86,26.33,8.01,8.2,2026-02-16
Si,68.0,yes,0,0.0,2.0,248.3,115,68.22,15.2,9.2,2025-05-08
no,183.0,Yes,0,0.0,2.0,103.7,74,40.85,14.15,13.2,
0,141.0,no,1,,2.0,234.5,129,88.36,9.74,11.3,2023-12-13
No,134.0,yes ,0,0.0,3.0,218.0,119,60.45,11.56,0.0,2024-01-31
NO,206.0,yes ,0,0.0,2.0,139.9,106,36.78,7.75,12.5,2022-09-10
No,126.0,yes,0,0.0,2.0,177.4,59,55.44,14.2,5.9,2024-03-23
No ,129.0,Yes,0,0.0,2.0,105.9,117,26.81,5.56,11.5,2024-03-05
No,133.0,yes ,0,0.0,1.0,98.8,98,36.0,11.38,10.4,2024-02-08
0,113.0,yes,0,0.0,2.0,132.7,97,38.63,6.82,7.7,2024-06-24
si,114.0,YES,1,3.66,1.0,174.2,103,87.29,12.38,13.5,2024-06-16
No,165.0,yes,1,2.46,1.0,211.7,119,,10.11,8.8,
no,116.0,yess,1,1.82,1.0,228.8,100,78.35,12.88,6.3,2024-06-01
No,8.0,Yes,0,0.0,2.0,92.7,108,33.16,9.83,13.2,2026-07-02
YES,159.0,yess,0,0.0,,154.8,122,35.07,5.71,15.3,2023-08-09
NO,173.0,yes,0,0.0,0.0,198.2,112,37.8,2.13,12.4,2023-04-29
Si,127.0,no,1,2.19,1.0,271.5,97,89.22,12.67,8.4,2024-03-16
0,192.0,Yes,0,0.0,0.0,145.6,56,45.51,9.94,9.2,2022-12-19
No,62.0,Yes,1,1.79,1.0,111.0,83,58.73,12.05,6.9,2025-06-16
NO,153.0,Yes,1,3.53,0.0,218.8,105,93.08,11.07,13.2,2023-09-16
No,30.0,Yes,0,0.0,1.0,244.5,102,59.98,10.14,9.4,2026-01-29
false,81.0,yes,0,0.0,2.0,123.7,81,45.85,14.07,10.0,2025-02-02
false,134.0,yes,0,0.0,0.0,168.6,94,48.44,11.75,11.1,2024-01-31
false,119.0,yes,0,0.0,2.0,175.9,100,38.57,4.88,7.6,2024-05-16
Si,32.0,yes,0,0.0,3.0,241.5,83,63.58,12.25,10.0,2026-01-11
No,94.0,yes ,1,2.33,1.0,208.6,120,,10.18,8.8,2024-11-04
yes,41.0,yes,0,0.0,4.0,107.5,62,30.95,5.27,12.7,2025-11-11
false,132.0,yess,0,0.0,0.0,86.9,113,32.99,11.29,15.6,2024-02-11
No ,37.0,YES,0,0.0,2.0,104.9,104,30.81,7.06,9.0,2025-12-11
No ,99.0,yess,0,0.0,1.0,233.6,65,57.39,10.48,9.1,2024-09-30
No,82.0,yes,1,2.57,3.0,157.8,102,67.89,8.38,9.6,2025-01-26
no,139.0,yes,0,0.0,1.0,156.0,82,45.57,11.04,12.0,2023-12-23
No,206.0,yes,0,0.0,1.0,151.5,73,42.76,9.66,10.2,2022-09-10
No,39.0,Yes,0,0.0,1.0,180.7,99,58.99,14.18,11.3,2025-11-26
False,126.0,yes,0,0.0,1.0,159.6,122,46.42,10.72,8.5,2024-03-24
no,28.0,yes ,1,3.62,0.0,60.9,113,61.23,8.3,13.2,2026-02-09
True,189.0,No,0,0.0,3.0,121.4,83,34.7,5.96,13.6,2023-01-12
1,9.0,YES,0,0.0,2.0,245.9,117,67.49,15.36,9.2,2026-06-21
NO,83.0,YES,0,0.0,1.0,151.9,98,46.68,10.44,12.0,2025-01-20
No,113.0,Yes,0,0.0,0.0,240.1,129,58.26,8.07,11.9,2024-06-22
No,40.0,no,1,2.45,,81.9,97,58.6,11.62,8.9,2025-11-20
No,147.0,yes,1,3.18,1.0,201.5,76,89.87,13.96,11.8,2023-10-28
0,130.0,yes,1,3.09,,144.0,105,,11.14,11.2,2024-03-01
No ,38.0,yes,0,0.0,0.0,173.7,78,,7.17,10.9,
No,161.0,yes,0,0.0,0.0,205.0,96,56.36,12.82,12.0,2023-07-25
False,206.0,Yes,0,0.0,4.0,212.9,129,55.0,11.02,6.7,2022-09-14
True,201.0,yess,0,0.0,2.0,128.0,100,41.65,11.32,9.2,2022-10-19
no,13.0,yess,0,0.0,,216.1,97,47.78,5.85,11.8,2026-05-29
No,123.0,yes,0,,2.0,198.3,90,57.43,13.36,9.3,2024-04-18
False,126.0,YES,0,0.0,1.0,180.7,92,47.73,9.42,12.3,2024-03-25
1,159.0,yes,0,0.0,1.0,269.0,100,69.03,11.78,8.4,2023-08-10
NO,142.0,yes ,1,3.65,,157.9,135,69.73,3.73,13.4,2023-12-05
NO,112.0,yess,0,0.0,3.0,113.6,108,36.61,9.47,14.0,2024-07-04
0,112.0,yes,0,0.0,,156.5,108,50.74,13.41,10.0,2024-07-05
yes,,yess,0,0.0,2.0,296.8,140,69.87,11.13,13.0,
No,94.0,no,0,0.0,1.0,267.8,77,,10.23,5.7,2024-11-08
No ,28.0,yes,0,0.0,1.0,137.8,80,47.16,11.21,13.5,2026-02-09
No,21.0,yess,0,0.0,1.0,180.7,122,48.05,9.98,10.4,2026-04-01
False,84.0,yes ,0,0.0,2.0,220.0,99,55.35,10.54,13.5,2025-01-17
no,69.0,yes ,0,0.0,2.0,143.2,139,44.72,12.05,7.1,
0,117.0,yes,0,0.0,0.0,201.9,45,47.55,7.32,8.5,2024-05-30
false,100.0,YES,0,0.0,0.0,206.8,78,61.22,13.16,10.8,2024-09-22
False,106.0,yes,0,0.0,1.0,214.6,114,54.04,9.9,9.9,2024-08-11
YES,15.0,yes,0,0.0,0.0,291.5,143,68.24,10.74,10.0,2026-05-13
Si,140.0,n0,1,3.81,1.0,225.8,117,87.42,6.01,14.0,2023-12-21
No,83.0,yess,1,2.4,2.0,237.1,108,89.9,14.44,9.1,2025-01-19
SI,188.0,No,0,0.0,2.0,164.8,86,44.46,8.78,14.0,2023-01-20
No,63.0,yes ,1,2.89,5.0,232.1,116,90.81,13.35,10.5,2025-06-10
false,135.0,yess,0,0.0,2.0,114.7,80,32.14,7.49,10.8,2024-01-21
NO,207.0,YES,0,0.0,0.0,83.2,96,33.43,11.04,12.5,2022-09-07
Yes,87.0,No,0,0.0,0.0,251.6,119,58.85,9.88,11.0,2024-12-27
yes,39.0,No,1,2.04,0.0,147.7,102,60.15,7.99,7.7,2025-11-28
False,205.0,yes,0,0.0,1.0,199.9,138,47.97,8.46,5.4,2022-09-22
0,23.0,Yes,0,0.0,1.0,236.2,122,58.74,10.94,11.7,2026-03-17
true,72.0,yess,0,0.0,2.0,81.3,74,36.44,12.7,8.9,2025-04-07
SI,43.0,yes ,0,0.0,3.0,225.2,100,62.92,13.76,12.1,2025-10-27
No,70.0,yess,1,2.26,0.0,277.4,120,87.37,10.12,8.3,2025-04-25
No ,202.0,yes,0,0.0,1.0,184.7,127,53.22,9.75,5.1,2022-10-11
No,79.0,yes,1,3.09,0.0,218.2,93,80.42,6.98,11.3,2025-02-20
No,87.0,YES,0,0.0,1.0,158.9,101,51.93,14.97,13.9,2024-12-27
No,55.0,yes,1,1.6,2.0,182.3,138,64.84,10.27,6.0,2025-08-04
false,42.0,no,0,0.0,2.0,218.3,71,53.69,9.31,3.6,2025-11-03
No,81.0,yes,0,0.0,0.0,191.5,82,48.37,8.14,6.0,2025-02-01
No,189.0,yess,1,2.07,2.0,162.8,76,67.0,10.15,7.8,2023-01-12
0,146.0,YES,0,0.0,1.0,175.1,119,51.34,11.94,10.4,2023-11-09
no,174.0,yes,0,0.0,2.0,149.3,105,43.38,10.41,10.0,2023-04-24
0,66.0,Yes,0,0.0,1.0,188.9,88,49.44,9.51,13.1,2025-05-17
False,95.0,yes,0,0.0,1.0,188.1,91,47.82,8.91,13.1,2024-10-30
No ,199.0,yes,0,0.0,1.0,143.8,92,42.92,10.3,12.0,2022-10-30
si,165.0,yes,0,0.0,1.0,317.3,60,67.6,7.72,10.3,2023-06-24
no,60.0,yess,1,3.39,2.0,263.0,121,97.55,10.65,12.7,2025-07-04
False,94.0,yess,1,3.63,2.0,97.3,123,67.04,8.62,13.5,2024-11-03
No,34.0,yess,0,0.0,1.0,91.0,129,30.14,8.47,5.4,2026-01-01
No,188.0,yess,0,0.0,0.0,195.5,102,43.82,5.91,9.3,2023-01-18
False,46.0,yes ,0,0.0,2.0,160.4,86,52.38,12.93,7.0,2025-10-05
0,70.0,yes,0,0.0,1.0,190.8,90,48.72,9.44,13.1,2025-04-20
NO,52.0,yes ,0,0.0,1.0,227.6,90,55.73,8.19,11.7,2025-08-24
0,117.0,yes,0,0.0,1.0,228.6,122,52.57,8.0,10.2,2024-05-27
false,114.0,yes,0,0.0,3.0,115.9,136,34.51,8.96,6.0,2024-06-19
0,153.0,yess,1,2.8,2.0,178.7,82,74.17,8.73,10.0,2023-09-18
NO,186.0,yes,0,0.0,1.0,223.4,141,57.09,10.91,12.4,2023-01-28
false,10.0,Yes,0,0.0,2.0,218.9,92,51.66,7.51,9.2,2026-06-17
No,96.0,yes ,0,0.0,2.0,183.4,131,50.64,8.88,9.9,2024-10-21
false,202.0,no,0,0.0,1.0,165.5,81,,10.86,9.2,2022-10-11
No,24.0,yes,0,,2.0,84.8,82,37.17,12.26,10.1,2026-03-11
No,155.0,yes,0,0.0,2.0,155.0,116,44.28,9.83,8.2,2023-09-06
0,142.0,No,0,0.0,4.0,195.0,97,55.77,10.58,8.4,2023-12-07
0,6.0,yes,0,0.0,1.0,228.4,94,50.12,6.84,9.1,2026-07-15
NO,88.0,yess,1,2.07,0.0,261.9,114,84.78,10.7,7.8,2024-12-17
false,158.0,no ,0,0.0,0.0,255.2,125,55.89,7.21,11.8,2023-08-18
No,190.0,yes,1,2.33,2.0,103.8,81,57.56,9.86,8.5,2023-01-01
No,5.0,yes,0,0.0,0.0,156.0,105,42.62,9.5,10.8,2026-07-18
yes,159.0,No,1,1.13,,146.9,128,61.71,14.41,4.3,2023-08-06
No ,129.0,no ,1,2.94,1.0,209.2,121,78.12,6.91,11.1,2024-03-07
no,129.0,yes,1,2.6,4.0,150.1,104,,11.8,9.6,2024-03-04
No,198.0,yes,1,3.38,2.0,153.0,93,78.67,10.78,12.7,2022-11-05
false,52.0,yes ,0,0.0,,207.2,97,57.94,11.99,14.4,2025-08-23
No,35.0,Yes,0,0.0,0.0,173.2,92,40.93,6.53,5.3,2025-12-26
True,38.0,yes,0,0.0,4.0,130.5,119,40.78,10.55,11.1,2025-12-03
no,16.0,YES,0,0.0,4.0,217.9,122,57.88,12.13,10.2,2026-05-08
false,69.0,yes,0,0.0,1.0,150.9,107,39.17,7.85,14.6,2025-05-02
false,5.0,yes,0,0.0,1.0,191.7,143,46.14,7.41,12.9,07-20-2026
No ,171.0,yes ,1,2.29,1.0,171.6,109,64.17,6.87,8.4,2023-05-17
no,115.0,no,0,0.0,2.0,122.9,58,,11.8,11.4,2024-06-10
No,129.0,yes,0,0.0,3.0,213.5,110,52.89,9.44,6.3,2024-03-08
false,144.0,yes ,1,2.57,0.0,278.7,88,82.53,4.57,9.6,2023-11-21
yes,119.0,yes,0,0.0,5.0,182.2,106,43.67,6.8,10.1,2024-05-13
false,65.0,yes ,0,0.0,,147.2,114,38.75,8.05,7.1,2025-05-30
No ,78.0,yes,1,1.77,4.0,262.2,77,79.8,10.17,6.5,2025-02-22
No ,157.0,yes,0,0.0,,148.2,102,47.04,11.14,12.9,2023-08-23
NO,12.0,yes,0,0.0,1.0,173.0,114,45.53,9.9,11.6,2026-05-30
No,81.0,Yes,0,0.0,0.0,9.0,100,16.03,6.86,12.1,2025-02-07
No,203.0,yes,0,0.0,0.0,172.3,118,47.32,10.19,13.8,2022-10-02
No,52.0,yes ,1,3.51,2.0,179.1,111,83.88,11.07,12.9,2025-08-27
No,47.0,yes,0,0.0,4.0,166.3,94,47.49,11.6,10.0,2025-10-01
No,115.0,yes,1,2.79,0.0,150.0,105,68.78,8.34,10.4,2024-06-08
false,37.0,yes,0,0.0,1.0,222.6,105,,8.81,12.4,2025-12-10
NO,90.0,yes,0,0.0,3.0,182.0,92,45.87,8.39,8.5,2024-12-06
false,149.0,yess,1,3.43,3.0,124.5,123,75.02,11.53,12.6,2023-10-18
True,52.0,yes,0,0.0,2.0,284.7,115,63.08,8.06,13.9,2025-08-23
No,83.0,yess,1,2.27,0.0,274.1,120,86.67,10.16,8.1,2025-01-21
No ,,yes,0,0.0,1.0,213.4,145,60.08,13.44,10.8,2023-02-21
No,195.0,yess,0,0.0,1.0,162.2,84,42.86,8.2,12.0,2022-12-01
No ,178.0,YES,0,,0.0,127.5,70,25.67,2.52,8.9,2023-03-31
false,37.0,no,1,2.69,4.0,243.8,117,87.02,10.82,9.8,2025-12-07
No,144.0,yes,0,0.0,3.0,207.6,89,54.19,11.72,9.1,2023-11-20
No,62.0,yes,1,2.65,1.0,184.4,66,78.32,10.64,10.0,2025-06-14
no,204.0,yes,0,0.0,1.0,114.7,129,,8.46,12.7,2022-09-30
No ,167.0,yes,0,0.0,0.0,103.9,122,39.83,12.36,6.5,2023-06-14
No,111.0,YES,0,,1.0,135.4,112,47.2,13.61,4.4,2024-07-12
False,132.0,yess,0,0.0,0.0,245.5,113,51.87,6.17,12.2,2024-02-16
0,51.0,yes,1,3.36,2.0,188.2,95,77.16,6.06,12.6,2025-09-01
False,207.0,Yes,0,0.0,3.0,133.7,95,42.17,11.89,7.5,2022-09-09
No,185.0,yess,0,0.0,2.0,225.8,82,54.09,8.95,6.3,2023-02-06
NO,187.0,yes,1,2.56,2.0,185.0,77,73.27,9.47,9.6,2023-01-22
True,93.0,yess,0,0.0,5.0,182.6,105,,6.68,10.0,2024-11-11
no,77.0,yes,0,0.0,1.0,164.4,117,48.77,12.52,9.0,2025-03-06
True,101.0,no,0,0.0,4.0,214.8,61,43.95,5.3,9.7,2024-09-19
No,191.0,no,0,0.0,3.0,225.1,81,58.32,12.21,12.1,2022-12-27
false,66.0,YES,0,0.0,1.0,228.0,115,57.0,10.08,14.3,2025-05-18
False,188.0,yes,0,0.0,1.0,238.7,109,61.77,11.74,12.7,2023-01-19
SI,103.0,yes,0,0.0,3.0,257.2,44,61.22,10.74,7.9,2024-09-01
No,137.0,Yes,0,0.0,0.0,261.9,112,57.07,7.32,13.9,2024-01-10
No,182.0,yess,0,0.0,0.0,174.2,77,41.78,7.14,11.0,2023-02-26
1,43.0,Yes,0,0.0,2.0,270.2,89,63.79,10.43,13.9,2025-10-26
No,74.0,yes,0,0.0,2.0,128.7,78,40.83,9.33,11.1,2025-03-23
false,198.0,yes ,1,1.74,1.0,24.5,119,39.7,10.37,6.5,2022-11-10
False,136.0,yes,0,0.0,5.0,217.8,74,52.69,9.66,10.0,2024-01-19
No,104.0,yes ,1,1.91,2.0,180.2,70,69.04,10.51,7.3,2024-08-29
0,62.0,YES,1,2.91,1.0,174.6,74,74.15,8.45,11.0,2025-06-14
NO,0.0,yes,0,0.0,2.0,180.0,111,46.84,7.5,9.8,2026-08-26
False,199.0,Yes,1,1.7,2.0,105.5,61,63.07,17.07,6.3,2022-11-04
Yes,54.0,yes,0,0.0,0.0,245.9,91,61.2,10.72,14.0,2025-08-09
0,146.0,no,0,0.0,2.0,178.6,113,51.3,10.52,7.4,2023-11-04
No,166.0,yes,0,0.0,1.0,143.7,91,43.11,10.48,11.9,2023-06-18
No,89.0,yes ,0,0.0,3.0,253.3,92,58.85,8.98,9.5,2024-12-09
si,14.0,NO,0,0.0,3.0,122.7,84,34.63,5.98,13.6,2026-05-17
No,84.0,Yes,0,0.0,2.0,132.1,95,39.41,6.82,7.9,2025-01-13
No,141.0,YES,1,2.53,0.0,240.0,103,91.0,14.3,9.4,2023-12-10
No,203.0,no,1,3.51,1.0,285.1,113,102.92,10.35,13.0,2022-10-01
No,199.0,Yes,1,3.01,1.0,239.2,79,,5.89,11.0,2022-10-30
1,96.0,no,0,0.0,3.0,201.0,88,52.22,10.54,11.0,2024-10-23
No,62.0,YES,0,,2.0,184.0,100,51.26,10.56,9.2,2025-06-17
No,166.0,YES,0,0.0,1.0,208.7,48,58.06,11.78,9.8,2023-06-20
False,58.0,yes,0,0.0,1.0,174.2,87,53.81,13.69,12.4,2025-07-15
No,204.0,yes,0,0.0,1.0,153.9,104,48.98,12.87,9.3,2022-09-28
True,168.0,yes,0,0.0,6.0,82.1,121,31.61,10.45,11.2,2023-06-04
1,62.0,YES,0,0.0,5.0,137.9,114,37.79,8.1,10.4,2025-06-20
No,63.0,yes,0,0.0,3.0,277.6,94,61.49,8.28,2.2,2025-06-07
YES,54.0,yes ,0,0.0,0.0,298.4,108,69.89,8.98,11.7,2025-08-12
Yes,124.0,Yes,0,0.0,2.0,316.5,101,68.48,8.56,5.5,2024-04-07
False,187.0,Yes,1,4.06,2.0,242.4,149,92.81,5.83,15.2,2023-01-22
False,27.0,YES,1,3.33,1.0,173.1,119,81.81,10.87,12.3,2026-02-18
No,206.0,YES,0,0.0,4.0,236.4,64,57.08,9.23,11.8,2022-09-14
No,68.0,yes,0,0.0,1.0,132.1,79,44.6,10.38,10.2,2025-05-09
No,83.0,YES,0,0.0,2.0,159.1,66,39.2,6.57,6.9,2025-01-21
false,13.0,yes,0,0.0,0.0,161.4,137,49.16,11.11,11.3,2026-05-28
true,135.0,yes,0,0.0,1.0,179.2,146,48.5,10.51,13.5,2024-01-23
0,34.0,YES,0,0.0,2.0,182.0,105,48.74,10.23,9.8,2026-01-01
SI,83.0,no,0,0.0,0.0,202.6,97,59.14,13.93,11.0,2025-01-18
YES,204.0,no,0,0.0,0.0,207.3,96,58.46,14.03,11.1,2022-09-30
0,16.0,yes,0,0.0,1.0,133.6,119,32.74,6.11,8.6,2026-05-07
No,55.0,YES,0,,3.0,213.8,112,57.96,11.33,9.0,2025-08-04
1,45.0,yess,0,0.0,0.0,198.3,99,57.12,13.28,9.4,2025-10-13
False,73.0,YES,0,0.0,2.0,154.0,118,40.85,8.58,12.1,2025-03-31
True,105.0,yes ,0,0.0,4.0,142.2,79,32.5,4.34,8.8,2024-08-21
NO,105.0,yes,1,1.81,1.0,112.6,84,59.08,11.98,6.8,2024-08-17
NO,126.0,yes ,1,4.04,2.0,244.2,88,104.91,13.18,14.7,2024-03-26
Si,145.0,YES,0,0.0,1.0,285.1,124,67.33,10.21,6.9,2023-11-14
No,94.0,yes,1,2.8,0.0,200.7,68,80.95,11.01,10.5,2024-11-08
yes,200.0,yes,1,3.32,1.0,167.2,84,81.33,11.2,12.4,2022-10-27
no,76.0,YES,1,2.27,3.0,158.7,118,66.82,9.77,8.3,2025-03-10
false,198.0,Yes,0,0.0,2.0,112.7,93,33.0,7.42,9.5,2022-11-09
No,51.0,n0,0,0.0,3.0,182.4,79,50.57,9.92,8.7,2025-09-04
NO,79.0,yes,0,0.0,1.0,179.6,69,43.03,7.11,11.1,2025-02-20
No ,158.0,yes,1,3.27,3.0,104.8,90,71.89,12.14,12.3,2023-08-15
Yes,114.0,Yes,0,0.0,5.0,183.8,106,41.87,6.74,10.0,2024-06-21
False,46.0,yes,0,0.0,2.0,237.2,105,56.69,8.76,8.6,2025-10-07
false,151.0,Yes,0,0.0,1.0,203.6,86,55.51,10.54,7.7,2023-10-02
No ,37.0,Yes,1,4.08,0.0,220.5,77,92.27,8.15,15.1,2025-12-10
YES,155.0,yess,0,0.0,3.0,253.0,125,63.47,11.56,8.4,2023-09-08
No,188.0,yes,0,0.0,2.0,167.9,103,50.74,12.72,10.6,2023-01-14
False,150.0,no,0,0.0,1.0,190.9,79,53.67,13.31,1.2,2023-10-07
No,149.0,yes,0,0.0,3.0,215.9,141,50.17,7.24,7.1,2023-10-15
SI,167.0,yes,0,0.0,5.0,156.5,85,43.2,9.75,9.4,2023-06-16
NO,69.0,yes,1,1.17,2.0,53.0,62,36.64,10.04,4.2,2025-04-29
No ,52.0,yess,1,3.24,1.0,116.5,85,64.86,7.61,12.1,2025-08-25
No ,187.0,yes,0,0.0,1.0,114.2,64,39.05,10.69,8.9,2023-01-22
false,119.0,yes,0,0.0,2.0,123.1,81,46.08,14.14,10.0,2024-05-11
No,165.0,Yes,0,0.0,1.0,153.2,104,47.52,12.16,10.9,2023-06-26
false,102.0,yes ,1,,2.0,95.1,94,67.39,14.59,10.0,
false,42.0,YES,0,0.0,3.0,246.1,90,61.24,9.08,14.8,2025-11-06
NO,141.0,yes ,1,3.9,1.0,130.3,107,,11.71,14.5,2023-12-09
No,55.0,yes ,1,0.1,1.0,150.4,95,39.26,7.68,0.0,2025-08-03
0,115.0,yes,0,0.0,0.0,161.6,87,52.15,14.12,8.6,2024-06-09
NO,88.0,YES,1,2.33,3.0,172.4,87,62.48,5.47,8.6,2024-12-20
No,52.0,yes,0,0.0,2.0,106.8,110,38.8,9.95,8.1,2025-08-29
No ,153.0,yes ,0,0.0,2.0,144.4,79,36.01,6.76,15.6,2023-09-19
No ,190.0,Yes,1,2.79,2.0,134.9,99,66.55,8.81,10.2,2023-01-02
No ,16.0,no,0,0.0,0.0,153.0,68,52.93,14.32,9.3,2026-05-07
Yes,44.0,yes,0,0.0,4.0,161.4,93,42.55,9.35,13.6,2025-10-21
No ,177.0,yes,0,0.0,1.0,162.7,103,48.09,11.84,10.7,2023-04-03
false,70.0,yes ,1,3.74,2.0,151.6,120,83.33,12.23,13.8,2025-04-20
No,69.0,no ,0,0.0,1.0,197.3,90,50.0,9.59,7.8,2025-05-01
No ,179.0,Yes,0,0.0,1.0,142.0,122,45.75,12.75,6.5,2023-03-24
0,132.0,yes,1,4.2,,268.5,98,109.0,12.25,15.4,2024-02-14
Yes,157.0,yess,0,0.0,3.0,265.2,90,64.31,11.27,8.9,2023-08-21
No,63.0,yes,0,0.0,,51.2,105,30.5,10.97,11.5,2025-06-08
false,128.0,Yes,0,0.0,2.0,199.4,89,57.31,13.22,9.2,2024-03-14
true,63.0,yes,0,0.0,0.0,248.1,76,69.87,13.49,9.7,2025-06-07
NO,114.0,YES,0,0.0,3.0,209.1,112,58.78,11.9,9.2,2024-06-16
True,171.0,no,0,0.0,2.0,239.6,102,60.82,11.34,14.0,2023-05-19
no,17.0,yes,0,0.0,0.0,199.0,147,53.21,10.88,13.0,2026-04-25
no,147.0,yes,0,0.0,,253.6,115,59.43,9.91,3.6,2023-10-30
Si,201.0,yes ,0,0.0,2.0,333.4,76,75.78,10.46,12.6,2022-10-19
No,174.0,yes ,0,0.0,2.0,180.2,92,45.57,9.36,6.4,2023-04-26
no,157.0,YES,0,0.0,0.0,164.0,103,39.1,6.89,9.8,2023-08-23
No ,179.0,yes,0,0.0,2.0,179.6,67,,10.21,12.8,2023-03-22
No,33.0,yes ,0,0.0,1.0,84.6,75,40.41,13.13,9.1,2026-01-05
No,162.0,yes ,1,1.77,1.0,163.3,97,66.28,12.51,6.5,2023-07-21
NO,168.0,yes,1,2.54,1.0,195.0,110,76.54,10.74,9.5,2023-06-06
No,204.0,yes,0,0.0,0.0,105.0,93,29.16,6.41,14.4,2022-09-26
Yes,91.0,yes,0,0.0,0.0,279.0,113,64.22,10.04,10.3,2024-11-24
no,,YES,0,0.0,2.0,151.8,80,54.27,14.34,6.4,2024-07-31
No,99.0,YES,0,0.0,1.0,175.2,79,50.98,12.0,10.4,2024-10-04
Si,151.0,yes,1,2.95,4.0,130.8,113,69.08,10.28,11.0,2023-10-05
false,104.0,yes ,0,0.0,2.0,89.9,88,35.02,8.94,11.8,2024-08-27
No,73.0,no,0,0.0,4.0,162.5,72,52.49,14.7,12.6,2025-04-04
No,109.0,yes,0,0.0,2.0,156.7,98,39.98,5.94,6.8,2024-07-22
0,81.0,YES,0,0.0,3.0,201.8,100,49.11,8.52,11.5,2025-02-01
NO,10.0,yes,0,0.0,2.0,129.0,85,39.82,10.3,14.0,2026-06-14
No ,37.0,yes ,0,0.0,1.0,144.3,111,51.96,15.4,9.8,2025-12-10
No,14.0,yes ,0,0.0,1.0,214.4,110,50.7,7.59,12.7,2026-05-22
NO,119.0,yes ,0,0.0,1.0,228.6,67,60.74,12.47,7.8,2024-05-17
False,170.0,yes,0,0.0,3.0,252.3,85,61.27,10.72,11.1,2023-05-25
No,73.0,yes,0,0.0,2.0,152.9,131,48.33,12.68,5.0,2025-03-30
false,30.0,yes,0,0.0,3.0,130.4,96,36.82,8.47,14.7,2026-01-29
No,31.0,yes,1,3.27,1.0,281.0,69,93.74,7.63,11.9,2026-01-22
No ,126.0,Yes,0,0.0,1.0,96.6,97,,11.53,10.6,2024-03-23
False,3.0,yes,0,0.0,3.0,211.2,120,38.94,1.67,12.6,2026-08-04
No,162.0,yes ,0,0.0,2.0,186.9,97,49.31,10.93,18.5,2023-07-19
No,,yes,1,3.77,2.0,243.6,126,102.88,13.68,14.0,
No,197.0,yes,0,0.0,1.0,155.8,84,45.28,10.83,13.6,2022-11-18
true,73.0,yes,0,0.0,1.0,150.6,123,38.54,7.05,10.2,2025-03-29
false,173.0,yes,0,0.0,2.0,148.0,97,36.22,5.98,9.3,2023-05-04
false,101.0,yes,0,0.0,1.0,168.1,116,48.68,10.94,11.8,2024-09-18
false,47.0,yes ,0,0.0,0.0,237.2,103,59.3,11.22,10.5,2025-09-29
No,132.0,yes,0,0.0,1.0,192.2,96,48.26,8.46,11.5,2024-02-16
No,36.0,yes ,0,0.0,,191.4,67,48.46,7.93,12.6,2025-12-14
0,15.0,yes,0,0.0,1.0,135.2,121,39.21,8.9,7.7,2026-05-10
NO,170.0,NO,1,2.52,1.0,223.7,77,79.2,9.36,9.0,2023-05-20
no,62.0,yes,1,2.06,1.0,232.7,77,80.22,11.67,7.6,2025-06-20
no,58.0,yess,0,0.0,0.0,206.4,108,46.42,6.31,5.7,2025-07-12
No ,205.0,yes,0,0.0,0.0,238.8,102,52.12,6.3,11.7,2022-09-23
False,52.0,yes,1,2.14,3.0,140.7,100,60.49,8.9,8.0,2025-08-23
No,12.0,yes ,1,3.18,0.0,69.9,58,53.85,6.18,11.8,2026-05-31
no,,yes,1,2.16,1.0,216.8,109,,10.26,8.1,2023-03-14
no,205.0,yes,0,0.0,2.0,141.3,75,37.56,6.11,12.9,2022-09-20
False,172.0,YES,0,0.0,3.0,225.9,127,60.4,12.92,8.9,2023-05-10
false,100.0,yess,0,0.0,2.0,253.8,112,50.12,3.87,11.8,2024-09-21
no,82.0,YES,0,,0.0,225.8,92,55.76,8.4,10.2,2025-01-28
Yes,33.0,yes,0,,1.0,259.6,116,67.9,13.43,9.7,2026-01-04
NO,116.0,yes,0,0.0,2.0,194.8,119,49.16,8.67,7.0,2024-06-01
False,74.0,Yes,1,3.34,2.0,157.6,51,80.76,11.88,12.5,2025-03-28
False,178.0,no,1,3.04,0.0,258.5,84,93.73,11.12,11.3,2023-03-30
Si,46.0,YES,0,0.0,5.0,156.6,115,47.18,11.57,8.6,2025-10-10
No,131.0,YES,0,0.0,1.0,268.4,81,60.54,9.07,8.8,2024-02-19
No,173.0,YES,1,2.44,2.0,220.4,109,74.74,7.43,9.0,2023-04-29
yes,105.0,yes ,0,,0.0,283.7,88,62.77,7.95,8.3,2024-08-22
SI,151.0,Yes,0,0.0,3.0,271.1,105,64.54,10.12,11.4,2023-10-04
0,99.0,YES,0,0.0,1.0,186.9,118,52.82,12.07,15.1,2024-10-01
No ,138.0,YES,0,0.0,2.0,153.6,100,39.14,6.9,12.0,2024-01-02
false,46.0,yes,0,0.0,0.0,175.4,80,49.86,11.81,8.6,2025-10-05
NO,139.0,yes,0,0.0,1.0,229.7,115,59.32,11.65,9.6,2023-12-29
false,14.0,yes,0,0.0,1.0,239.3,70,65.48,12.65,11.0,2026-05-21
No,133.0,yes,0,0.0,2.0,122.2,82,36.0,9.16,10.9,2024-02-04
NO,70.0,yes,1,2.9,0.0,215.5,113,81.17,9.04,10.8,2025-04-20
No,102.0,No,0,0.0,2.0,250.1,99,55.87,5.38,10.5,2024-09-12
No ,127.0,yes,0,0.0,0.0,205.5,105,54.76,11.16,14.6,2024-03-20
false,135.0,yes,0,0.0,2.0,253.6,73,61.75,8.35,10.6,2024-01-20
si,158.0,no,0,0.0,0.0,48.4,88,31.54,13.23,13.2,2023-08-12
false,128.0,yes,0,0.0,2.0,113.5,86,37.68,7.94,10.4,2024-03-13
1,21.0,yes,0,0.0,,147.8,73,37.26,6.48,8.6,2026-03-30
0,51.0,yess,0,0.0,1.0,158.9,89,46.17,11.16,6.2,2025-09-04
false,203.0,YES,0,0.0,1.0,201.1,86,55.63,10.54,7.9,2022-10-02
NO,120.0,yes,1,3.42,3.0,199.1,86,86.48,10.34,12.6,2024-05-07
No,20.0,yes,0,0.0,2.0,149.7,82,55.16,15.47,6.4,2026-04-08
No,109.0,Yes,0,0.0,0.0,196.7,129,52.36,10.74,12.5,2024-07-26
False,88.0,yes,0,0.0,0.0,172.7,65,47.09,9.78,10.7,2024-12-16
No,192.0,yes ,0,0.0,3.0,130.4,102,39.15,8.29,9.3,2022-12-17
NO,182.0,yes,0,0.0,0.0,154.6,56,31.27,2.84,9.0,2023-02-25
No,187.0,yes ,0,0.0,2.0,113.5,53,37.32,10.58,7.9,2023-01-24
0,112.0,yes ,0,0.0,0.0,177.8,83,44.44,8.43,15.0,2024-06-30
No,19.0,YES,0,,1.0,133.1,61,37.65,7.85,10.5,2026-04-11
No ,63.0,YES,0,0.0,0.0,253.0,104,53.6,5.83,13.8,2025-06-07
No,64.0,Yes,1,2.97,0.0,193.2,64,86.47,13.14,11.1,2025-06-01
No ,13.0,yes,1,3.33,2.0,131.9,114,68.56,8.0,12.2,2026-05-24
no,164.0,yes,0,0.0,3.0,137.4,91,45.73,10.99,13.1,2023-07-01
0,110.0,YES,0,0.0,1.0,128.5,96,31.69,5.15,11.3,2024-07-13
NO,116.0,yes ,0,0.0,1.0,141.7,107,35.28,5.51,14.0,2024-06-01
NO,146.0,yes,1,1.7,1.0,124.5,92,57.99,11.65,6.4,2023-11-05
1,186.0,Yes,0,0.0,0.0,276.3,82,69.21,10.06,8.9,2023-02-01
no,100.0,yes,1,3.02,0.0,207.0,83,82.14,10.18,11.3,2024-09-27
Yes,25.0,yes ,0,0.0,0.0,240.6,90,58.74,9.2,15.3,2026-03-02
False,45.0,yess,0,0.0,2.0,107.1,87,41.65,11.82,9.5,2025-10-16
No ,117.0,yes,0,0.0,3.0,184.1,120,48.97,10.3,14.2,2024-05-27
No,193.0,yes,1,2.47,,206.8,142,71.48,6.43,9.2,2022-12-14
No,97.0,yes,1,2.94,2.0,175.9,94,77.87,10.3,11.1,2024-10-15
No ,119.0,Yes,0,0.0,1.0,192.0,88,48.72,9.66,12.9,2024-05-12
no,122.0,yes,0,0.0,,104.9,78,39.01,12.13,10.4,2024-04-22
No,169.0,yess,1,3.09,3.0,283.4,112,103.39,14.35,11.3,2023-06-01
NO,205.0,YES,0,0.0,2.0,156.8,108,44.25,8.58,8.5,2022-09-22
true,8.0,no ,0,0.0,1.0,171.6,99,45.58,7.99,5.0,2026-06-28
False,181.0,YES,0,0.0,3.0,196.8,127,44.6,6.48,7.5,2023-03-10
False,201.0,yes,1,3.04,2.0,112.0,81,64.05,8.0,11.2,2022-10-20
No,124.0,YES,0,0.0,3.0,203.3,115,57.45,11.53,10.3,2024-04-08
false,80.0,No,0,0.0,1.0,269.9,87,67.69,10.72,11.7,2025-02-13
NO,79.0,yes,0,0.0,4.0,223.7,131,62.2,13.8,13.7,2025-02-15
no,83.0,YES,0,0.0,0.0,192.2,118,46.06,7.78,14.0,2025-01-23
no,67.0,No,0,0.0,4.0,194.5,127,47.36,7.83,9.8,2025-05-13
False,72.0,Yes,0,0.0,1.0,157.0,88,51.3,13.76,9.3,2025-04-09
false,186.0,Yes,0,0.0,2.0,126.8,86,40.07,10.37,14.2,2023-02-02
no,206.0,yes,0,0.0,0.0,221.0,124,47.58,5.58,10.8,2022-09-15
False,122.0,YES,1,3.35,1.0,61.4,102,66.74,12.88,12.3,2024-04-21
0,177.0,yess,0,0.0,2.0,140.6,96,38.13,7.29,10.0,2023-04-01
No,82.0,yess,0,0.0,5.0,140.1,71,45.31,12.27,11.5,2025-01-25
No ,51.0,yess,1,3.67,4.0,280.6,135,102.85,11.11,13.4,2025-09-05
No ,39.0,yes,1,2.4,2.0,161.1,77,63.8,6.76,8.7,2025-11-27
No,91.0,yess,0,0.0,3.0,212.8,78,54.61,10.64,11.5,2024-11-25
no,123.0,yes,0,0.0,3.0,139.8,89,37.92,8.42,13.4,2024-04-18
No,119.0,n0,0,0.0,2.0,201.8,116,60.01,14.51,11.1,2024-05-16
false,28.0,Yes,0,0.0,2.0,183.2,97,49.08,10.85,18.5,2026-02-08
no,148.0,yes,0,0.0,2.0,95.0,79,34.77,10.87,13.0,2023-10-21
No,44.0,yes,0,0.0,150.0,254.4,79,51.39,4.43,10.7,2025-10-19
False,17.0,YES,0,0.0,1.0,203.2,52,57.65,11.45,12.0,2026-04-25
No,112.0,no,0,0.0,1.0,133.6,50,43.75,11.0,11.8,2024-06-29
false,156.0,yes ,0,0.0,2.0,130.3,85,,10.23,14.1,2023-08-27
No,12.0,yes ,0,0.0,0.0,100.0,92,31.42,7.92,13.3,2026-06-03
No ,197.0,YES,0,0.0,0.0,208.3,109,45.88,6.2,5.7,2022-11-15
No,177.0,YES,1,3.01,0.0,213.6,112,82.68,9.45,11.4,2023-04-06
0,93.0,Yes,1,3.32,3.0,314.6,105,105.54,10.52,12.2,2024-11-12
0,181.0,no,0,0.0,3.0,108.1,54,37.94,11.17,9.9,2023-03-09
Yes,49.0,Yes,0,0.0,0.0,113.7,95,37.08,10.43,14.1,2025-09-18
True,160.0,yess,0,0.0,0.0,245.9,91,59.08,9.14,15.2,2023-08-02
No,176.0,yess,0,0.0,2.0,170.0,96,49.28,8.76,13.0,2023-04-12
False,117.0,Yes,1,1.85,1.0,134.2,114,60.89,11.05,6.9,2024-05-28
No,151.0,no ,0,0.0,1.0,171.2,113,52.93,13.51,8.7,2023-10-03
No,9.0,yes ,1,2.58,0.0,209.6,99,80.81,11.2,9.8,2026-06-26
no,168.0,yes,0,0.0,1.0,100.8,94,40.35,13.52,10.7,2023-06-08
No,,NO,1,2.39,2.0,130.1,137,70.38,13.77,8.9,2024-08-05
NO,147.0,yes,0,0.0,1.0,148.5,91,42.78,10.24,13.6,2023-11-01
no,50.0,yes,0,0.0,1.0,262.1,106,58.27,7.75,11.5,2025-09-08
Si,157.0,yes ,0,0.0,0.0,298.6,124,71.34,11.24,13.7,2023-08-19
false,,yes,0,0.0,1.0,199.3,113,54.29,10.3,11.2,2024-08-26
False,137.0,Yes,0,0.0,1.0,89.2,130,29.96,8.39,5.3,2024-01-08
No,25.0,yes,0,0.0,0.0,209.9,87,47.01,6.73,14.1,2026-03-03
no,43.0,yes,1,2.27,0.0,185.8,95,74.1,11.48,8.4,2025-10-28
No,45.0,yes,0,0.0,3.0,158.5,88,52.0,12.4,12.3,2025-10-13
NO,128.0,yess,0,0.0,1.0,139.2,121,38.9,8.68,9.9,2024-03-09
false,199.0,yes,0,0.0,1.0,187.2,123,50.15,10.1,8.2,2022-11-02
false,46.0,no ,1,2.76,1.0,95.6,117,58.26,8.13,10.3,2025-10-04
no,9.0,YES,0,0.0,1.0,220.8,70,57.31,11.45,10.6,2026-06-22
No,38.0,yess,0,0.0,,177.7,89,46.34,9.76,9.3,2025-12-02
0,20.0,yes,1,2.25,1.0,173.6,108,64.24,6.73,8.3,2026-04-04
0,65.0,yes,0,0.0,1.0,193.7,97,54.2,11.78,10.9,2025-05-25
No,141.0,yes,0,0.0,0.0,135.4,74,39.36,9.7,5.8,2023-12-15
False,58.0,No,0,0.0,2.0,157.4,122,43.87,8.83,9.9,2025-07-13
no,11.0,YES,1,2.1,1.0,196.5,89,76.03,12.65,7.8,2026-06-08
NO,180.0,Yes,0,0.0,2.0,162.3,145,44.44,10.15,16.7,2023-03-17
NO,36.0,yes,1,2.34,2.0,219.7,107,74.95,7.68,9.0,2025-12-13
No,168.0,YES,1,2.62,0.0,135.0,112,66.79,10.24,9.8,2023-06-03
0,116.0,yes,1,3.32,0.0,222.0,97,87.95,9.51,12.1,2024-06-03
yes,141.0,yes,0,0.0,3.0,188.1,80,48.04,9.08,10.6,2023-12-12
No ,159.0,yes,0,0.0,1.0,90.7,107,38.56,13.84,12.5,2023-08-09
Yes,40.0,yes,1,4.11,5.0,143.6,101,85.33,10.64,15.2,2025-11-21
true,189.0,Yes,0,0.0,1.0,116.5,75,34.37,8.42,6.9,2023-01-08
False,70.0,yess,1,2.18,2.0,177.9,134,67.73,8.99,7.9,2025-04-19
1,197.0,no,1,2.25,1.0,268.9,102,90.76,13.19,8.3,2022-11-13
No,76.0,yes,0,0.0,1.0,151.7,86,51.2,14.83,12.6,
No,59.0,YES,1,1.29,0.0,81.2,94,41.9,8.12,5.0,2025-07-05
SI,123.0,no ,0,0.0,0.0,219.6,56,50.15,5.69,12.4,2024-04-16
False,138.0,yes,0,0.0,,125.5,84,36.98,9.06,11.4,2023-12-31
False,47.0,yes,0,0.0,4.0,197.3,63,46.33,6.77,13.0,2025-09-29
YES,91.0,yes ,0,0.0,0.0,284.7,88,62.04,7.81,8.3,2024-11-28
false,1.0,Yes,0,0.0,1.0,84.7,133,35.86,12.22,11.2,2026-08-17
No,142.0,YES,1,2.73,1.0,169.8,103,74.31,9.67,10.2,2023-12-04
true,23.0,YES,0,0.0,2.0,228.1,120,66.34,13.99,9.9,2026-03-17
False,203.0,no,0,0.0,3.0,58.3,97,,10.03,6.5,2022-10-01
yes,197.0,yes,0,0.0,3.0,238.6,88,63.67,12.09,10.8,2022-11-12
False,128.0,yes,1,2.28,,137.3,95,52.9,4.14,8.3,2024-03-11
False,19.0,Yes,1,2.34,2.0,29.5,123,40.22,6.38,8.6,2026-04-12
No,122.0,Yes,1,3.58,0.0,221.5,105,92.22,11.18,13.1,2024-04-25
No,132.0,yes,0,0.0,1.0,219.1,139,51.63,7.88,11.3,2024-02-10
0,6.0,yes ,0,0.0,2.0,203.5,99,,9.83,13.2,2026-07-11
No ,105.0,yes,1,2.65,2.0,191.4,104,80.02,11.96,9.8,2024-08-21
False,103.0,Yes,0,0.0,1.0,180.1,124,45.51,8.39,9.3,2024-09-05
NO,43.0,no,0,0.0,2.0,273.1,104,62.83,9.17,10.8,2025-10-26
no,149.0,yes ,0,0.0,1.0,147.4,75,37.2,7.49,11.3,2023-10-14
1,70.0,yes,0,0.0,3.0,263.8,84,64.76,11.47,11.0,2025-04-20
No,17.0,Yes,0,0.0,0.0,173.7,119,38.66,4.88,10.8,2026-04-27
0,138.0,Yes,1,2.7,2.0,97.4,83,66.42,13.17,9.8,2023-12-30
0,11.0,yes ,0,0.0,3.0,196.2,125,44.56,6.47,7.4,2026-06-10
0,134.0,YES,0,0.0,1.0,155.3,92,45.02,10.25,12.6,2024-01-28
SI,39.0,YES,0,0.0,0.0,289.3,120,70.73,12.9,13.4,2025-11-22
Si,130.0,yes,0,0.0,4.0,128.3,137,45.52,11.4,12.6,2024-02-27
No,86.0,yes,0,0.0,2.0,226.0,111,56.88,9.39,10.0,2024-12-31
Yes,42.0,yes,1,1.69,2.0,248.3,103,79.46,11.36,6.1,2025-11-05
Yes,109.0,yess,0,0.0,5.0,114.0,91,28.58,5.74,14.3,2024-07-24
NO,141.0,yess,0,0.0,2.0,128.2,78,41.04,10.73,14.3,2023-12-09
false,38.0,yess,1,2.45,1.0,224.9,126,81.96,11.7,8.8,2025-12-05
False,139.0,yes,0,0.0,1.0,139.9,104,35.48,7.63,9.4,2023-12-26
True,95.0,yes,0,0.0,0.0,233.7,127,64.18,14.62,9.6,2024-10-31
NO,42.0,yes,0,0.0,0.0,161.9,81,49.54,12.39,8.8,2025-11-05
False,164.0,Yes,0,0.0,0.0,157.7,93,45.54,10.36,10.1,2023-07-02
YES,39.0,yes,0,0.0,0.0,226.8,106,55.69,9.25,11.5,2025-11-23
No ,73.0,yess,1,2.46,1.0,214.5,127,75.59,8.72,8.9,2025-03-31
No,96.0,yes,1,2.3,0.0,168.5,129,71.18,11.35,8.4,2024-10-20
No,183.0,Yes,1,2.5,2.0,217.5,136,79.72,9.34,9.4,2023-02-19
false,121.0,yes,0,0.0,1.0,199.8,138,48.95,8.42,5.4,2024-04-27
false,167.0,YES,1,1.9,1.0,126.2,94,61.01,11.48,7.0,2023-06-10
No,197.0,Yes,0,0.0,0.0,224.6,90,45.38,3.75,4.9,2022-11-14
No ,174.0,yes,0,0.0,3.0,216.7,111,56.3,10.46,9.4,2023-04-24
0,142.0,yes,0,0.0,1.0,184.1,121,47.14,9.02,5.1,2023-12-06
no,31.0,yes,1,3.06,5.0,194.0,112,84.89,12.23,11.4,2026-01-19
no,166.0,yes,0,0.0,0.0,167.2,131,48.67,11.51,11.1,2023-06-23
False,85.0,yes,1,2.22,0.0,277.5,121,87.73,10.08,8.3,2025-01-04
No,189.0,yes,0,0.0,2.0,140.1,109,38.78,8.95,6.8,2023-01-13
no,178.0,yes,1,1.73,1.0,23.4,118,39.44,10.32,6.5,2023-03-26
no,11.0,yes ,0,0.0,0.0,143.1,90,42.78,9.14,12.3,2026-06-12
Yes,129.0,no,0,0.0,3.0,121.2,83,34.52,5.94,13.5,2024-03-04
0,149.0,yess,1,3.02,1.0,111.7,86,68.65,11.49,11.0,2023-10-17
SI,135.0,YES,0,0.0,7.0,149.4,82,41.09,9.34,8.0,2024-01-25
SI,50.0,yes,0,0.0,4.0,167.2,114,41.74,6.98,10.6,2025-09-08
si,88.0,yes,0,0.0,2.0,267.0,88,63.11,10.44,13.9,2024-12-17
No,91.0,yes,0,0.0,1.0,180.2,108,36.99,2.84,8.6,2024-11-25
false,108.0,No,0,0.0,1.0,181.2,109,49.62,10.35,11.3,2024-07-28
no,187.0,yes,1,1.51,2.0,133.3,110,54.7,9.37,5.5,2023-01-21
False,117.0,yes,0,0.0,1.0,169.5,93,47.79,8.64,11.2,2024-05-29
No ,,Yes,0,0.0,3.0,208.9,89,54.87,11.7,9.0,2026-03-05
False,78.0,yes,1,2.66,1.0,173.0,86,67.73,6.69,9.8,2025-02-24
no,45.0,yess,1,1.64,1.0,284.1,93,81.11,9.23,6.1,2025-10-13
0,27.0,yes,1,2.0,1.0,246.5,88,75.79,7.52,7.4,2026-02-17
False,90.0,yess,1,1.61,0.0,99.4,53,53.42,12.37,6.0,2024-12-06
No,147.0,YES,0,0.0,2.0,240.9,68,62.76,10.55,14.3,2023-11-01
No,93.0,yes,0,0.0,2.0,147.1,121,39.57,8.7,13.3,2024-11-10
True,149.0,yess,0,0.0,,243.9,83,63.27,12.28,10.1,2023-10-17
False,97.0,yes,0,0.0,4.0,215.1,130,55.81,11.02,6.8,
NO,2.0,yes,1,3.81,1.0,176.7,82,90.35,12.96,14.2,2026-08-13
false,59.0,yes ,0,0.0,2.0,166.1,93,43.36,8.93,16.2,
0,166.0,Yes,1,1.24,4.0,158.7,114,60.49,12.57,4.3,2023-06-21
yes,174.0,yess,0,0.0,4.0,110.9,95,37.24,9.91,11.8,2023-04-22
NO,121.0,yes,0,0.0,2.0,166.9,91,47.23,11.76,11.8,2024-05-03
No,146.0,YES,0,0.0,1.0,207.5,49,58.88,11.91,9.8,2023-11-04
No ,110.0,yes ,0,0.0,1.0,243.7,80,59.55,8.43,6.6,2024-07-15
False,74.0,Yes,0,0.0,,206.7,115,55.99,9.27,7.0,2025-03-28
No ,24.0,yes,0,0.0,1.0,164.8,108,51.18,11.66,9.1,2026-03-08
si,118.0,yes ,0,0.0,6.0,80.6,123,31.07,10.5,11.2,2024-05-24
true,37.0,Yes,0,0.0,0.0,203.1,100,51.56,9.57,8.9,2025-12-11
0,179.0,yes,0,0.0,3.0,137.7,116,44.36,11.83,9.5,2023-03-24
0,173.0,yes ,1,2.78,1.0,147.0,91,64.13,6.49,10.1,2023-05-05
false,61.0,yes,1,2.09,2.0,120.7,105,64.58,13.54,7.6,2025-06-22
false,89.0,yes ,1,2.76,2.0,126.1,98,69.89,11.81,10.2,2024-12-09
False,123.0,YES,1,2.14,4.0,185.2,86,67.81,8.95,8.0,
no,111.0,yes,0,0.0,0.0,167.5,97,44.46,8.78,10.9,2024-07-07
No,111.0,yes,0,0.0,1.0,138.6,94,41.68,10.43,8.8,2024-07-09
no,100.0,yes,0,0.0,0.0,158.1,93,49.08,13.24,12.5,
No,9.0,yes,1,2.4,0.0,279.6,87,92.6,12.69,8.7,2026-06-25
No,150.0,yes,0,0.0,2.0,138.3,119,45.63,11.41,11.3,2023-10-07
NO,170.0,Yes,0,0.0,1.0,194.1,102,40.2,4.55,10.2,2023-05-22
True,131.0,yes,0,0.0,0.0,166.1,106,55.12,13.66,8.7,2024-02-22
si,79.0,Yes,1,1.8,2.0,190.1,96,60.57,6.2,6.6,2025-02-16
No,74.0,Yes,0,0.0,2.0,261.4,122,58.14,7.69,10.5,2025-03-22
0,50.0,yes ,0,0.0,2.0,293.5,88,63.5,7.94,10.0,2025-09-10
No ,-11.0,yes ,0,,3.0,181.6,109,46.43,8.42,11.3,2026-11-11
No ,101.0,yes ,0,0.0,2.0,137.6,97,44.6,12.08,10.2,2024-09-20
No,15.0,YES,0,0.0,2.0,70.0,124,31.56,10.42,0.0,2026-05-14
NO,-7.0,yes,1,3.23,1.0,204.1,79,92.53,15.37,11.9,2026-10-15
no,83.0,yess,0,0.0,4.0,141.3,99,44.72,12.47,6.0,2025-01-24
no,148.0,YES,1,3.47,3.0,131.6,93,74.94,10.32,13.0,2023-10-24
no,56.0,yes ,0,0.0,,191.5,43,47.22,7.98,8.4,2025-07-27
No,69.0,yes ,0,0.0,1.0,119.0,116,42.07,10.65,11.0,2025-04-28
False,34.0,Yes,0,0.0,2.0,145.2,59,50.41,14.31,9.2,2025-12-28
false,117.0,yes,0,0.0,2.0,184.9,97,48.87,9.95,8.8,2024-05-28
0,64.0,yes,1,2.8,2.0,191.7,98,80.06,11.17,10.3,2025-06-04
0,93.0,yes,0,0.0,1.0,179.7,114,,10.02,17.9,2024-11-11
True,109.0,no,0,0.0,0.0,257.1,111,67.12,12.49,10.9,2024-07-23
No,77.0,yess,0,0.0,2.0,224.0,107,55.82,10.08,9.3,2025-03-02
NO,35.0,yes,0,0.0,0.0,162.0,87,45.69,10.69,10.8,2025-12-22
No,10.0,yes,0,0.0,0.0,225.0,110,60.3,12.19,10.6,2026-06-19
no,168.0,yes ,0,0.0,2.0,140.9,93,45.29,12.03,8.9,2023-06-03
YES,119.0,n0,0,0.0,0.0,252.1,103,65.9,12.44,8.0,2024-05-15
SI,108.0,yes,0,0.0,1.0,260.7,122,61.98,10.54,9.0,2024-07-30
NO,15.0,yes,0,0.0,0.0,152.0,103,49.6,13.72,9.1,2026-05-10
No,169.0,yes,0,0.0,0.0,101.2,121,39.45,13.09,7.4,2023-05-27
no,77.0,yess,0,0.0,2.0,133.9,128,41.24,10.74,9.8,2025-03-05
No ,10.0,yes ,0,0.0,2.0,101.0,118,35.53,10.72,10.3,
no,86.0,yes ,0,0.0,2.0,110.1,133,30.27,7.19,10.9,2025-01-03
False,139.0,yess,0,0.0,4.0,182.7,103,54.69,10.17,11.2,2023-12-23
No,63.0,yes,0,0.0,,232.5,121,65.8,14.54,0.0,2025-06-09
No ,182.0,no,1,3.32,2.0,237.1,93,87.55,8.11,12.0,2023-03-02
false,165.0,yes,1,2.32,0.0,140.4,91,67.4,11.48,8.7,2023-06-25
no,13.0,yes,0,0.0,0.0,240.6,101,52.56,6.29,11.7,2026-05-25
NO,66.0,yes,0,0.0,1.0,227.5,93,51.83,6.94,9.0,2025-05-20
1,74.0,no ,0,0.0,1.0,177.5,110,45.07,8.37,7.6,2025-03-28
si,124.0,yes,1,,5.0,168.9,113,71.68,9.94,9.6,2024-04-10
No,45.0,yes,0,0.0,0.0,165.7,86,45.3,10.69,10.9,2025-10-12
No,197.0,Yes,0,0.0,1.0,146.0,97,45.41,11.7,12.5,2022-11-13
no,158.0,Yes,0,0.0,1.0,149.4,112,41.81,8.91,5.3,2023-08-12
false,113.0,n0,1,3.26,0.0,173.9,101,80.31,10.33,12.2,2024-06-28
No,111.0,yes ,0,0.0,3.0,191.3,115,1500.0,9.02,10.0,2024-07-08
No,56.0,no ,0,,0.0,193.6,107,52.68,9.41,11.6,2025-07-30
false,21.0,yes,0,0.0,2.0,98.3,79,35.63,9.39,10.3,2026-03-30
No ,52.0,No,1,3.26,1.0,188.4,109,78.93,8.6,12.0,2025-08-24
NO,71.0,yes,0,0.0,1.0,150.0,97,45.89,11.79,12.5,2025-04-13
Yes,17.0,YES,0,0.0,1.0,282.9,114,69.91,11.01,9.5,2026-04-28
0,69.0,yes,0,0.0,,146.0,123,41.99,9.34,5.3,2025-05-01
No,91.0,yes,0,0.0,1.0,176.7,109,41.78,4.48,9.5,2024-11-28
no,84.0,yes,0,0.0,2.0,125.3,116,46.07,12.99,11.3,2025-01-16
No,182.0,yes,0,0.0,3.0,157.9,81,50.94,14.36,6.0,2023-02-28
No ,23.0,yess,0,0.0,0.0,204.6,127,51.91,9.87,13.3,2026-03-17
no,112.0,yess,1,2.45,2.0,281.3,101,90.24,10.03,8.9,2024-07-03
NO,103.0,yess,0,0.0,1.0,153.9,106,39.21,7.79,14.8,2024-09-05
false,31.0,yes,1,2.59,1.0,242.6,86,79.52,7.1,9.3,2026-01-17
YES,70.0,Yes,1,2.22,4.0,109.6,109,61.91,12.48,8.3,2025-04-25
False,75.0,Yes,0,0.0,3.0,226.6,81,53.64,8.78,7.2,2025-03-19
False,201.0,YES,1,3.14,1.0,173.1,107,78.9,9.87,11.7,2022-10-19
No,41.0,yes,0,0.0,2.0,116.4,86,37.05,7.88,10.5,2025-11-09
No,35.0,yess,0,0.0,1.0,171.5,103,49.43,10.12,11.5,2025-12-24
NO,43.0,YES,0,,4.0,207.1,114,50.77,8.4,9.7,2025-10-31
No,48.0,yes ,0,0.0,1.0,121.2,67,37.84,8.32,9.6,2025-09-23
No,203.0,yes,0,0.0,2.0,145.1,106,44.16,10.58,9.9,2022-10-02
No ,104.0,yess,0,0.0,0.0,129.5,71,26.48,2.31,8.9,2024-08-28
No,77.0,yes,0,0.0,,58.4,95,33.19,13.38,11.7,2025-03-06
No,199.0,yes,0,0.0,3.0,246.5,90,61.09,9.22,14.7,2022-10-31
No,77.0,YES,1,3.51,0.0,224.8,97,89.41,9.16,12.9,2025-03-05
No,91.0,Yes,0,0.0,1.0,98.3,78,38.75,12.58,14.1,2024-11-27
No,41.0,yes,0,0.0,0.0,266.2,112,58.02,7.47,13.8,2025-11-10
false,25.0,yes,0,,2.0,189.3,79,47.37,6.94,6.5,2026-03-06
NO,17.0,yes ,0,0.0,0.0,125.3,70,45.87,13.45,3.5,2026-04-28
No,199.0,yes,0,0.0,3.0,193.9,114,52.35,11.74,3.6,2022-11-01
Si,10.0,yes,0,0.0,3.0,266.8,113,65.07,11.1,11.2,2026-06-16
NO,15.0,yes,0,0.0,2.0,137.2,110,44.27,9.89,13.3,2026-05-14
No,196.0,yes,0,0.0,2.0,140.4,98,39.15,8.72,9.6,2022-11-22
si,85.0,yes,0,0.0,1.0,229.8,128,68.32,16.76,9.4,2025-01-06
No,6.0,yes,0,0.0,1.0,129.9,96,30.42,5.34,11.3,2026-07-14
No,137.0,yes,0,,2.0,170.2,95,,7.57,4.5,2024-01-06
no,140.0,yes,0,0.0,3.0,278.6,95,61.81,8.33,2.2,2023-12-18
NO,114.0,yes ,0,0.0,2.0,230.8,106,54.45,8.76,12.5,2024-06-15
False,19.0,YES,0,0.0,0.0,207.3,82,52.28,9.6,11.4,2026-04-13
false,35.0,Yes,0,0.0,1.0,181.4,120,50.63,10.91,8.5,2025-12-25
True,18.0,n0,0,0.0,2.0,189.2,108,58.88,13.09,9.7,2026-04-22
False,53.0,yes,0,0.0,0.0,175.9,64,46.53,9.83,10.6,2025-08-22
0,52.0,yess,1,2.08,3.0,242.4,70,79.33,10.13,7.7,2025-08-24
No,177.0,yes,0,0.0,1.0,221.3,127,55.18,7.72,12.9,2023-04-07
No,132.0,yes,0,0.0,3.0,149.5,122,45.45,10.93,9.7,2024-02-12
false,59.0,yes,1,,1.0,265.1,101,77.26,7.94,7.4,2025-07-08
No,63.0,no,0,0.0,,222.8,112,57.28,11.22,12.1,2025-06-10
No,74.0,Yes,0,0.0,0.0,121.9,114,,11.83,3.7,2025-03-25
No,,no,0,0.0,3.0,211.8,104,58.27,10.26,12.6,2025-01-22
YES,124.0,no,0,0.0,1.0,191.0,90,57.8,12.8,14.4,2024-04-09
No,125.0,yes,0,0.0,,91.8,109,32.95,10.02,13.0,2024-04-04
No,182.0,yes,0,0.0,,154.4,129,45.15,9.68,13.3,2023-02-26
False,30.0,yes ,0,0.0,1.0,135.3,133,40.76,10.35,8.1,2026-01-27
No,119.0,YES,0,0.0,2.0,214.9,110,56.99,11.74,8.8,2024-05-15
No ,23.0,yess,1,3.03,2.0,111.3,89,,10.4,11.3,2026-03-18
False,190.0,Yes,0,0.0,4.0,235.1,125,,9.99,10.1,2022-12-31
no,,YES,0,0.0,2.0,130.4,104,40.23,10.07,12.9,2023-12-25
0,68.0,Yes,1,2.21,0.0,215.3,85,76.57,9.87,8.1,2025-05-04
No ,120.0,yes,0,0.0,3.0,191.8,103,,9.17,9.8,2024-05-05
false,151.0,yes,1,2.09,3.0,162.5,97,67.99,11.18,7.6,2023-09-30
Yes,,Yes,1,2.33,1.0,123.9,124,60.3,8.63,8.9,
False,19.0,yes,1,1.04,0.0,197.6,117,66.29,12.37,3.9,2026-04-14
No,136.0,yes,0,0.0,4.0,183.1,111,45.48,8.52,9.9,2024-01-19
No,,yes,0,0.0,3.0,179.0,100,53.66,11.45,7.9,2025-12-28
0,39.0,yes,0,0.0,1.0,62.1,90,28.78,9.62,11.4,2025-11-25
False,137.0,yess,1,2.67,2.0,88.3,125,55.66,8.77,9.7,2024-01-10
NO,78.0,yes,0,0.0,0.0,223.9,99,56.71,10.66,2.1,2025-02-25
NO,100.0,n0,0,0.0,3.0,149.5,107,53.65,14.64,10.2,2024-09-22
No,9.0,yes,0,0.0,2.0,202.7,80,48.35,7.78,9.9,2026-06-26
No ,26.0,yes,0,0.0,2.0,111.5,107,37.23,10.91,8.9,2026-02-25
no,163.0,yes,0,0.0,4.0,142.9,114,49.32,15.01,11.2,2023-07-11
0,45.0,yes,0,0.0,0.0,114.0,71,43.0,12.71,7.6,2025-10-13
NO,8.0,Yes,0,0.0,1.0,163.5,105,46.29,10.31,11.4,2026-07-02
No,92.0,yes ,1,3.41,1.0,171.4,144,84.2,11.75,12.8,2024-11-21
False,49.0,yes,1,3.58,1.0,240.1,99,96.57,11.43,13.2,2025-09-13
No,88.0,yess,0,0.0,1.0,129.8,102,39.61,10.42,14.3,2024-12-17
No,150.0,yes,0,0.0,1.0,138.5,121,38.73,8.65,10.0,2023-10-11
0,9.0,yes,0,0.0,1.0,165.2,131,49.43,12.42,12.6,2026-06-24
NO,98.0,yes,0,0.0,2.0,149.3,93,50.34,14.04,6.9,2024-10-11
No,32.0,yes,0,0.0,0.0,104.6,150,40.17,12.58,15.0,2026-01-13
0,13.0,yess,1,1.11,1.0,147.3,73,56.95,12.25,4.1,2026-05-27
True,74.0,yes,0,0.0,0.0,233.4,96,65.83,15.11,12.9,2025-03-25
False,129.0,no,1,3.07,0.0,142.5,76,76.63,12.08,11.3,2024-03-06
si,,yes,0,0.0,2.0,280.3,123,63.47,9.04,9.4,2025-03-25
No ,112.0,YES,0,0.0,0.0,203.2,104,54.68,11.3,14.6,2024-06-29
No,136.0,yes,0,0.0,1.0,194.5,68,49.23,8.01,12.8,2024-01-16
No ,190.0,yes,1,2.73,4.0,235.1,62,84.98,10.18,10.2,2023-01-06
0,144.0,YES,1,3.06,1.0,156.4,97,76.39,11.17,11.2,2023-11-22
0,42.0,no,0,0.0,2.0,217.4,73,52.9,9.46,3.7,2025-11-01
no,80.0,Yes,0,0.0,1.0,143.4,114,49.85,12.49,13.7,2025-02-11
No,118.0,No,1,,1.0,150.1,122,68.56,10.48,9.2,2024-05-19
No,85.0,yes,0,0.0,5.0,176.1,83,52.98,14.11,10.6,2025-01-06
no,25.0,yes,0,0.0,2.0,228.2,93,61.02,10.76,9.2,2026-03-04
0,206.0,yes,0,0.0,3.0,169.7,83,43.96,8.43,12.8,2022-09-15
No,4.0,yes ,0,0.0,4.0,174.8,73,47.18,10.7,10.3,2026-07-26
False,17.0,yes,0,0.0,1.0,180.7,64,54.07,13.98,4.9,2026-04-30
False,15.0,yes ,0,0.0,3.0,132.5,122,29.4,3.31,9.9,2026-05-13
YES,47.0,no,0,0.0,1.0,146.3,125,44.34,10.86,14.5,2025-10-02
Yes,135.0,yes,0,0.0,5.0,262.0,66,66.82,12.68,8.3,2024-01-25
No,34.0,yes ,1,2.42,0.0,107.7,123,,9.44,8.8,2026-01-01
No ,48.0,yes,0,0.0,0.0,203.3,104,53.78,11.11,12.2,2025-09-26
No,167.0,yes,0,0.0,3.0,218.0,92,57.52,12.08,4.9,2023-06-13
Si,97.0,n0,0,,1.0,276.2,121,64.84,9.7,7.0,2024-10-17
No ,90.0,YES,0,0.0,2.0,208.9,122,45.67,6.44,8.8,2024-12-01
0,99.0,yes,1,3.62,0.0,93.9,86,74.23,13.04,13.3,2024-10-03
No,137.0,yes ,1,2.16,2.0,136.1,104,62.46,11.17,7.9,2024-01-11
No,102.0,yes ,1,3.07,5.0,193.0,111,85.45,11.92,11.4,2024-09-12
False,80.0,YES,0,0.0,1.0,220.9,120,58.09,11.37,8.8,2025-02-12
False,32.0,yes,1,2.58,2.0,85.3,125,56.62,8.74,9.7,2026-01-16
NO,79.0,YES,0,0.0,0.0,220.2,129,63.02,11.97,6.4,2025-02-16
NO,65.0,No,0,0.0,1.0,151.2,114,34.75,5.23,12.1,2025-05-29
No,29.0,yes,0,,1.0,202.7,114,53.95,8.99,9.5,2026-02-02
0,33.0,YES,0,0.0,0.0,264.6,100,64.94,11.73,12.9,2026-01-07
0,199.0,yes,0,0.0,2.0,176.5,88,54.04,13.48,14.0,2022-11-04
0,63.0,Yes,0,0.0,1.0,187.9,89,49.69,9.54,13.3,2025-06-08
0,98.0,yess,0,0.0,3.0,205.0,101,47.02,6.75,10.3,2024-10-05
no,,Yes,0,0.0,1.0,186.3,117,53.41,12.03,15.2,
No,60.0,yes,0,0.0,3.0,220.7,85,52.76,9.2,6.5,2025-07-04
No,12.0,yes,0,0.0,3.0,206.5,90,49.2,7.82,13.3,
No ,192.0,yess,0,0.0,2.0,149.5,97,36.69,5.92,9.2,2022-12-20
NO,90.0,yes,0,0.0,0.0,198.8,85,54.3,11.73,11.8,2024-12-05
0,24.0,yes ,1,3.15,1.0,69.9,94,60.6,10.5,11.3,2026-03-07
0,69.0,yes,1,3.2,1.0,114.1,102,63.94,7.35,11.9,2025-05-01
0,117.0,yes,1,1.44,1.0,175.8,99,60.8,9.74,5.3,2024-05-26
No,41.0,yes,0,0.0,1.0,188.6,84,54.96,13.63,9.8,2025-11-12
No ,8.0,yes,1,3.16,3.0,140.2,77,75.15,10.48,11.9,2026-07-01
False,121.0,yes ,0,,0.0,214.1,94,53.07,9.46,13.5,2024-05-02
0,8.0,yes,0,0.0,0.0,175.8,119,39.43,4.77,10.6,2026-07-03
No,,yess,0,0.0,0.0,163.9,87,46.25,10.68,10.9,2023-10-26
No,45.0,Yes,1,2.15,1.0,192.9,92,77.44,12.68,7.7,2025-10-12
No,176.0,yes,0,0.0,1.0,153.0,83,44.48,10.85,13.7,
No,99.0,yes,0,0.0,0.0,172.9,78,50.1,11.88,8.6,2024-10-04
No,149.0,yes,0,0.0,1.0,158.6,108,46.92,10.79,12.5,2023-10-17
NO,67.0,Yes,0,0.0,3.0,193.5,104,52.67,11.62,13.0,2025-05-16
no,182.0,yes ,0,0.0,0.0,135.6,116,40.09,8.89,11.4,2023-02-28
No,93.0,yess,0,0.0,1.0,187.1,76,47.58,9.23,5.9,2024-11-12
no,186.0,no,1,3.3,2.0,134.0,59,74.06,10.07,12.4,2023-02-01
NO,49.0,yes ,0,0.0,1.0,169.3,124,41.4,6.59,11.6,2025-09-14
NO,175.0,yes,0,0.0,6.0,175.7,84,52.08,12.73,5.8,2023-04-15
No,204.0,YES,1,3.55,0.0,90.3,105,67.4,10.1,13.0,2022-09-28
NO,7.0,yes,0,0.0,2.0,244.4,115,61.1,9.65,13.5,2026-07-09
NO,73.0,yes,1,2.49,3.0,181.7,95,74.17,10.44,9.3,2025-04-03
1,13.0,YES,0,0.0,2.0,269.0,119,65.73,11.63,7.2,2026-05-24
si,8.0,Yes,0,0.0,2.0,233.9,135,63.88,13.72,10.0,2026-06-28
0,198.0,Yes,1,,1.0,146.3,73,56.08,12.32,4.1,2022-11-08
No,25.0,no,0,0.0,1.0,161.5,71,52.73,15.37,2.2,2026-02-28
False,67.0,YES,1,3.41,1.0,259.0,106,97.36,11.12,12.7,2025-05-16
No,177.0,Yes,0,0.0,0.0,154.2,93,49.09,13.27,12.4,2023-04-04
SI,37.0,yes,1,2.65,4.0,161.6,82,69.4,8.58,9.6,2025-12-10
0,95.0,yes,1,2.17,0.0,165.1,80,65.82,8.94,8.0,2024-11-01
NO,132.0,yes,1,3.3,1.0,253.7,128,100.79,14.24,12.5,2024-02-10
no,117.0,Yes,0,0.0,2.0,241.2,91,57.26,8.79,5.9,2024-05-28
No ,109.0,YES,0,0.0,,254.9,114,60.47,9.81,3.7,2024-07-25
False,63.0,yes,1,2.75,1.0,147.2,68,66.92,8.6,10.0,2025-06-11
no,62.0,Yes,0,0.0,2.0,174.9,81,46.91,9.8,9.8,2025-06-15
No ,38.0,yess,0,0.0,1.0,160.0,99,54.34,14.94,13.8,2025-11-30
0,99.0,yes,0,0.0,3.0,141.7,90,47.32,11.28,13.8,2024-09-29
NO,34.0,yes,1,3.36,1.0,219.3,142,89.58,10.61,12.2,2025-12-28
no,134.0,yes,1,2.0,0.0,243.8,94,81.55,10.96,7.5,2024-01-29
0,67.0,yes ,0,0.0,,216.2,91,58.41,10.77,11.3,2025-05-16
No,13.0,yes,0,0.0,2.0,220.0,73,52.35,8.42,8.9,2026-05-24
False,12.0,yes,0,,1.0,141.1,60,43.88,9.8,11.1,2026-06-04
no,,yes,0,0.0,1.0,177.6,111,54.93,14.27,12.9,
no,33.0,YES,0,0.0,1.0,178.2,123,44.98,7.3,9.8,2026-01-08
false,170.0,yes,0,0.0,2.0,243.4,98,48.81,4.18,13.7,2023-05-24
False,118.0,Yes,1,3.46,0.0,102.0,78,71.18,11.15,12.8,2024-05-24
No,17.0,YES,0,0.0,4.0,191.4,59,50.24,10.75,8.2,2026-05-01
0,25.0,yes,1,4.72,1.0,93.8,136,79.96,9.76,17.5,2026-03-03
no,,yess,0,0.0,0.0,207.6,91,51.58,9.72,13.0,2023-04-29
No,150.0,yes,0,0.0,0.0,126.0,101,42.75,10.31,6.1,2023-10-08
yes,92.0,no,0,0.0,0.0,259.0,111,,12.34,10.8,2024-11-20
False,93.0,n0,0,0.0,1.0,133.4,50,43.47,11.06,11.6,2024-11-10
NO,91.0,yes ,0,0.0,1.0,208.9,98,53.26,10.7,10.1,2024-11-29
no,,yes,0,0.0,1.0,133.1,101,41.0,10.21,11.1,
1,122.0,yes ,0,0.0,0.0,231.2,78,56.74,10.36,10.8,2024-04-21
No,174.0,yes,1,3.54,1.0,278.7,120,101.63,11.12,12.9,2023-04-27
No ,,yes ,0,0.0,1.0,157.5,73,32.84,3.26,10.2,2026-03-05
NO,35.0,Yes,0,0.0,2.0,160.0,93,45.76,10.16,15.1,2025-12-25
False,73.0,yes,1,2.93,2.0,186.9,105,80.92,10.86,11.2,2025-03-30
false,206.0,yes,1,2.43,2.0,220.9,106,76.32,7.62,9.1,2022-09-15
false,47.0,Yes,1,3.62,0.0,197.5,98,85.15,8.74,13.3,2025-09-27
NO,9.0,yes ,0,0.0,1.0,195.0,86,46.38,8.45,9.5,2026-06-23
no,190.0,yes,0,0.0,0.0,69.8,89,37.9,15.1,8.5,2023-01-01
No,153.0,Yes,0,0.0,1.0,146.9,114,49.58,13.72,12.5,2023-09-19
No ,170.0,yes,1,3.04,1.0,181.9,115,,6.2,11.2,2023-05-21
0,35.0,yes,0,0.0,1.0,226.7,106,59.13,10.63,13.1,2025-12-26
true,166.0,yes,0,0.0,4.0,178.6,100,,8.39,13.9,2023-06-18
false,36.0,yes ,0,0.0,2.0,160.9,124,49.18,12.47,7.2,2025-12-14
SI,61.0,yes,0,0.0,0.0,299.6,125,71.5,11.22,13.7,2025-06-22
No ,185.0,yess,1,2.4,2.0,212.9,128,74.71,8.11,8.7,2023-02-09
False,138.0,yes ,0,0.0,1.0,152.1,105,48.0,12.73,9.4,2024-01-05
No,107.0,YES,0,0.0,3.0,157.6,105,41.79,8.55,8.7,2024-08-04
No ,130.0,no,0,0.0,2.0,217.6,72,52.35,9.32,3.4,2024-02-29
0,121.0,yess,1,1.85,1.0,113.1,83,59.07,12.03,6.9,2024-05-02
False,69.0,YES,0,0.0,0.0,252.4,73,61.53,10.93,9.8,2025-05-01
False,75.0,yess,0,0.0,2.0,168.9,93,48.22,11.6,9.0,2025-03-19
No ,102.0,yess,1,0.1,1.0,166.8,121,44.77,9.27,0.0,2024-09-10
No ,165.0,yes,0,,3.0,123.1,82,38.17,10.14,6.7,2023-06-27
No,174.0,yes,0,0.0,3.0,204.9,88,59.8,14.43,8.7,2023-04-22
no,42.0,Yes,0,0.0,0.0,142.9,90,42.37,9.28,12.4,2025-11-02
false,19.0,yes,0,0.0,0.0,131.1,83,33.95,6.63,11.2,2026-04-11
yes,13.0,YES,1,3.83,2.0,174.4,79,85.86,10.39,13.9,2026-05-27
0,136.0,yes,0,0.0,3.0,203.8,90,49.03,7.87,13.4,2024-01-18
No ,78.0,yes,0,0.0,0.0,156.3,93,49.93,13.34,12.4,2025-02-25
NO,68.0,YES,0,0.0,,208.7,87,59.26,12.62,12.6,2025-05-07
True,173.0,NO,0,0.0,3.0,158.6,71,45.76,10.17,9.9,2023-05-01
No,48.0,yes ,0,,1.0,217.1,110,56.29,11.74,2.6,2025-09-26
False,85.0,yes,0,0.0,1.0,216.6,116,55.22,10.37,8.2,2025-01-05
yes,171.0,yes,1,4.28,2.0,149.5,62,91.03,13.0,15.7,2023-05-18
no,196.0,yess,0,0.0,3.0,208.8,86,59.9,13.97,11.1,2022-11-23
No,132.0,yes,0,0.0,2.0,128.9,97,39.0,6.86,7.7,2024-02-13
no,44.0,yes,0,0.0,2.0,221.6,100,56.36,10.12,6.9,2025-10-19
false,94.0,yes,0,0.0,2.0,177.6,93,55.52,14.18,12.0,2024-11-07
No ,105.0,yes,0,0.0,1.0,244.0,130,58.42,9.6,9.2,2024-08-23
NO,99.0,yes ,0,0.0,0.0,58.1,96,28.21,10.07,10.4,
SI,202.0,yess,0,0.0,2.0,236.0,135,63.97,13.76,10.0,2022-10-13
False,199.0,yes,0,0.0,1.0,141.1,121,39.25,8.71,9.9,2022-11-03
No ,98.0,yess,0,0.0,3.0,197.9,74,55.84,11.39,13.7,2024-10-05
0,98.0,yess,1,2.79,0.0,148.8,104,68.07,8.21,10.4,2024-10-09
no,67.0,yes ,0,0.0,1.0,129.3,64,42.01,11.35,10.0,2025-05-13
false,,yes ,0,0.0,3.0,176.2,131,40.27,5.82,6.4,2023-08-03
no,87.0,Yes,0,0.0,2.0,189.0,110,48.78,9.84,4.6,2024-12-22
False,104.0,yes,0,0.0,1.0,262.6,128,,11.04,9.7,2024-08-24
yes,89.0,yes ,0,0.0,4.0,86.3,113,33.63,11.12,11.6,2024-12-13
No ,23.0,YES,0,0.0,,150.5,96,44.98,10.46,4.9,2026-03-18
NO,202.0,yes,0,,1.0,212.3,80,54.54,8.89,15.5,2022-10-13
No ,51.0,n0,0,0.0,0.0,174.8,87,44.93,7.36,5.6,2025-09-02
NO,132.0,yes,0,0.0,1.0,197.7,115,51.72,10.47,15.1,2024-02-14
No,131.0,yes,0,0.0,1.0,200.8,84,55.14,10.59,7.6,2024-02-17
False,137.0,yes ,0,0.0,2.0,294.7,88,64.21,8.06,10.0,2024-01-12
0,126.0,yes,0,0.0,1.0,205.5,121,56.62,11.93,5.1,2024-03-27
No,14.0,yes,0,0.0,1.0,240.7,77,56.43,9.27,12.8,2026-05-16
No ,145.0,YES,0,0.0,1.0,174.9,67,52.43,12.27,10.2,11/11/2023
SI,163.0,Yes,0,0.0,0.0,229.7,105,54.77,9.06,11.7,2023-07-14
0,127.0,yes,0,0.0,2.0,152.0,52,50.1,12.39,7.0,2024-03-18
no,63.0,yes,0,,1.0,194.9,71,43.78,6.49,14.3,2025-06-09
NO,5.0,YES,0,0.0,1.0,184.8,142,53.24,12.35,8.7,2026-07-21
False,132.0,yes,0,0.0,3.0,207.0,124,51.12,9.06,12.2,2024-02-14
YES,131.0,yes,0,0.0,2.0,324.3,106,76.89,12.54,11.2,2024-02-19
0,58.0,yes ,0,0.0,2.0,241.6,113,56.68,8.58,11.1,2025-07-18
no,132.0,yes,1,2.89,0.0,171.1,109,71.34,6.94,10.8,2024-02-10
No,73.0,YES,0,0.0,1.0,140.2,121,39.27,8.68,9.9,2025-04-04
No ,63.0,yes,1,3.21,2.0,118.5,117,71.32,10.89,12.0,2025-06-09
false,,yes,0,0.0,1.0,151.3,119,46.04,11.54,12.1,
No,95.0,yes,1,3.91,2.0,282.0,103,,11.16,14.5,2024-10-28
0,125.0,yes,1,4.35,0.0,235.1,88,93.99,5.67,16.2,2024-04-05
false,87.0,Yes,1,2.34,1.0,151.6,91,62.88,7.93,8.5,2024-12-22
False,64.0,YES,0,0.0,1.0,62.6,157,39.27,15.34,12.4,2025-06-04
NO,,yes,0,0.0,2.0,107.0,95,32.07,7.61,9.8,2023-08-28
No,86.0,yess,0,0.0,2.0,153.1,106,41.4,8.75,11.9,2024-12-28
NO,32.0,YES,1,3.34,1.0,251.7,127,101.85,14.19,12.2,2026-01-16
No ,151.0,yes,0,0.0,2.0,140.8,131,37.42,7.49,7.0,2023-09-30
no,81.0,yes,1,0.66,0.0,178.3,85,56.09,11.1,2.4,2025-02-05
NO,135.0,yess,0,0.0,1.0,222.1,105,52.48,8.8,7.5,2024-01-25
no,0.0,yes,0,0.0,,193.4,61,52.61,11.42,15.3,2026-08-23
False,103.0,yes,0,0.0,2.0,186.2,98,59.6,16.32,7.4,2024-09-06
No,169.0,YES,1,2.14,0.0,218.3,87,75.54,9.97,8.3,2023-06-01
No ,31.0,yes ,0,0.0,1.0,162.5,135,41.16,7.25,12.6,2026-01-20
No,116.0,yes,0,0.0,1.0,223.4,81,50.15,6.42,15.9,2024-06-07
yes,181.0,no,1,,0.0,182.3,59,94.98,10.76,16.7,2023-03-06
NO,141.0,Yes,1,3.04,0.0,184.0,101,79.31,9.12,11.6,2023-12-14
No,24.0,yes ,0,0.0,2.0,155.6,106,41.5,8.66,11.7,2026-03-09
False,120.0,yes,0,0.0,3.0,237.3,97,56.0,9.71,7.2,2024-05-06
No,158.0,yess,0,0.0,2.0,147.5,98,43.32,10.46,8.6,2023-08-16
False,172.0,yess,0,,2.0,117.6,81,36.99,9.16,10.9,2023-05-06
No,71.0,yes,1,2.84,1.0,152.0,74,70.01,8.28,10.8,2025-04-14
0,8.0,yes,0,0.0,0.0,130.2,76,34.07,6.49,12.9,2026-06-29
no,21.0,YES,0,0.0,0.0,205.7,65,55.98,11.99,11.7,2026-04-02
false,146.0,YES,1,2.28,2.0,122.3,97,62.35,10.63,8.5,2023-11-04
true,66.0,NO,1,2.39,5.0,162.3,95,69.4,10.61,8.6,2025-05-19
SI,68.0,No,0,0.0,1.0,173.8,99,,8.12,5.0,2025-05-07
No,4.0,yess,1,2.78,1.0,124.8,101,66.91,9.9,10.3,2026-07-26
Yes,176.0,YES,0,0.0,3.0,230.8,73,68.39,16.37,10.9,2023-04-09
False,155.0,Yes,1,2.99,0.0,57.0,102,48.95,4.97,11.1,2023-09-05
No,120.0,yes,1,2.38,,139.6,70,76.78,16.73,8.8,2024-05-09
No ,178.0,yes,1,3.26,0.0,198.0,83,93.74,15.61,11.8,2023-03-31
NO,24.0,yes,0,0.0,2.0,136.6,85,48.02,14.44,14.1,2026-03-11
No,182.0,yes,0,0.0,,148.3,104,42.28,9.81,9.2,2023-02-25
Yes,187.0,yes ,0,0.0,4.0,200.9,66,46.04,6.8,10.9,2023-01-23
Yes,69.0,yes,0,0.0,,220.7,111,64.5,13.97,7.1,2025-04-29
yes,121.0,no ,0,0.0,2.0,144.8,89,40.13,8.63,16.6,2024-04-30
No,131.0,yess,1,3.4,999.0,101.1,79,71.91,11.23,12.8,2024-02-21
NO,53.0,YES,0,0.0,1.0,212.1,117,55.01,10.44,12.0,2025-08-17
false,47.0,yes,0,,1.0,228.9,67,60.16,12.3,7.6,2025-09-29
No,73.0,yes,0,0.0,2.0,111.5,103,29.5,3.89,0.0,2025-04-04
No,110.0,yess,0,0.0,3.0,159.2,107,43.12,8.57,8.9,2024-07-18
NO,53.0,yess,1,3.32,0.0,184.9,138,80.24,9.01,12.3,2025-08-16
No,91.0,yes,0,0.0,2.0,101.6,117,26.47,5.68,11.4,2024-11-26
YES,158.0,yes,0,0.0,4.0,142.8,80,31.27,4.36,8.8,2023-08-12
NO,21.0,yes,0,0.0,2.0,103.3,90,39.23,12.35,9.1,2026-04-01
false,168.0,yes,0,0.0,3.0,135.3,103,40.8,10.21,11.4,2023-06-07
0,34.0,yes,0,0.0,1.0,164.4,105,46.15,10.32,11.3,2025-12-28
False,162.0,yes ,1,,1.0,166.1,139,,5.72,12.1,2023-07-21
No,142.0,Yes,0,0.0,1.0,86.9,108,39.01,13.73,12.8,2023-12-06
false,197.0,yess,0,0.0,0.0,145.2,86,43.54,10.6,9.4,2022-11-16
0,150.0,yess,0,0.0,0.0,153.3,103,48.52,13.81,9.1,2023-10-12
No,96.0,no,0,0.0,3.0,257.7,89,64.13,11.46,9.1,2024-10-20
Yes,62.0,Yes,0,0.0,3.0,269.1,103,65.38,9.62,8.8,2025-06-16
no,189.0,yes,1,3.52,,209.7,90,91.83,12.05,13.1,2023-01-07
No,172.0,yes,0,0.0,2.0,233.5,101,57.09,10.05,13.0,2023-05-08
False,181.0,yes,1,2.47,2.0,191.7,81,72.04,8.27,9.0,2023-03-10
YES,,yess,0,0.0,2.0,277.6,139,67.48,11.47,12.9,2022-09-27
No,87.0,yess,1,2.39,2.0,198.7,102,70.65,5.88,8.9,2024-12-27
Yes,152.0,no,0,0.0,1.0,232.6,141,62.97,13.16,9.6,2023-09-28
No,204.0,yes ,1,3.78,2.0,244.1,126,103.27,13.64,14.1,2022-09-27
0,158.0,yes,1,4.01,2.0,204.2,79,87.33,6.53,14.8,2023-08-12
False,9.0,yes,0,0.0,0.0,163.9,78,46.06,10.29,12.2,2026-06-24
no,10.0,Yes,1,4.13,0.0,233.9,73,102.04,11.38,15.3,2026-06-18
NO,55.0,yes,1,3.07,1.0,248.0,93,86.93,8.55,11.2,2025-08-05
No,0.0,YES,0,0.0,1.0,236.6,82,53.66,7.72,11.1,2026-08-26
0,88.0,yess,0,0.0,1.0,71.4,116,23.75,6.78,6.3,2024-12-14
No,1.0,yes,0,0.0,2.0,183.2,116,50.5,11.22,12.5,2026-08-20
Si,174.0,no,0,0.0,2.0,190.3,121,51.17,11.17,13.9,2023-04-25
False,108.0,YES,1,2.91,1.0,90.7,87,56.82,6.89,10.7,2024-07-30
NO,33.0,No,0,0.0,0.0,175.9,86,43.69,7.28,5.7,2026-01-09
no,98.0,Yes,1,3.71,1.0,197.7,138,95.1,14.08,13.8,2024-10-11
YES,75.0,No,0,0.0,2.0,131.4,113,46.07,13.2,9.4,2025-03-18
False,152.0,yes ,0,0.0,0.0,56.1,95,28.79,10.16,10.5,2023-09-24
0,62.0,YES,0,0.0,1.0,165.5,129,46.8,10.59,9.8,2025-06-15
No ,57.0,yes,1,2.53,3.0,238.0,105,79.41,8.77,9.1,2025-07-22
no,87.0,yes,0,0.0,1.0,161.6,82,43.92,7.55,14.2,2024-12-26
0,166.0,Yes,0,0.0,2.0,148.9,95,43.13,10.51,9.0,2023-06-18
0,97.0,yes,1,3.22,4.0,272.7,96,96.6,10.96,11.8,2024-10-15
False,127.0,YES,1,1.9,1.0,205.5,85,80.4,14.89,7.0,2024-03-22
no,62.0,yes,0,0.0,3.0,138.2,140,40.29,9.46,11.7,2025-06-19
No ,111.0,yes ,0,0.0,1.0,153.0,79,45.98,9.84,9.9,2024-07-07
False,113.0,Yes,1,3.51,4.0,209.7,90,92.66,12.07,13.2,2024-06-26
NO,107.0,yess,0,0.0,0.0,173.8,79,50.77,11.82,8.6,2024-08-03
NO,126.0,Yes,0,0.0,0.0,215.2,78,58.4,13.32,15.7,
true,177.0,yes,0,0.0,1.0,216.8,90,55.59,10.98,10.3,2023-04-06
No,49.0,yes,1,2.36,1.0,214.4,96,72.21,6.94,8.6,2025-09-13
false,79.0,yes,0,0.0,2.0,112.2,53,36.17,10.63,7.9,2025-02-17
0,113.0,Yes,0,0.0,1.0,146.2,89,43.14,10.08,13.7,
no,30.0,Yes,1,1.89,0.0,213.1,101,69.22,7.11,7.2,2026-01-24
No,33.0,yes ,0,0.0,1.0,202.5,98,59.94,15.21,13.2,2026-01-07
SI,55.0,No,0,0.0,5.0,218.1,107,67.21,18.25,17.0,2025-08-07
False,100.0,YES,1,3.18,0.0,71.3,57,55.0,6.28,11.6,2024-09-26
no,76.0,yes,1,4.05,2.0,118.1,97,75.81,8.27,15.3,2025-03-14
No,26.0,yes,1,2.7,2.0,137.7,99,65.15,8.98,10.1,2026-02-24
No,136.0,n0,1,2.5,0.0,218.6,138,75.36,7.28,9.5,2024-01-14
No,47.0,Yes,0,0.0,0.0,197.0,102,44.32,5.95,9.2,2025-09-28
0,107.0,yes,1,2.1,1.0,140.8,115,60.34,8.28,7.7,2024-08-03
False,103.0,yes,0,0.0,4.0,209.2,126,57.12,12.4,14.5,2024-09-05
False,161.0,yess,0,0.0,3.0,223.6,98,51.06,7.4,8.9,2023-07-25
Si,134.0,yes ,0,,4.0,0.0,0,,8.02,6.7,2024-01-28
false,43.0,NO,0,0.0,0.0,254.3,124,56.73,7.06,11.7,2025-10-30
No,25.0,yes,1,3.02,0.0,142.9,106,74.24,11.09,11.2,2026-03-02
False,49.0,Yes,1,2.6,0.0,221.7,101,82.09,9.64,9.5,2025-09-17
false,183.0,Yes,0,0.0,4.0,177.2,92,43.47,7.09,12.7,2023-02-24
No,195.0,yes,0,0.0,2.0,203.7,96,49.05,8.55,13.6,2022-11-30
False,78.0,Yes,1,2.36,2.0,207.5,98,70.04,7.05,8.7,2025-02-28
No,58.0,yes,1,1.67,3.0,192.5,84,68.48,11.02,6.0,2025-07-13
NO,101.0,yes,0,0.0,1.0,164.5,132,49.59,12.54,12.5,2024-09-20
NO,58.0,Yes,0,0.0,0.0,137.1,76,39.67,9.82,5.8,2025-07-16
si,191.0,yes,0,0.0,5.0,266.0,145,,15.79,14.4,2022-12-24
NO,94.0,yes,0,0.0,1.0,109.4,120,39.37,11.81,13.1,2024-11-02
No,81.0,yes ,1,3.31,1.0,250.9,129,102.07,14.08,12.3,2025-02-03
No,3.0,YES,0,0.0,1.0,154.1,88,50.7,13.87,9.2,2026-08-03
No,106.0,YES,1,3.26,0.0,226.1,96,87.83,9.39,12.0,2024-08-15
False,128.0,yes,0,0.0,0.0,117.1,100,38.61,10.98,10.9,2024-03-09
No,38.0,yess,0,0.0,3.0,216.3,92,53.39,8.29,14.2,2025-12-01
1,11.0,no,1,2.3,5.0,156.9,95,69.39,10.45,8.9,2026-06-06
No ,155.0,yes ,1,2.37,1.0,225.8,113,74.73,7.22,8.9,2023-09-06
No,168.0,no,0,0.0,2.0,150.7,138,39.75,7.9,8.7,2023-06-05
No,120.0,no,0,0.0,0.0,222.4,100,63.51,13.3,6.3,2024-05-04
False,,yess,0,0.0,1.0,126.7,67,38.11,9.08,10.6,2023-09-24
NO,45.0,YES,0,0.0,2.0,185.3,87,54.78,11.18,11.4,
no,77.0,yes,0,0.0,2.0,141.8,130,48.86,14.43,9.8,2025-03-03
No,9.0,Yes,1,2.43,3.0,208.1,142,71.5,6.22,9.2,2026-06-23
No,141.0,Yes,1,2.08,1.0,213.0,122,85.77,16.32,8.0,2023-12-15
NO,163.0,yess,1,2.0,3.0,219.3,87,86.94,17.35,7.5,2023-07-14
SI,159.0,yes,0,0.0,1.0,258.8,122,63.15,10.65,9.1,2023-08-08
NO,17.0,yess,1,2.92,6.0,210.9,115,81.48,9.68,10.7,2026-04-29
Si,40.0,yes,0,0.0,1.0,327.7,105,71.79,7.59,8.7,2025-11-16
Yes,38.0,no,0,0.0,,141.5,100,43.57,9.74,9.6,2025-11-29
no,73.0,yes,0,0.0,4.0,185.9,79,52.63,12.16,7.6,2025-03-30
No ,182.0,yes,1,2.77,3.0,245.7,108,81.82,6.44,10.3,2023-02-25
false,180.0,yess,0,0.0,2.0,226.2,92,61.62,10.64,9.1,2023-03-16
No,102.0,yes,0,0.0,3.0,185.7,119,47.94,10.21,14.1,2024-09-13
no,81.0,yes,1,2.04,1.0,201.9,80,65.68,6.45,7.6,2025-02-02
0,132.0,yes,0,0.0,1.0,75.5,70,34.01,12.02,12.3,2024-02-13
false,194.0,yes,1,2.88,1.0,155.6,130,77.01,12.32,10.7,2022-12-05
No,100.0,yes,0,0.0,0.0,170.4,119,47.01,10.18,13.8,
Yes,139.0,yes,1,2.8,2.0,104.4,77,61.53,9.0,10.2,2023-12-29
False,15.0,yes ,0,0.0,3.0,132.5,122,29.4,3.31,9.9,2026-05-13
0,86.0,yes,0,0.0,0.0,233.6,108,54.18,7.72,12.0,2024-12-28
False,48.0,yes,1,3.99,1.0,193.3,96,93.4,11.96,15.0,2025-09-22
false,32.0,yes,1,2.07,1.0,234.9,124,82.01,11.81,7.8,2026-01-15
No,190.0,yes,1,2.33,2.0,103.8,81,57.56,9.86,8.5,2023-01-01
No,159.0,YES,0,0.0,0.0,178.2,146,44.54,8.11,9.3,2023-08-08
0,48.0,YES,0,0.0,1.0,223.0,106,52.1,8.97,7.4,2025-09-26
NO,84.0,yes,0,0.0,,132.0,115,48.07,14.77,6.7,2025-01-13
No,82.0,yes,1,3.52,2.0,191.7,75,90.32,13.4,12.7,2025-01-27
Yes,35.0,yess,0,0.0,2.0,326.7,67,74.31,8.83,10.7,2025-12-26
False,106.0,yess,0,0.0,1.0,263.6,86,67.41,12.97,5.8,2024-08-14
No ,102.0,yess,1,3.39,,155.5,99,81.5,12.01,12.6,2024-09-10
No,29.0,yes,0,0.0,1.0,141.7,92,42.71,10.55,11.9,2026-02-02
Yes,183.0,No,0,0.0,0.0,253.7,117,61.06,9.95,11.0,2023-02-20
0,109.0,yess,0,0.0,1.0,98.9,77,38.02,12.45,14.3,2024-07-25
true,182.0,yes ,0,0.0,6.0,68.1,93,30.57,10.68,9.4,2023-03-03
False,87.0,yes ,0,0.0,1.0,131.7,102,39.32,10.42,14.3,2024-12-21
0,191.0,yes,0,0.0,4.0,174.4,112,53.49,13.26,0.0,2022-12-29
No,56.0,yess,0,,1.0,234.4,64,59.17,10.4,9.2,2025-07-31
false,188.0,YES,0,0.0,0.0,230.5,86,56.28,9.15,6.3,2023-01-20
No,163.0,yess,1,3.28,3.0,314.8,105,103.77,10.29,11.9,2023-07-12
No,202.0,yess,0,0.0,3.0,146.7,63,48.94,13.67,8.9,2022-10-12
No ,46.0,yes,0,0.0,4.0,200.1,85,50.9,9.63,14.2,2025-10-07
No ,69.0,yes,0,0.0,3.0,202.5,114,57.18,11.48,10.1,2025-05-01
0,99.0,yes,1,3.62,0.0,93.9,86,74.23,13.04,13.3,2024-10-03
No,149.0,yes,0,0.0,0.0,162.6,88,51.67,14.08,8.7,2023-10-16
False,11.0,YES,0,0.0,1.0,218.8,75,52.01,8.65,7.9,2026-06-09
False,136.0,yes,0,0.0,5.0,217.8,74,52.69,9.66,10.0,2024-01-19
YES,138.0,YES,0,0.0,6.0,165.9,76,42.63,6.66,9.4,2024-01-03
0,52.0,yess,1,2.08,3.0,242.4,70,79.33,10.13,7.7,2025-08-24
no,132.0,Yes,1,2.52,3.0,206.1,142,72.41,6.35,9.3,2024-02-15
No,167.0,yes,0,0.0,1.0,211.9,71,58.68,11.29,7.0,2023-06-14
1,137.0,n0,0,0.0,1.0,89.6,93,45.41,16.92,7.8,2024-01-08
0,37.0,Yes,0,0.0,4.0,186.3,36,56.27,13.9,5.7,2025-12-07
no,54.0,Yes,0,0.0,1.0,184.8,126,50.43,10.47,15.1,2025-08-10
False,54.0,Yes,1,3.25,1.0,176.7,119,82.33,10.88,12.2,2025-08-09
SI,147.0,yes,1,2.78,2.0,107.2,77,62.63,9.06,10.4,2023-10-28
No ,184.0,yes,0,0.0,,106.5,113,37.45,8.42,9.2,2023-02-15
No ,61.0,yes,1,3.24,1.0,249.1,90,,6.05,12.1,2025-06-21
False,,yes,0,0.0,3.0,77.9,116,34.45,12.5,9.5,2023-09-23
No,80.0,YES,0,0.0,0.0,203.5,81,53.23,11.54,16.5,2025-02-10
0,79.0,yes,0,0.0,3.0,136.6,98,48.28,12.38,14.8,2025-02-18
False,30.0,yes ,0,0.0,1.0,135.3,133,40.76,10.35,8.1,2026-01-27
No,39.0,yes ,0,0.0,2.0,184.8,109,48.68,9.92,10.3,2025-11-25
NO,110.0,YES,0,0.0,0.0,177.8,115,55.79,14.58,9.8,2024-07-13
NO,201.0,yes ,0,0.0,1.0,132.8,119,32.65,6.12,8.6,2022-10-16
No,191.0,yes,0,0.0,0.0,56.7,65,31.76,12.08,11.2,2022-12-28
0,183.0,yes,0,0.0,2.0,109.0,87,30.45,6.98,11.0,2023-02-20
No,135.0,yes,0,0.0,2.0,157.8,87,51.96,12.92,7.0,2024-01-26
0,59.0,yess,0,0.0,2.0,241.2,115,56.5,8.26,11.1,2025-07-11
false,78.0,yes,0,0.0,0.0,185.9,133,53.72,11.69,16.9,2025-02-26
false,131.0,yes ,0,0.0,2.0,153.8,104,44.0,10.08,9.7,2024-02-17
No,123.0,yess,0,0.0,2.0,212.8,73,52.77,9.62,8.8,2024-04-14
false,141.0,yes,0,0.0,2.0,98.6,98,32.07,9.7,9.8,2023-12-11
YES,75.0,No,0,0.0,2.0,131.4,113,46.07,13.2,9.4,2025-03-18
Yes,161.0,no,1,3.17,3.0,164.0,92,83.43,14.0,11.7,2023-07-25
0,9.0,yes,0,0.0,1.0,165.2,131,49.43,12.42,12.6,2026-06-24
0,155.0,yes ,0,0.0,1.0,115.6,86,29.0,5.57,7.0,2023-09-04
no,155.0,yes,0,0.0,1.0,107.9,106,45.05,14.35,4.9,2023-09-07
False,73.0,yes,1,2.93,2.0,186.9,105,80.92,10.86,11.2,2025-03-30
NO,185.0,yes ,0,0.0,1.0,49.6,120,20.54,7.14,12.2,2023-02-08
No ,161.0,yes,0,0.0,0.0,228.1,88,54.94,9.13,12.6,2023-07-23
False,43.0,yes,0,0.0,1.0,163.6,120,49.19,12.52,9.1,2025-10-28
NO,147.0,YES,0,0.0,0.0,158.1,94,50.47,13.95,8.8,2023-10-29
No ,135.0,yes,0,0.0,1.0,131.1,69,41.01,10.42,11.1,2024-01-24
False,71.0,Yes,0,0.0,2.0,145.0,130,48.86,14.46,9.7,2025-04-17
No,,yes,0,0.0,0.0,146.5,91,42.59,9.43,12.2,2024-07-20
No,176.0,yes,0,0.0,2.0,66.2,97,25.51,8.34,14.0,2023-04-09
No,159.0,yes,0,0.0,2.0,155.5,103,44.52,10.12,9.7,2023-08-07
No,177.0,yes,0,0.0,0.0,212.6,103,54.6,10.4,5.6,2023-04-05
No ,100.0,yes ,1,2.86,1.0,142.4,104,61.08,4.37,10.9,2024-09-25
0,155.0,yes,0,0.0,0.0,168.3,126,40.51,7.11,11.7,2023-09-07
No,114.0,yes,0,0.0,1.0,138.3,131,44.62,10.32,8.0,2024-06-20
No,143.0,yes,0,0.0,1.0,184.4,84,54.5,13.5,10.0,2023-11-25
No ,56.0,YES,0,0.0,0.0,143.1,87,43.44,10.62,9.3,2025-08-01
NO,202.0,yes,1,1.22,0.0,164.2,104,51.32,6.65,4.4,2022-10-10
False,167.0,yes,0,0.0,2.0,178.2,77,48.68,10.68,9.2,2023-06-11
No,107.0,yes,1,,4.0,248.0,69,86.98,10.33,9.8,2024-08-03
Si,197.0,Yes,0,0.0,2.0,296.3,140,70.03,11.01,12.9,2022-11-14
No,192.0,yess,1,3.7,0.0,200.4,93,84.88,7.75,13.8,2022-12-18
NO,120.0,yes,1,3.42,3.0,199.1,86,86.48,10.34,12.6,2024-05-07
No,120.0,YES,1,2.64,2.0,193.6,104,78.96,11.87,9.7,2024-05-10
No,127.0,yes,0,0.0,0.0,207.1,89,50.66,6.78,9.9,2024-03-20
false,130.0,No,0,0.0,3.0,111.1,54,37.77,11.24,10.0,2024-02-28
0,77.0,yes,1,2.34,4.0,226.5,93,77.7,9.62,8.5,2025-03-06
0,136.0,yes,0,0.0,3.0,203.8,90,49.03,7.87,13.4,2024-01-18
True,152.0,yes,0,0.0,3.0,230.1,101,64.0,13.83,12.3,2023-09-29
0,54.0,yes,1,4.0,2.0,197.4,112,96.2,12.92,14.6,2025-08-14
yes,20.0,Yes,0,0.0,0.0,275.2,76,,8.81,8.4,2026-04-04
NO,132.0,yes,1,2.44,1.0,157.2,102,79.44,16.03,8.9,2024-02-15
no,153.0,yes ,1,2.82,1.0,216.7,128,90.35,14.59,10.7,2023-09-22
no,30.0,yes,0,0.0,3.0,129.9,119,47.02,14.49,14.0,2026-01-28
No,76.0,yes,0,0.0,0.0,38.4,77,33.02,13.34,10.0,2025-03-14
0,31.0,Yes,0,,0.0,243.2,129,59.09,8.15,11.8,2026-01-18
No ,1.0,yes,1,2.48,1.0,215.2,100,76.94,8.7,8.9,2026-08-21
No,161.0,yes ,0,0.0,2.0,215.6,66,56.15,11.1,3.1,2023-07-27
True,150.0,NO,0,,0.0,242.0,102,72.59,17.4,11.2,2023-10-08
No,104.0,yes ,0,0.0,3.0,100.4,97,29.9,7.43,10.1,2024-08-27
no,,yes,0,0.0,0.0,209.0,78,61.4,13.1,10.7,2024-10-26
Si,62.0,n0,0,0.0,0.0,274.1,123,63.55,7.75,9.4,2025-06-17
NO,65.0,yes,0,0.0,1.0,142.5,123,45.86,12.63,6.4,2025-05-24
false,70.0,Yes,0,0.0,0.0,217.2,92,56.4,10.82,11.5,2025-04-22
false,25.0,No,0,0.0,1.0,143.4,140,44.39,11.33,10.9,2026-03-03
False,10.0,Yes,0,0.0,1.0,194.2,89,49.98,9.85,8.5,2026-06-19
No,161.0,yes,0,0.0,1.0,204.1,91,48.92,7.55,14.6,2023-07-22
No,100.0,yes,0,0.0,,109.3,87,42.51,11.79,9.5,2024-09-26
false,15.0,yess,0,0.0,2.0,127.0,132,34.91,7.87,8.5,2026-05-11
No ,155.0,yess,0,0.0,2.0,103.3,118,35.64,10.75,10.4,2023-09-06
no,206.0,yes,0,0.0,0.0,221.0,124,47.58,5.58,10.8,2022-09-15
False,53.0,yes,0,0.0,0.0,175.9,64,46.53,9.83,10.6,2025-08-22
No,178.0,yes,0,0.0,,65.0,81,,11.57,8.5,2023-03-31
No,137.0,yes,0,,2.0,170.2,95,,7.57,4.5,2024-01-06
No,6.0,yes,0,0.0,3.0,117.4,89,37.38,10.21,10.4,2026-07-13
No,171.0,yes,0,0.0,3.0,195.3,114,52.35,11.59,3.8,2023-05-15
False,170.0,yes,0,0.0,0.0,174.1,103,48.88,8.61,8.5,2023-05-21
yes,119.0,no,0,0.0,3.0,135.0,106,39.33,9.14,12.9,2024-05-14
No,84.0,yes,0,0.0,2.0,56.1,106,32.08,11.4,10.4,2025-01-17
No,50.0,yes,0,0.0,0.0,193.4,100,46.13,7.3,6.6,2025-09-12
0,95.0,YES,0,0.0,2.0,91.9,127,31.27,8.94,14.0,2024-10-26
NO,197.0,yes,0,0.0,1.0,161.0,74,32.45,3.2,10.1,2022-11-18
no,8.0,yes,0,0.0,2.0,197.4,107,52.2,10.38,8.1,2026-06-27
Yes,,yes ,0,0.0,0.0,261.8,68,66.51,12.17,14.6,2025-03-25
1,157.0,Yes,0,,1.0,268.9,100,69.87,11.77,8.5,2023-08-20
No ,22.0,yes,1,2.56,1.0,290.4,52,89.59,8.31,9.6,2026-03-22
yes,71.0,yes,0,0.0,3.0,292.2,107,71.09,12.7,10.3,
0,,YES,0,0.0,1.0,202.8,69,54.3,11.46,14.3,
0,1.0,Yes,0,0.0,1.0,110.8,120,38.67,11.57,11.9,2026-08-21
No,129.0,yes,0,0.0,1.0,237.2,121,56.73,9.11,7.5,2024-03-04
No,188.0,yes,1,3.09,1.0,95.7,89,66.56,11.0,11.3,2023-01-20
NO,113.0,yess,1,3.04,2.0,111.7,90,67.61,10.37,11.1,2024-06-23
Yes,59.0,yes,0,0.0,1.0,190.0,104,54.87,12.27,10.4,2025-07-06
No,182.0,yes ,0,0.0,1.0,238.8,120,52.52,7.15,9.2,2023-03-03
no,54.0,yes,0,0.0,0.0,129.2,126,32.07,5.95,10.8,2025-08-10
False,142.0,yes ,0,0.0,1.0,143.1,90,39.15,6.74,13.1,2023-12-08
NO,137.0,yes ,0,0.0,2.0,185.2,92,49.72,10.58,8.5,2024-01-10
No ,56.0,no,0,0.0,1.0,271.1,120,,8.54,8.1,2025-07-30
no,171.0,yess,0,0.0,2.0,152.0,117,43.38,10.0,11.0,2023-05-15
No,45.0,yes,1,4.08,1.0,217.2,103,95.26,10.3,14.9,2025-10-13
No,197.0,yes,0,0.0,2.0,237.2,101,56.82,10.02,13.1,2022-11-17
No,108.0,Yes,1,3.04,1.0,110.4,87,69.14,11.29,11.1,2024-07-29
